replication,T,method,lower,upper,covers,length
1,500,PI,-0.62793453680119971,-0.1415586625326847,1,0.48637587426851503
1,500,Boot,-0.58914857438667512,-0.15498015535593404,1,0.4341684190307411
1,500,RS,-0.55156092283798031,-0.2179322764959041,1,0.33362864634207623
1,1000,PI,-0.62912029015924875,-0.32534250328900688,1,0.30377778687024187
1,1000,Boot,-0.63259642649511827,-0.30986399492136329,1,0.32273243157375497
1,1000,RS,-0.73887033612070319,-0.21559245732755244,1,0.52327787879315069
1,2000,PI,-0.57675382845735135,-0.37951516928604856,1,0.19723865917130279
1,2000,Boot,-0.56587582919238733,-0.3721893704202569,1,0.19368645877213042
1,2000,RS,-0.55818836960382112,-0.39808062813957878,1,0.16010774146424234
1,5000,PI,-0.54353115482117098,-0.42393741378463823,1,0.11959374103653275
1,5000,Boot,-0.53924009135208817,-0.41219116745223788,1,0.12704892389985029
1,5000,RS,-0.53935078461343577,-0.42811778399237349,1,0.11123300062106228
1,10000,PI,-0.50455408776820854,-0.42115102754033751,1,0.083403060227871029
1,10000,Boot,-0.49930719024920989,-0.42070931523958599,1,0.078597875009623897
1,10000,RS,-0.50267571572870051,-0.42302939957984548,1,0.079646316148855034
2,500,PI,-0.74546704330941349,-0.21466297228772796,1,0.53080407102168548
2,500,Boot,-0.69923871359413403,-0.28784255579994344,1,0.41139615779419059
2,500,RS,-0.68032293983115122,-0.27980707576599018,1,0.40051586406516104
2,1000,PI,-0.56362951349756329,-0.2645990922521147,1,0.2990304212454486
2,1000,Boot,-0.57063416178035276,-0.26948904001232793,1,0.30114512176802483
2,1000,RS,-0.53420664442959742,-0.29402196132008063,1,0.24018468310951679
2,2000,PI,-0.53783064833185767,-0.34166260019808703,1,0.19616804813377064
2,2000,Boot,-0.52302628796710171,-0.31571227958553283,1,0.20731400838156888
2,2000,RS,-0.49200654993988807,-0.38748669859005663,1,0.10451985134983144
2,5000,PI,-0.50279447180586079,-0.38216568358047404,1,0.12062878822538675
2,5000,Boot,-0.4980305654332432,-0.37804773512482748,1,0.11998283030841572
2,5000,RS,-0.47971062587557206,-0.40524952951076271,1,0.074461096364809354
2,10000,PI,-0.46828065725526768,-0.38515516565760455,1,0.083125491597663137
2,10000,Boot,-0.46294871839244828,-0.37752414714837262,1,0.085424571244075653
2,10000,RS,-0.48578026483048248,-0.36765555808238976,1,0.11812470674809272
3,500,PI,-0.70393658950068749,-0.25997890210971314,1,0.44395768739097435
3,500,Boot,-0.63816579231032122,-0.24481684007862822,1,0.39334895223169297
3,500,RS,-0.55458375346143796,-0.40933173814896262,1,0.14525201531247534
3,1000,PI,-0.56351660230176226,-0.27719249115746158,1,0.28632411114430067
3,1000,Boot,-0.5472488733213422,-0.28927668881826063,1,0.25797218450308157
3,1000,RS,-0.51435977699790192,-0.32634931646132193,1,0.18801046053657999
3,2000,PI,-0.48531654917697636,-0.29213467472157212,1,0.19318187445540425
3,2000,Boot,-0.47196966042674598,-0.27458266273427545,1,0.19738699769247053
3,2000,RS,-0.47540245860910413,-0.30204876528944435,1,0.17335369331965977
3,5000,PI,-0.49495359579518849,-0.37659540149527837,1,0.11835819429991012
3,5000,Boot,-0.49495400768820974,-0.37522657028257794,1,0.1197274374056318
3,5000,RS,-0.51834615734911482,-0.35320283994135204,1,0.16514331740776278
3,10000,PI,-0.50002716336816855,-0.41647914984141621,1,0.08354801352675234
3,10000,Boot,-0.49878187982388034,-0.4135923540352463,1,0.085189525788634035
3,10000,RS,-0.51807143126367361,-0.39843488194591109,1,0.11963654931776252
4,500,PI,-0.74011253204758787,-0.20849987287511546,1,0.53161265917247236
4,500,Boot,-0.66367468793866435,-0.23468641863333833,1,0.42898826930532602
4,500,RS,-0.56322692469627922,-0.38538548022642405,1,0.17784144446985517
4,1000,PI,-0.55937632538669158,-0.25595601087380226,1,0.30342031451288931
4,1000,Boot,-0.54885155061553625,-0.24753978759085668,1,0.30131176302467955
4,1000,RS,-0.52866021776672623,-0.28667211849376761,1,0.24198809927295861
4,2000,PI,-0.46596197097838499,-0.27196957807528632,1,0.19399239290309866
4,2000,Boot,-0.45357522614197848,-0.26913391051598851,1,0.18444131562598998
4,2000,RS,-0.45935310703330012,-0.27857844202037119,1,0.18077466501292894
4,5000,PI,-0.4822416222332474,-0.36057498609414906,1,0.12166663613909834
4,5000,Boot,-0.47799809746502764,-0.36383737437259611,1,0.11416072309243153
4,5000,RS,-0.48483749622376915,-0.35797911210362732,1,0.12685838412014183
4,10000,PI,-0.46428821504545215,-0.37975108572924399,1,0.084537129316208159
4,10000,Boot,-0.45508427005560087,-0.37307313878049847,1,0.0820111312751024
4,10000,RS,-0.44626241442882547,-0.39777688634587066,0,0.04848552808295481
5,500,PI,-0.69865510884804571,-0.19929589108749549,1,0.49935921776055026
5,500,Boot,-0.6201578485767324,-0.19457586540252003,1,0.42558198317421236
5,500,RS,-0.57853941825040178,-0.31941158168513939,1,0.25912783656526239
5,1000,PI,-0.65516259081332551,-0.35401781658419174,1,0.30114477422913377
5,1000,Boot,-0.62859142157569381,-0.33454653013327568,1,0.29404489144241813
5,1000,RS,-0.59916646590623091,-0.41001394149128628,1,0.18915252441494462
5,2000,PI,-0.55737999498337421,-0.36164968511154116,1,0.19573030987183304
5,2000,Boot,-0.55763701164314294,-0.36321501214927043,1,0.19442199949387251
5,2000,RS,-0.55135524206045872,-0.3676744380344566,1,0.18368080402600212
5,5000,PI,-0.54218882366406029,-0.42266227995575917,1,0.11952654370830113
5,5000,Boot,-0.53733259361204022,-0.41640173663803104,1,0.12093085697400918
5,5000,RS,-0.53390726136714162,-0.43094384225267773,1,0.10296341911446388
5,10000,PI,-0.53865819113375135,-0.45513290097116149,0,0.08352529016258986
5,10000,Boot,-0.5362484677404814,-0.45605688886273726,0,0.080191578877744141
5,10000,RS,-0.54376583957855751,-0.45002525252635528,0,0.093740587052202229
6,500,PI,-0.81780644338257868,-0.34498858586312148,1,0.47281785751945721
6,500,Boot,-0.78247339369248181,-0.38101754309118863,1,0.40145585060129318
6,500,RS,-0.73952756419348264,-0.42326746505221746,1,0.31626009914126518
6,1000,PI,-0.67988269457718309,-0.38808544224706798,1,0.29179725233011511
6,1000,Boot,-0.69210229693153003,-0.38577728791613708,1,0.30632500901539295
6,1000,RS,-0.67999822748101013,-0.38796990934324094,1,0.29202831813776919
6,2000,PI,-0.5710251247829965,-0.37396334607118414,1,0.19706177871181235
6,2000,Boot,-0.57413760243036682,-0.37504404733451197,1,0.19909355509585486
6,2000,RS,-0.59550633338438874,-0.34948213746979195,1,0.24602419591459679
6,5000,PI,-0.55140043265860295,-0.43010077193730278,1,0.12129966072130016
6,5000,Boot,-0.54323347169404701,-0.42658127801031565,1,0.11665219368373136
6,5000,RS,-0.52817587291135148,-0.45332533168455424,0,0.07485054122679724
6,10000,PI,-0.51370708564735856,-0.43001117747081602,1,0.083695908176542544
6,10000,Boot,-0.50777099283723681,-0.42333696321860864,1,0.08443402961862817
6,10000,RS,-0.51606704701304895,-0.42765121610512569,1,0.088415830907923265
7,500,PI,-0.56805272582241295,-0.13578303562206681,1,0.43226969020034611
7,500,Boot,-0.5450460312731118,-0.13322627998649503,1,0.41181975128661674
7,500,RS,-0.41586905906785743,-0.28796670237662236,0,0.12790235669123506
7,1000,PI,-0.53789946482980011,-0.25556234978192272,1,0.2823371150478774
7,1000,Boot,-0.54867749705976343,-0.25127749668353327,1,0.29740000037623016
7,1000,RS,-0.46284608638555641,-0.33061572822616642,1,0.13223035815938999
7,2000,PI,-0.50649959910975051,-0.31808527010529419,1,0.18841432900445632
7,2000,Boot,-0.50998093751590168,-0.32080425854605987,1,0.1891766789698418
7,2000,RS,-0.50805586889843335,-0.31652900031661135,1,0.191526868581822
7,5000,PI,-0.50722241366984921,-0.38924535535160559,1,0.11797705831824362
7,5000,Boot,-0.50194288543048426,-0.39273500612796469,1,0.10920787930251957
7,5000,RS,-0.52017051163711414,-0.37629725738434061,1,0.14387325425277353
7,10000,PI,-0.48914993792030775,-0.40529867723991814,1,0.083851260680389617
7,10000,Boot,-0.48102720463519771,-0.39982456176018111,1,0.081202642875016606
7,10000,RS,-0.47554069980558017,-0.41890791535464572,1,0.056632784450934448
8,500,PI,-0.63590279669702465,-0.20443775452700555,1,0.43146504217001913
8,500,Boot,-0.61438833647712154,-0.20935979082980122,1,0.40502854564732033
8,500,RS,-0.60116580087772986,-0.23917475034630029,1,0.36199105053142955
8,1000,PI,-0.63278134888588211,-0.33567209423364186,1,0.29710925465224025
8,1000,Boot,-0.60311675451967417,-0.3426865807868642,1,0.26043017373280997
8,1000,RS,-0.61696213640291653,-0.3514913067166075,1,0.26547082968630903
8,2000,PI,-0.55070340908003146,-0.35715566940862487,1,0.19354773967140659
8,2000,Boot,-0.53877418102866659,-0.35899933001651974,1,0.17977485101214685
8,2000,RS,-0.52103330333157338,-0.38682577515708294,1,0.13420752817449044
8,5000,PI,-0.50739527958202013,-0.38904556985135552,1,0.11834970973066461
8,5000,Boot,-0.49837302651543497,-0.38787776266385854,1,0.11049526385157643
8,5000,RS,-0.4831733611911283,-0.41326748824224735,1,0.069905872948880954
8,10000,PI,-0.485707884300486,-0.40258056445708784,1,0.083127319843398162
8,10000,Boot,-0.48079697798823007,-0.39603246038713769,1,0.084764517601092382
8,10000,RS,-0.48685526177083838,-0.40143318698673547,1,0.085422074784102908
9,500,PI,-0.51302745541595296,-0.040346449217264629,1,0.47268100619868836
9,500,Boot,-0.49561017586709405,-0.046844448500530989,1,0.44876572736656306
9,500,RS,-0.38165573966729643,-0.17171816496592113,0,0.20993757470137531
9,1000,PI,-0.50369938956070381,-0.20855468161912999,1,0.29514470794157383
9,1000,Boot,-0.48660575407915907,-0.20439232995784601,1,0.28221342412131306
9,1000,RS,-0.47504910627023378,-0.23720496490959997,1,0.23784414136063381
9,2000,PI,-0.49077460719855803,-0.29979663383129906,1,0.19097797336725897
9,2000,Boot,-0.50301641858625112,-0.30265312376262427,1,0.20036329482362686
9,2000,RS,-0.50370277376137396,-0.28686846726848314,1,0.21683430649289082
9,5000,PI,-0.50266341721887309,-0.38353584395556389,1,0.11912757326330919
9,5000,Boot,-0.49417756832458881,-0.38806408983536089,1,0.10611347848922792
9,5000,RS,-0.54067435502729366,-0.34552490614714321,1,0.19514944888015046
9,10000,PI,-0.48276996709445497,-0.3996449531787567,1,0.083125013915698265
9,10000,Boot,-0.48176837229225167,-0.39836106958354706,1,0.083407302708704611
9,10000,RS,-0.47745059136367707,-0.4049643289095346,1,0.072486262454142469
10,500,PI,-0.75440292306609491,-0.26096246554586622,1,0.49344045752022869
10,500,Boot,-0.73860289885336261,-0.30035200483737767,1,0.43825089401598494
10,500,RS,-0.52905250465185882,-0.48631288396010236,0,0.042739620691756464
10,1000,PI,-0.59752985996771635,-0.30207775615514143,1,0.29545210381257492
10,1000,Boot,-0.60399493217135447,-0.2944456971668642,1,0.30954923500449028
10,1000,RS,-0.52941508654704383,-0.370192529575814,1,0.15922255697122983
10,2000,PI,-0.53359958406274777,-0.33826349122334382,1,0.19533609283940395
10,2000,Boot,-0.53167215127596856,-0.33579215715379934,1,0.19587999412216922
10,2000,RS,-0.47410917079139431,-0.39775390449469733,1,0.076355266296696978
10,5000,PI,-0.50261482896407383,-0.38265034488917471,1,0.11996448407489912
10,5000,Boot,-0.49571174658843559,-0.38429741941017675,1,0.11141432717825883
10,5000,RS,-0.46028973870884637,-0.42497543514440217,1,0.035314303564444205
10,10000,PI,-0.48495837017361204,-0.40186908556774009,1,0.083089284605871949
10,10000,Boot,-0.48250772967565297,-0.40065796352200783,1,0.081849766153645143
10,10000,RS,-0.46104742139323412,-0.42578003434811801,1,0.035267387045116116
11,500,PI,-0.63843340835786688,-0.12641424390132155,1,0.51201916445654527
11,500,Boot,-0.63094047600243786,-0.12101223969938341,1,0.50992823630305439
11,500,RS,-0.4336018953461942,-0.33124575691299429,0,0.10235613843319991
11,1000,PI,-0.57384466178821669,-0.26557494228582668,1,0.30826971950239002
11,1000,Boot,-0.55762070161422517,-0.26329383483368646,1,0.29432686678053871
11,1000,RS,-0.48387611722318158,-0.35554348685086179,1,0.12833263037231979
11,2000,PI,-0.56020881505011222,-0.35210413046405475,1,0.20810468458605746
11,2000,Boot,-0.54437811745094389,-0.3482862925806513,1,0.19609182487029259
11,2000,RS,-0.53829445979032653,-0.37401848572384039,1,0.16427597406648614
11,5000,PI,-0.47533060174382391,-0.35521523890335682,1,0.12011536284046709
11,5000,Boot,-0.46552894232026232,-0.34235116385820341,1,0.12317777846205891
11,5000,RS,-0.48987530115590688,-0.34067053949127385,1,0.14920476166463303
11,10000,PI,-0.46856466636307853,-0.38425296742510956,1,0.084311698937968971
11,10000,Boot,-0.46891477914059787,-0.37795837875504873,1,0.090956400385549141
11,10000,RS,-0.45469377551278894,-0.39812385827539915,1,0.0565699172373898
12,500,PI,-0.67890397733369223,-0.21171561270092881,1,0.46718836463276342
12,500,Boot,-0.66669608423123305,-0.25198809383986193,1,0.41470799039137113
12,500,RS,-0.64787814531290078,-0.24274144472172038,1,0.4051367005911804
12,1000,PI,-0.63020512263474626,-0.33959363396085462,1,0.29061148867389164
12,1000,Boot,-0.61948203970118842,-0.3402496817760976,1,0.27923235792509082
12,1000,RS,-0.5820247741684762,-0.38777398242712469,1,0.19425079174135151
12,2000,PI,-0.54955055925576857,-0.34835633421293821,1,0.20119422504283035
12,2000,Boot,-0.54716251841166308,-0.33335292658450011,1,0.21380959182716297
12,2000,RS,-0.50176898646951107,-0.39613790699919571,1,0.10563107947031536
12,5000,PI,-0.5157819236443717,-0.39148480596081159,1,0.12429711768356011
12,5000,Boot,-0.51143740436140617,-0.38597589619443945,1,0.12546150816696672
12,5000,RS,-0.53195535721306852,-0.37531137239211476,1,0.15664398482095376
12,10000,PI,-0.47771697875600572,-0.39343939698362995,1,0.084277581772375765
12,10000,Boot,-0.47455405214728597,-0.38587997949691621,1,0.088674072650369751
12,10000,RS,-0.48651364174264328,-0.38464273399699239,1,0.10187090774565088
13,500,PI,-0.70890204173900639,-0.23632149374746914,1,0.47258054799153726
13,500,Boot,-0.68105262357883378,-0.25848372093121019,1,0.42256890264762359
13,500,RS,-0.92919626937945621,-0.016027266107019267,1,0.91316900327243689
13,1000,PI,-0.68332439633997177,-0.35430857475862293,1,0.32901582158134884
13,1000,Boot,-0.66949294720529406,-0.34171424193262623,1,0.32777870527266784
13,1000,RS,-0.67989865712594288,-0.35773431397265187,1,0.32216434315329101
13,2000,PI,-0.61455786428115278,-0.41137887957193786,1,0.20317898470921492
13,2000,Boot,-0.61647390990964723,-0.40588246378309689,1,0.21059144612655034
13,2000,RS,-0.5711138566829731,-0.4548228871701176,0,0.1162909695128555
13,5000,PI,-0.52666463249034667,-0.40220370211044371,1,0.12446093037990297
13,5000,Boot,-0.53051761910950102,-0.39026339158780721,1,0.14025422752169381
13,5000,RS,-0.56439169117435628,-0.36447664342643415,1,0.19991504774792213
13,10000,PI,-0.48736503559820837,-0.40233794369203285,1,0.085027091906175523
13,10000,Boot,-0.49265642418423039,-0.39606564577739956,1,0.096590778406830835
13,10000,RS,-0.50728567987466722,-0.38241729941557395,1,0.12486838045909326
14,500,PI,-0.83365208212162456,-0.3330834778953714,1,0.50056860422625316
14,500,Boot,-0.80930929868149115,-0.37260972724338193,1,0.43669957143810922
14,500,RS,-0.75213415760209401,-0.41460140241490195,1,0.33753275518719206
14,1000,PI,-0.66684812569108565,-0.38414303043223103,1,0.28270509525885462
14,1000,Boot,-0.66229534531571599,-0.39985487577418222,1,0.26244046954153377
14,1000,RS,-0.67207672926745954,-0.37891442685585719,1,0.29316230241160235
14,2000,PI,-0.64677118788460886,-0.45127841324597212,0,0.19549277463863673
14,2000,Boot,-0.63950725328187308,-0.45671060268276437,0,0.18279665059910871
14,2000,RS,-0.61690769282332691,-0.48114190830725401,0,0.13576578451607291
14,5000,PI,-0.54268970264408822,-0.4215590374410651,1,0.12113066520302312
14,5000,Boot,-0.53794020227228923,-0.40317535740729549,1,0.13476484486499374
14,5000,RS,-0.57698434296540979,-0.38726439711974348,1,0.18971994584566632
14,10000,PI,-0.51247227128984585,-0.42795541139922588,1,0.084516859890619966
14,10000,Boot,-0.51039455752062368,-0.43095038635643379,1,0.079444171164189892
14,10000,RS,-0.51744879471275051,-0.42297888797632122,1,0.094469906736429299
15,500,PI,-0.85467265319726649,-0.37930137183845114,1,0.47537128135881535
15,500,Boot,-0.79753751949972163,-0.40054366092522176,1,0.39699385857449987
15,500,RS,-0.68900467966513301,-0.54496934537058461,0,0.1440353342945484
15,1000,PI,-0.66262864245048825,-0.37855717724411087,1,0.28407146520637738
15,1000,Boot,-0.65653621739975254,-0.37243644223028127,1,0.28409977516947127
15,1000,RS,-0.65338917611869174,-0.38779664357590737,1,0.26559253254278437
15,2000,PI,-0.54763953901441065,-0.35475227464128212,1,0.19288726437312853
15,2000,Boot,-0.5494769917945318,-0.36568066599339266,1,0.18379632580113914
15,2000,RS,-0.61675621981185413,-0.28563559384383863,1,0.3311206259680155
15,5000,PI,-0.50785288326374234,-0.39139506544637359,1,0.11645781781736875
15,5000,Boot,-0.51036111775057491,-0.38750084164480619,1,0.12286027610576872
15,5000,RS,-0.50914163326493089,-0.39010631544518504,1,0.11903531781974586
15,10000,PI,-0.51781055681870936,-0.4336573375902838,1,0.084153219228425558
15,10000,Boot,-0.51778542990767651,-0.43133279144418812,1,0.086452638463488385
15,10000,RS,-0.52700773635920672,-0.42446015804978648,1,0.10254757830942024
16,500,PI,-0.73924674879546537,-0.26507763318165034,1,0.47416911561381503
16,500,Boot,-0.68735130070225692,-0.2885436196336677,1,0.39880768106858921
16,500,RS,-0.74181478846592042,-0.26250959351119529,1,0.47930519495472512
16,1000,PI,-0.73803488509546489,-0.42001713272950669,1,0.3180177523659582
16,1000,Boot,-0.70564294775031922,-0.43255256903622408,1,0.27309037871409514
16,1000,RS,-0.71483704692985739,-0.44321497089511419,1,0.2716220760347432
16,2000,PI,-0.58546383294623161,-0.37712753623967415,1,0.20833629670655746
16,2000,Boot,-0.5718427654915994,-0.3692089162932265,1,0.20263384919837291
16,2000,RS,-0.68491536255699659,-0.27767600662890929,1,0.4072393559280873
16,5000,PI,-0.51260691727305496,-0.39118097376671446,1,0.12142594350634051
16,5000,Boot,-0.51054326228038716,-0.38927985093688278,1,0.12126341134350438
16,5000,RS,-0.53119012760221929,-0.37259776343755008,1,0.15859236416466921
16,10000,PI,-0.48694086938380332,-0.40294407804028354,1,0.083996791343519783
16,10000,Boot,-0.48102166140734937,-0.39932633476622459,1,0.081695326641124777
16,10000,RS,-0.48349842481951993,-0.40638652260456692,1,0.07711190221495301
17,500,PI,-0.64306373270124473,-0.19124387895215703,1,0.45181985374908773
17,500,Boot,-0.64039691602867732,-0.19788208852896552,1,0.44251482749971183
17,500,RS,-0.58615900735509452,-0.24814860429830723,1,0.33801040305678731
17,1000,PI,-0.55167450889092096,-0.27072229330494207,1,0.28095221558597888
17,1000,Boot,-0.52081572022424538,-0.25838217262390428,1,0.2624335476003411
17,1000,RS,-0.46198747289505776,-0.36040932930080533,1,0.10157814359425243
17,2000,PI,-0.5364329067335265,-0.34592753583506575,1,0.19050537089846076
17,2000,Boot,-0.52640194636991589,-0.32518194274779932,1,0.20122000362211656
17,2000,RS,-0.51594395601468501,-0.36641648655390724,1,0.14952746946077777
17,5000,PI,-0.47823317738786675,-0.3609690003211804,1,0.11726417706668635
17,5000,Boot,-0.46563323510592092,-0.34643294340224789,1,0.11920029170367302
17,5000,RS,-0.47629203852308982,-0.36291013918595733,1,0.1133818993371325
17,10000,PI,-0.48173623184142644,-0.3990966120205639,1,0.082639619820862542
17,10000,Boot,-0.47660890324238298,-0.39471861932088093,1,0.081890283921502049
17,10000,RS,-0.49007992803498401,-0.39075291582700633,1,0.099327012207977683
18,500,PI,-0.69833685206156693,-0.22710772995331005,1,0.47122912210825685
18,500,Boot,-0.69415921196953367,-0.21920125352855252,1,0.47495795844098115
18,500,RS,-0.55296950906522502,-0.37247507294965193,1,0.18049443611557309
18,1000,PI,-0.63175000997708797,-0.31900053363271608,1,0.31274947634437189
18,1000,Boot,-0.61641836264045202,-0.30869900485957491,1,0.30771935778087711
18,1000,RS,-0.54445199459098237,-0.40629854901882173,1,0.13815344557216064
18,2000,PI,-0.52615686315798804,-0.3279328976949093,1,0.19822396546307874
18,2000,Boot,-0.50700710222546364,-0.31824674535556052,1,0.18876035686990311
18,2000,RS,-0.52028507473926044,-0.33380468611363689,1,0.18648038862562355
18,5000,PI,-0.54097673766577337,-0.41889195028218956,1,0.1220847873835838
18,5000,Boot,-0.53586228503021605,-0.41520936938693359,1,0.12065291564328245
18,5000,RS,-0.56654752808570275,-0.39332115986226024,1,0.17322636822344251
18,10000,PI,-0.490157326421435,-0.40616109735497613,1,0.083996229066458872
18,10000,Boot,-0.48425855782849797,-0.40335952176604439,1,0.080899036062453578
18,10000,RS,-0.51840916793314906,-0.37790925584326202,1,0.14049991208988705
19,500,PI,-0.47660762784374622,0.0010406072369848751,1,0.47764823508073107
19,500,Boot,-0.46055405853397124,0.030791336464889907,1,0.49134539499886115
19,500,RS,-0.3278657678016893,-0.14770125280507207,0,0.18016451499661723
19,1000,PI,-0.48575323949477112,-0.19215724826810332,1,0.2935959912266678
19,1000,Boot,-0.49440423087122343,-0.18130654700311175,1,0.31309768386811165
19,1000,RS,-0.5608002975247125,-0.11711019023816197,1,0.44369010728655056
19,2000,PI,-0.48440637672627396,-0.29088985764119246,1,0.1935165190850815
19,2000,Boot,-0.49362138867100636,-0.27688313269942472,1,0.21673825597158164
19,2000,RS,-0.53314280941215064,-0.24215342495531578,1,0.29098938445683487
19,5000,PI,-0.4517208563045943,-0.33284500614294404,1,0.11887585016165025
19,5000,Boot,-0.4536582361714932,-0.33047451837991237,1,0.12318371779158083
19,5000,RS,-0.48541387330266794,-0.2991519891448704,1,0.18626188415779754
19,10000,PI,-0.45041327275109849,-0.36763398765994443,1,0.082779285091154065
19,10000,Boot,-0.4553657556985139,-0.36664121828119345,1,0.088724537417320448
19,10000,RS,-0.4629866992646437,-0.35506056114639922,1,0.10792613811824447
20,500,PI,-0.51083842294910209,-0.10655653437483872,1,0.40428188857426339
20,500,Boot,-0.53045755688758311,-0.11800362141312085,1,0.4124539354744623
20,500,RS,-0.35979114761812381,-0.25760380970581698,0,0.10218733791230683
20,1000,PI,-0.52083280207205174,-0.24629599596166649,1,0.27453680611038522
20,1000,Boot,-0.51101947814940107,-0.23844458725521633,1,0.27257489089418474
20,1000,RS,-0.52717613013169007,-0.23995266790202815,1,0.28722346222966189
20,2000,PI,-0.53451939426507666,-0.34450102375714986,1,0.1900183705079268
20,2000,Boot,-0.52011526464367819,-0.31846410367979716,1,0.20165116096388103
20,2000,RS,-0.58992997732313168,-0.28909044069909484,1,0.30083953662403684
20,5000,PI,-0.517452728447934,-0.39941620775874559,1,0.11803652068918841
20,5000,Boot,-0.52199702554282934,-0.38647685806269738,1,0.13552016748013196
20,5000,RS,-0.53316879993973998,-0.38370013626693966,1,0.14946866367280032
20,10000,PI,-0.48829416153453215,-0.40561506574898282,1,0.082679095785549328
20,10000,Boot,-0.48643491730535593,-0.40328393687923925,1,0.083150980426116683
20,10000,RS,-0.49670456604165514,-0.39720466124185982,1,0.099499904799795313
21,500,PI,-0.65878772925743867,-0.21264625063106807,1,0.4461414786263706
21,500,Boot,-0.6169436816797198,-0.18789958406506538,1,0.42904409761465445
21,500,RS,-0.4978150473283382,-0.37361893256016859,1,0.12419611476816961
21,1000,PI,-0.63471380334417582,-0.36591909481242169,1,0.26879470853175413
21,1000,Boot,-0.62380525551089172,-0.33923821878757221,1,0.28456703672331951
21,1000,RS,-0.64145985265278016,-0.35917304550381735,1,0.28228680714896282
21,2000,PI,-0.60363049529989299,-0.40909546183839596,1,0.19453503346149703
21,2000,Boot,-0.6085868308752409,-0.39425093884161316,1,0.21433589203362774
21,2000,RS,-0.5882961454980411,-0.42442981164024784,1,0.16386633385779326
21,5000,PI,-0.54792937681738618,-0.42865459461269168,1,0.11927478220469451
21,5000,Boot,-0.53839484672235272,-0.4254411396204969,1,0.11295370710185582
21,5000,RS,-0.53350299609972474,-0.44308097533035318,1,0.090422020769371558
21,10000,PI,-0.51186741134544134,-0.42859018314657354,1,0.083277228198867792
21,10000,Boot,-0.50400200815346252,-0.42444944949034741,1,0.079552558663115114
21,10000,RS,-0.51287148104908953,-0.4275861134429253,1,0.085285367606164231
22,500,PI,-0.80522865735246196,-0.39121926613913505,1,0.41400939121332692
22,500,Boot,-0.76897255848307688,-0.40948372678839834,1,0.35948883169467855
22,500,RS,-0.85148617533249293,-0.34496174815910413,1,0.50652442717338886
22,1000,PI,-0.66411852216955769,-0.37849970707725256,1,0.28561881509230513
22,1000,Boot,-0.63292628354380276,-0.38219739764341765,1,0.25072888590038511
22,1000,RS,-0.6568271863688806,-0.3857910428779297,1,0.2710361434909509
22,2000,PI,-0.52255148040657806,-0.33039088436601188,1,0.19216059604056618
22,2000,Boot,-0.49680453002650643,-0.32593197093281712,1,0.17087255909368931
22,2000,RS,-0.59400047725560656,-0.25894188751698333,1,0.33505858973862324
22,5000,PI,-0.50415655830490835,-0.38225906951213678,1,0.12189748879277157
22,5000,Boot,-0.49813492641999418,-0.37660706985256032,1,0.12152785656743387
22,5000,RS,-0.48668186663596325,-0.39973376118108195,1,0.086948105454881297
22,10000,PI,-0.48979212034858133,-0.40525808197700031,1,0.084534038371581022
22,10000,Boot,-0.4885790952585588,-0.40282621543730973,1,0.085752879821249073
22,10000,RS,-0.47947141083216627,-0.41557879149341537,1,0.0638926193387509
23,500,PI,-0.6016093609026405,-0.1069127646759486,1,0.49469659622669193
23,500,Boot,-0.57461705354026116,-0.091488384481080098,1,0.48312866905918106
23,500,RS,-0.46998438608880033,-0.23853773948978874,1,0.2314466465990116
23,1000,PI,-0.55608323167323714,-0.24920629457167881,1,0.30687693710155833
23,1000,Boot,-0.5237927948754566,-0.23951605983969051,1,0.28427673503576611
23,1000,RS,-0.49817032419063056,-0.30711920205428533,1,0.19105112213634523
23,2000,PI,-0.58533321138216932,-0.39433634257656647,1,0.19099686880560285
23,2000,Boot,-0.56578135143960151,-0.38097755722450377,1,0.18480379421509774
23,2000,RS,-0.68529775743326193,-0.29437179652547385,1,0.39092596090778808
23,5000,PI,-0.56295081291154081,-0.44240704454662105,1,0.12054376836491976
23,5000,Boot,-0.55025342245375752,-0.43481383245900468,1,0.11543958999475284
23,5000,RS,-0.55925172044173244,-0.44610613701642943,1,0.11314558342530301
23,10000,PI,-0.51730418751448215,-0.43376234781204348,1,0.083541839702438669
23,10000,Boot,-0.50994099646206703,-0.43097495135151809,1,0.078966045110548944
23,10000,RS,-0.5441229313363668,-0.40694360399015883,1,0.13717932734620797
24,500,PI,-0.50279142605989358,-0.080842012637106164,1,0.42194941342278741
24,500,Boot,-0.50477046751053489,-0.10301529263003906,1,0.40175517488049584
24,500,RS,-0.51142569539644278,-0.072207743300556987,1,0.43921795209588577
24,1000,PI,-0.57746007649264852,-0.3001903985497269,1,0.27726967794292162
24,1000,Boot,-0.57177792315949372,-0.29543782288834675,1,0.27634010027114697
24,1000,RS,-0.71213582360889116,-0.16551465143348432,1,0.54662117217540684
24,2000,PI,-0.50900811721322203,-0.32178017088594946,1,0.18722794632727258
24,2000,Boot,-0.51436734080820856,-0.29556377754345814,1,0.21880356326475042
24,2000,RS,-0.48790424298894541,-0.34288404511022608,1,0.14502019787871934
24,5000,PI,-0.52135790578562735,-0.40098850559252197,1,0.12036940019310538
24,5000,Boot,-0.52703098955374761,-0.39506474184380236,1,0.13196624770994525
24,5000,RS,-0.56444620931420797,-0.35790020206394135,1,0.20654600725026662
24,10000,PI,-0.50204502766607373,-0.4170617504550439,1,0.084983277211029828
24,10000,Boot,-0.50768998649972508,-0.41370036380812603,1,0.093989622691599051
24,10000,RS,-0.49621279522253448,-0.42289398289858315,1,0.073318812323951321
25,500,PI,-0.57579248381033299,-0.1182553597189514,1,0.45753712409138159
25,500,Boot,-0.53723384812061914,-0.15485298586234619,1,0.38238086225827295
25,500,RS,-0.52279203474229208,-0.17125580878699231,1,0.35153622595529976
25,1000,PI,-0.5128961139135233,-0.22259449031290321,1,0.29030162360062006
25,1000,Boot,-0.485886059301397,-0.21719002243557115,1,0.26869603686582588
25,1000,RS,-0.48747583504863112,-0.24801476917779541,1,0.23946106587083571
25,2000,PI,-0.56501322594612624,-0.35993383940471885,1,0.20507938654140739
25,2000,Boot,-0.54700786204369689,-0.3586063187340085,1,0.18840154330968839
25,2000,RS,-0.6480719843049646,-0.27687508104588054,1,0.37119690325908405
25,5000,PI,-0.50183420645744936,-0.37947794180228722,1,0.12235626465516214
25,5000,Boot,-0.50342191092562938,-0.37940779711641337,1,0.12401411380921601
25,5000,RS,-0.48918681269033248,-0.3921253355694041,1,0.097061477120928386
25,10000,PI,-0.48358100772370849,-0.39855486295964149,1,0.085026144764067002
25,10000,Boot,-0.47922249005568762,-0.39378024744560214,1,0.085442242610085484
25,10000,RS,-0.46093656798047766,-0.42119930270287231,1,0.039737265277605349
26,500,PI,-0.67179738351752061,-0.1832841457626444,1,0.48851323775487621
26,500,Boot,-0.61429807554597715,-0.16298820949305759,1,0.45130986605291956
26,500,RS,-0.46748315471873036,-0.38759837456143464,1,0.079884780157295721
26,1000,PI,-0.55037532639695952,-0.26229349231986415,1,0.28808183407709537
26,1000,Boot,-0.54053952919163228,-0.2606000425150562,1,0.27993948667657609
26,1000,RS,-0.43425161686841468,-0.37841720184840894,0,0.055834415020005745
26,2000,PI,-0.55878605801287062,-0.36447699076995344,1,0.19430906724291719
26,2000,Boot,-0.56873970634864013,-0.36677798249396448,1,0.20196172385467565
26,2000,RS,-0.54963321499242535,-0.37362983379039866,1,0.17600338120202669
26,5000,PI,-0.52414938687952539,-0.40235419399042976,1,0.12179519288909563
26,5000,Boot,-0.52756742994745554,-0.40187731945895055,1,0.12569011048850498
26,5000,RS,-0.49340317762415359,-0.43310040324580162,1,0.060302774378351964
26,10000,PI,-0.51841665057342856,-0.43295439430292926,1,0.085462256270499304
26,10000,Boot,-0.51187097860387498,-0.42733924665637402,1,0.084531731947500965
26,10000,RS,-0.50712740855975069,-0.44424363631660713,1,0.062883772243143565
27,500,PI,-0.65288362830543256,-0.1805254616108235,1,0.47235816669460906
27,500,Boot,-0.63214344732299621,-0.1630403199286054,1,0.46910312739439081
27,500,RS,-0.47601452662228727,-0.35739456329396879,1,0.11861996332831848
27,1000,PI,-0.59213036750785242,-0.30143529436945504,1,0.29069507313839738
27,1000,Boot,-0.58664839731118823,-0.28789665393194108,1,0.29875174337924715
27,1000,RS,-0.53472094034093864,-0.35884472153636882,1,0.17587621880456983
27,2000,PI,-0.61930079142404848,-0.41255516162474604,1,0.20674562979930244
27,2000,Boot,-0.61624817232761042,-0.41179668367699973,1,0.20445148865061069
27,2000,RS,-0.64896893288865432,-0.3828870201601402,1,0.26608191272851411
27,5000,PI,-0.5610144043207288,-0.4371481102830872,1,0.1238662940376416
27,5000,Boot,-0.56926784729704361,-0.42995068830500083,1,0.13931715899204278
27,5000,RS,-0.53972778627487095,-0.458434728328945,0,0.081293057945925951
27,10000,PI,-0.5305459174169086,-0.44486809749211575,1,0.085677819924792842
27,10000,Boot,-0.52613382756343507,-0.43592353518509669,1,0.090210292378338386
27,10000,RS,-0.51890587641589692,-0.45650813849312749,0,0.062397737922769425
28,500,PI,-0.61584971666615962,-0.15029551816179118,1,0.46555419850436841
28,500,Boot,-0.59894040413573579,-0.16280614947377767,1,0.4361342546619581
28,500,RS,-0.50860080791091322,-0.25754442691703761,1,0.25105638099387562
28,1000,PI,-0.53232377741605164,-0.25166940498328211,1,0.28065437243276953
28,1000,Boot,-0.51230121767279391,-0.23868077749326083,1,0.27362044017953308
28,1000,RS,-0.44001455798663036,-0.34397862441270344,0,0.096035933573926924
28,2000,PI,-0.45989079347865364,-0.27028059982117497,1,0.18961019365747867
28,2000,Boot,-0.44878427032454238,-0.2599830612410316,1,0.18880120908351078
28,2000,RS,-0.4454133381404255,-0.28475805515940311,0,0.16065528298102238
28,5000,PI,-0.48069778961285781,-0.36016113620082479,1,0.12053665341203301
28,5000,Boot,-0.48113134394620816,-0.35628938466689147,1,0.12484195927931668
28,5000,RS,-0.55832375523301869,-0.28253517058066391,1,0.27578858465235478
28,10000,PI,-0.48095704896125591,-0.39639592938083035,1,0.084561119580425559
28,10000,Boot,-0.47568311626329196,-0.39446640899879393,1,0.081216707264498034
28,10000,RS,-0.5170392943072436,-0.36031368403484265,1,0.15672561027240095
29,500,PI,-0.75382926818750962,-0.30131245057977529,1,0.45251681760773432
29,500,Boot,-0.71842345104093674,-0.30548423627816312,1,0.41293921476277362
29,500,RS,-0.62456729250889864,-0.43057442625838627,1,0.19399286625051237
29,1000,PI,-0.71273402972720434,-0.41464543543315024,1,0.2980885942940541
29,1000,Boot,-0.71259640150749515,-0.3868407473181541,1,0.32575565418934105
29,1000,RS,-0.67787669603043832,-0.44950276912991627,0,0.22837392690052205
29,2000,PI,-0.64244871608925291,-0.44488227121688162,1,0.19756644487237129
29,2000,Boot,-0.64737231058245914,-0.42803404065709261,1,0.21933826992536654
29,2000,RS,-0.60408500965233913,-0.4832459776537954,0,0.12083903199854373
29,5000,PI,-0.56736912464761469,-0.44724161818244484,0,0.12012750646516984
29,5000,Boot,-0.57095883881959941,-0.44558160078806897,1,0.12537723803153045
29,5000,RS,-0.56804879941061504,-0.4465619434194445,1,0.12148685599117054
29,10000,PI,-0.53128548574246615,-0.44563795314864796,1,0.085647532593818188
29,10000,Boot,-0.52379516574686147,-0.44597128520959478,1,0.077823880537266688
29,10000,RS,-0.53492206906767659,-0.44200136982343757,1,0.092920699244239013
30,500,PI,-0.5673599490736938,-0.091121800101504891,1,0.47623814897218891
30,500,Boot,-0.52278634948800495,-0.073247289736960985,1,0.44953905975104397
30,500,RS,-0.59643196372250573,-0.062049785452692963,1,0.53438217826981282
30,1000,PI,-0.49731879539424806,-0.21460747161566696,1,0.2827113237785811
30,1000,Boot,-0.47507861495300474,-0.21230619551512789,1,0.26277241943787688
30,1000,RS,-0.49056489641025036,-0.22136137059966468,1,0.26920352581058571
30,2000,PI,-0.49282485916654345,-0.29858406828827283,1,0.19424079087827062
30,2000,Boot,-0.48080848721757319,-0.29465570282152198,1,0.18615278439605121
30,2000,RS,-0.48150583750417092,-0.30990308995064536,1,0.17160274755352556
30,5000,PI,-0.48633097712673984,-0.36637737186343006,1,0.11995360526330978
30,5000,Boot,-0.47529976346601233,-0.35643837635160003,1,0.1188613871144123
30,5000,RS,-0.49437503453701148,-0.35833331445315841,1,0.13604172008385307
30,10000,PI,-0.48627212951705145,-0.40238482044332435,1,0.083887309073727101
30,10000,Boot,-0.47905194627547115,-0.40052497732211656,1,0.078526968953354592
30,10000,RS,-0.4995814921529157,-0.38907545780746011,1,0.11050603434545558
31,500,PI,-0.641484777145368,-0.21331034801280788,1,0.4281744291325601
31,500,Boot,-0.58101607537658662,-0.21704614761341662,1,0.36396992776317
31,500,RS,-0.63691838870828266,-0.21787673644989322,1,0.41904165225838941
31,1000,PI,-0.62482416960244169,-0.3368382899768978,1,0.28798587962554389
31,1000,Boot,-0.59574096001692767,-0.35984761495067352,1,0.23589334506625415
31,1000,RS,-0.58848409535969326,-0.37317836421964617,1,0.21530573114004709
31,2000,PI,-0.58487064414768741,-0.38678371641816001,1,0.19808692772952741
31,2000,Boot,-0.57711876333447942,-0.40363919381444724,1,0.17347956952003218
31,2000,RS,-0.54247917386817024,-0.42917518669767718,1,0.11330398717049306
31,5000,PI,-0.49680885218156401,-0.37955030265470924,1,0.11725854952685477
31,5000,Boot,-0.48655333249181554,-0.38373440360634437,1,0.10281892888547117
31,5000,RS,-0.49428794540479559,-0.38207120943147765,1,0.11221673597331794
31,10000,PI,-0.44905479689282968,-0.36811337560743695,1,0.080941421285392723
31,10000,Boot,-0.45028611644757327,-0.36687146251126734,1,0.083414653936305927
31,10000,RS,-0.47412427260698886,-0.34304389989327777,1,0.13108037271371109
32,500,PI,-0.6432237835214869,-0.15863084296369157,1,0.48459294055779534
32,500,Boot,-0.64350260053284392,-0.15320150886191153,1,0.49030109167093239
32,500,RS,-0.73294637618738845,-0.068908250297789964,1,0.66403812588959843
32,1000,PI,-0.63899067685240962,-0.34408325470969991,1,0.29490742214270971
32,1000,Boot,-0.63257938978542883,-0.34520249935655911,1,0.28737689042886971
32,1000,RS,-0.72980740505766406,-0.25326652650444548,1,0.47654087855321858
32,2000,PI,-0.63063463088204175,-0.42093906619783528,1,0.20969556468420647
32,2000,Boot,-0.6247248439461609,-0.42270350551296226,1,0.20202133843319864
32,2000,RS,-0.63783178912413985,-0.41374190795573718,1,0.22408988116840267
32,5000,PI,-0.52480773436463468,-0.40243425535742716,1,0.12237347900720752
32,5000,Boot,-0.51519789833648888,-0.40233959379438672,1,0.11285830454210216
32,5000,RS,-0.54692961134795237,-0.38031237837410947,1,0.1666172329738429
32,10000,PI,-0.50812238070368854,-0.42276958084204058,1,0.085352799861647954
32,10000,Boot,-0.50181073879387883,-0.41862322097941229,1,0.083187517814466538
32,10000,RS,-0.49842288640342708,-0.43246907514230198,1,0.065953811261125095
33,500,PI,-0.64025695884548761,-0.17378523417179273,1,0.46647172467369491
33,500,Boot,-0.59210349845177601,-0.1960257447051906,1,0.39607775374658538
33,500,RS,-0.43524068358678325,-0.37880150943049706,0,0.056439174156286187
33,1000,PI,-0.52666432235055394,-0.24910425842211814,1,0.2775600639284358
33,1000,Boot,-0.52368739399294573,-0.22502730723005163,1,0.29866008676289413
33,1000,RS,-0.45748437010399612,-0.31828421066867596,1,0.13920015943532016
33,2000,PI,-0.53961442731690179,-0.34576921249919501,1,0.19384521481770678
33,2000,Boot,-0.54178492612679574,-0.33312061312554569,1,0.20866431300125005
33,2000,RS,-0.54850520997652474,-0.33687842983957206,1,0.21162678013695269
33,5000,PI,-0.49425081508740992,-0.3761067144477595,1,0.11814410063965042
33,5000,Boot,-0.50321525346488116,-0.37116938790392517,1,0.13204586556095599
33,5000,RS,-0.47708431850382593,-0.39327321103134349,1,0.083811107472482438
33,10000,PI,-0.47022118693969323,-0.38673487678618806,1,0.083486310153505161
33,10000,Boot,-0.46424008115795945,-0.37801904743385806,1,0.086221033724101392
33,10000,RS,-0.46665248813067267,-0.39030357559520862,1,0.076348912535464053
34,500,PI,-0.79482996894375857,-0.32378249466753095,1,0.47104747427622762
34,500,Boot,-0.71082501715841484,-0.33750836786426774,1,0.3733166492941471
34,500,RS,-0.68829706729334672,-0.4303153963179428,1,0.25798167097540392
34,1000,PI,-0.59678058155139113,-0.29627714271736327,1,0.30050343883402786
34,1000,Boot,-0.58357633675635723,-0.30601553715841467,1,0.27756079959794255
34,1000,RS,-0.65709914757566334,-0.23595857669309109,1,0.42114057088257228
34,2000,PI,-0.48307340342619809,-0.28798330941349293,1,0.19509009401270516
34,2000,Boot,-0.47469282393608953,-0.28557849875167124,1,0.18911432518441829
34,2000,RS,-0.52429847022340159,-0.24675824261628945,1,0.27754022760711217
34,5000,PI,-0.47388775554598339,-0.35356064663199049,1,0.1203271089139929
34,5000,Boot,-0.47134923747995155,-0.35732484630978184,1,0.11402439117016971
34,5000,RS,-0.46383284055434959,-0.36361556162362429,1,0.1002172789307253
34,10000,PI,-0.49853709670624513,-0.41339571734678593,1,0.085141379359459202
34,10000,Boot,-0.4951709491892789,-0.41425317548470914,1,0.080917773704569762
34,10000,RS,-0.54007740006176297,-0.37185541399126809,1,0.16822198607049488
35,500,PI,-0.71571795409506567,-0.25074383805281553,1,0.46497411604225014
35,500,Boot,-0.68615426840834104,-0.23496853359150896,1,0.45118573481683211
35,500,RS,-0.53046765510207572,-0.43599413704580553,1,0.094473518056270189
35,1000,PI,-0.58252075866306829,-0.28808504127152623,1,0.29443571739154206
35,1000,Boot,-0.5493546560834619,-0.25852766821938533,1,0.29082698786407657
35,1000,RS,-0.50203653370221513,-0.3685692662323794,1,0.13346726746983573
35,2000,PI,-0.5179496319004222,-0.32563756665156041,1,0.1923120652488618
35,2000,Boot,-0.49668704400362884,-0.31661048083013466,1,0.18007656317349419
35,2000,RS,-0.46825934922688961,-0.375327849325093,1,0.09293149990179661
35,5000,PI,-0.48805964673276225,-0.37000544760768717,1,0.11805419912507509
35,5000,Boot,-0.47151819295895336,-0.36793459746912038,1,0.10358359548983298
35,5000,RS,-0.45866409162152222,-0.3994010027189272,1,0.059263088902595018
35,10000,PI,-0.47023397251291343,-0.38750504109028239,1,0.082728931422631047
35,10000,Boot,-0.46738854572187077,-0.38939809912390949,1,0.077990446597961283
35,10000,RS,-0.46036556662438655,-0.39737344697880927,1,0.062992119645577271
36,500,PI,-0.61117776190802942,-0.11159095409573633,1,0.49958680781229309
36,500,Boot,-0.56199463012332496,-0.14494649904025564,1,0.41704813108306932
36,500,RS,-0.60361150267274766,-0.11915721333101814,1,0.48445428934172952
36,1000,PI,-0.53956975573685617,-0.24593241398427501,1,0.29363734175258116
36,1000,Boot,-0.52378132520948295,-0.22829875823755366,1,0.29548256697192932
36,1000,RS,-0.48227443204871723,-0.30322773767241396,1,0.17904669437630327
36,2000,PI,-0.4849951379729569,-0.29510702065908012,1,0.18988811731387678
36,2000,Boot,-0.47320159697545666,-0.28193663822576143,1,0.19126495874969524
36,2000,RS,-0.41828748118155346,-0.36181467745048357,0,0.056472803731069887
36,5000,PI,-0.51094491914541751,-0.39225938496571661,1,0.1186855341797009
36,5000,Boot,-0.50702312344999423,-0.39644339685501062,1,0.11057972659498361
36,5000,RS,-0.5699321219061102,-0.33327218220502397,1,0.23665993970108623
36,10000,PI,-0.50584309204815581,-0.42127522548651997,1,0.08456786656163584
36,10000,Boot,-0.49887276831814908,-0.42498888034995935,1,0.073883887968189732
36,10000,RS,-0.51978138747518021,-0.40733693005949562,1,0.1124444574156846
37,500,PI,-0.60412708305701535,-0.17620612667758165,1,0.42792095637943373
37,500,Boot,-0.58978680814045581,-0.1846956411234929,1,0.40509116701696291
37,500,RS,-0.56942928770944312,-0.21090392202515384,1,0.35852536568428928
37,1000,PI,-0.63747490068600987,-0.34238419509066109,1,0.29509070559534878
37,1000,Boot,-0.62130973006836199,-0.32288421394490496,1,0.29842551612345702
37,1000,RS,-0.67172089089795706,-0.30813820487871391,1,0.36358268601924315
37,2000,PI,-0.6046511467690594,-0.400938677789338,1,0.2037124689797214
37,2000,Boot,-0.59272022108072719,-0.37656151751881017,1,0.21615870356191702
37,2000,RS,-0.57142288754329595,-0.43416693701510145,1,0.1372559505281945
37,5000,PI,-0.51880877278617976,-0.39660306551837604,1,0.12220570726780372
37,5000,Boot,-0.51244057273733146,-0.39242568485838092,1,0.12001488787895054
37,5000,RS,-0.53752128460300796,-0.37789055370154795,1,0.15963073090146002
37,10000,PI,-0.49047264738293828,-0.40587735696250338,1,0.084595290420434899
37,10000,Boot,-0.4834594462421033,-0.40260894374432987,1,0.080850502497773424
37,10000,RS,-0.49109149143245096,-0.4052585129129907,1,0.085832978519460257
38,500,PI,-0.63280001821378717,-0.14767445075740965,1,0.48512556745637753
38,500,Boot,-0.59906030376499009,-0.17878927069510481,1,0.42027103306988528
38,500,RS,-0.5191340867260299,-0.26134038224516687,1,0.25779370448086303
38,1000,PI,-0.57702921318715905,-0.28150487941918767,1,0.29552433376797138
38,1000,Boot,-0.55394524305332649,-0.26964099893231208,1,0.2843042441210144
38,1000,RS,-0.52296339901755418,-0.33557069358879255,1,0.18739270542876163
38,2000,PI,-0.50111490972072625,-0.30305252125375609,1,0.19806238846697016
38,2000,Boot,-0.49280817896919438,-0.28343695480360936,1,0.20937122416558501
38,2000,RS,-0.48692467981740434,-0.31724275115707806,1,0.16968192866032628
38,5000,PI,-0.50687176954093105,-0.38522091013409898,1,0.12165085940683207
38,5000,Boot,-0.50665071964336483,-0.37969326194057534,1,0.12695745770278949
38,5000,RS,-0.51696626593037931,-0.37512641374465072,1,0.14183985218572859
38,10000,PI,-0.47358123572739874,-0.38975119796474811,1,0.083830037762650633
38,10000,Boot,-0.47039112434071606,-0.38523311889734141,1,0.085158005443374651
38,10000,RS,-0.45790164464275568,-0.40543078904939117,1,0.052470855593364507
39,500,PI,-0.87480914531525411,-0.3891858736223065,1,0.48562327169294761
39,500,Boot,-0.79311451794712917,-0.39779411370620554,1,0.39532040424092363
39,500,RS,-0.69870012019522176,-0.56529489874233885,0,0.13340522145288292
39,1000,PI,-0.72198177482748205,-0.43065649392663896,1,0.29132528090084309
39,1000,Boot,-0.70124674101236295,-0.41255725570488178,1,0.28868948530748118
39,1000,RS,-0.65726130879065481,-0.4953769599634662,0,0.16188434882718861
39,2000,PI,-0.61834570742550765,-0.42201609113004501,1,0.19632961629546264
39,2000,Boot,-0.61448443323163804,-0.41623349023490919,1,0.19825094299672885
39,2000,RS,-0.64620903253656392,-0.3941527660189888,1,0.25205626651757512
39,5000,PI,-0.54682953131583567,-0.42649873486055617,1,0.1203307964552795
39,5000,Boot,-0.5467389046872293,-0.4322500458909222,1,0.1144888587963071
39,5000,RS,-0.55697935528347642,-0.41634891089291548,1,0.14063044439056094
39,10000,PI,-0.52274212127180675,-0.43872022153908125,1,0.084021899732725502
39,10000,Boot,-0.52032053922666854,-0.44285604395141009,1,0.077464495275258449
39,10000,RS,-0.50609298641393496,-0.45536935639695303,0,0.050723630016981935
40,500,PI,-0.70359386123725964,-0.23211216345491564,1,0.471481697782344
40,500,Boot,-0.66789264132263115,-0.25234493508130929,1,0.41554770624132187
40,500,RS,-0.53727841950831723,-0.39842760518385811,1,0.13885081432445912
40,1000,PI,-0.58788282000716208,-0.29934228016859454,1,0.28854053983856753
40,1000,Boot,-0.58301232514099954,-0.28769021838811715,1,0.2953221067528824
40,1000,RS,-0.49515645410619319,-0.39206864606956343,1,0.10308780803662976
40,2000,PI,-0.51017693087711435,-0.31733188116182476,1,0.1928450497152896
40,2000,Boot,-0.49988359877913635,-0.32803865856762865,1,0.1718449402115077
40,2000,RS,-0.46563722270227298,-0.36187158933666613,1,0.10376563336560685
40,5000,PI,-0.46907497198309905,-0.34968855471149213,1,0.11938641727160693
40,5000,Boot,-0.46447454259695509,-0.35442451282954562,1,0.11005002976740946
40,5000,RS,-0.43795428726807817,-0.38080923942651301,0,0.057145047841565155
40,10000,PI,-0.46518637030973581,-0.38274239968292229,1,0.082443970626813523
40,10000,Boot,-0.46317934275229294,-0.37838784605845716,1,0.084791496693835788
40,10000,RS,-0.45784226769578762,-0.39008650229687047,1,0.067755765398917145
41,500,PI,-0.80815051512294589,-0.29438688133423996,1,0.51376363378870593
41,500,Boot,-0.80288082057819421,-0.29833243452817126,1,0.50454838605002295
41,500,RS,-0.63506691372575097,-0.46747048273143493,0,0.16759643099431604
41,1000,PI,-0.67392561116779559,-0.37783056568077372,1,0.29609504548702187
41,1000,Boot,-0.65382256879139122,-0.3904799575137754,1,0.26334261127761582
41,1000,RS,-0.6604203885534552,-0.39133578829511401,1,0.26908460025834119
41,2000,PI,-0.546912399821465,-0.34570163660063413,1,0.20121076322083087
41,2000,Boot,-0.54130611754739177,-0.35140803304017376,1,0.18989808450721801
41,2000,RS,-0.6074618413348436,-0.28515219508725553,1,0.32230964624758807
41,5000,PI,-0.50556363381016689,-0.38450298042005748,1,0.12106065339010941
41,5000,Boot,-0.50669801307065776,-0.38231716448409703,1,0.12438084858656073
41,5000,RS,-0.49506375510314443,-0.39500285912707994,1,0.10006089597606449
41,10000,PI,-0.46522761843667809,-0.38161177028256038,1,0.083615848154117711
41,10000,Boot,-0.46712188405912569,-0.37871045213288912,1,0.088411431926236572
41,10000,RS,-0.48504938297324218,-0.36179000574599629,1,0.12325937722724589
42,500,PI,-0.67329597975560485,-0.25114959048070334,1,0.4221463892749015
42,500,Boot,-0.66151096672035647,-0.25893609131066297,1,0.4025748754096935
42,500,RS,-0.54008888690407564,-0.38435668333223266,1,0.15573220357184298
42,1000,PI,-0.56220894923236231,-0.27725507288126799,1,0.28495387635109432
42,1000,Boot,-0.54931104781553985,-0.26738958336564533,1,0.28192146444989452
42,1000,RS,-0.49894152370886763,-0.34052249840476273,1,0.1584190253041049
42,2000,PI,-0.49786785812876899,-0.302084889114554,1,0.19578296901421499
42,2000,Boot,-0.50411625158208595,-0.28805522260299171,1,0.21606102897909424
42,2000,RS,-0.47320062922900408,-0.32675211801431892,1,0.14644851121468516
42,5000,PI,-0.50899090844534456,-0.38757698478189018,1,0.12141392366345438
42,5000,Boot,-0.49860818032831716,-0.38065749446794866,1,0.1179506858603685
42,5000,RS,-0.52992202222895179,-0.36664587099828289,1,0.16327615123066891
42,10000,PI,-0.50633864422876262,-0.42039630561575797,1,0.085942338613004654
42,10000,Boot,-0.49673248306334766,-0.40984454400962583,1,0.08688793905372183
42,10000,RS,-0.51683375155285494,-0.40990119829166571,1,0.10693255326118922
43,500,PI,-0.53264855012159829,-0.062674090436960539,1,0.46997445968463775
43,500,Boot,-0.49380315258730462,-0.078832689637947539,1,0.41497046294935708
43,500,RS,-0.48694889184940254,-0.10837374870915634,1,0.37857514314024621
43,1000,PI,-0.61186192034438813,-0.31276776502573611,1,0.29909415531865202
43,1000,Boot,-0.60612072068246858,-0.30505315386449677,1,0.30106756681797181
43,1000,RS,-0.74168366634880756,-0.18294601902131669,1,0.55873764732749087
43,2000,PI,-0.58022289144739103,-0.38382404274533127,1,0.19639884870205976
43,2000,Boot,-0.5765205430139505,-0.36662980018962965,1,0.20989074282432085
43,2000,RS,-0.58404456801485638,-0.38000236617786598,1,0.2040422018369904
43,5000,PI,-0.53985170256728821,-0.41817443374964391,1,0.12167726881764429
43,5000,Boot,-0.53990300239646327,-0.40346536570676494,1,0.13643763668969833
43,5000,RS,-0.53241787605984225,-0.42560826025708987,1,0.10680961580275239
43,10000,PI,-0.50236338235882572,-0.41784182970613915,1,0.084521552652686571
43,10000,Boot,-0.49935957289135435,-0.40855319757337882,1,0.09080637531797553
43,10000,RS,-0.51044417598378788,-0.40976103608117692,1,0.10068313990261096
44,500,PI,-0.60264536465887719,-0.15040207344338113,1,0.45224329121549606
44,500,Boot,-0.6046111536956893,-0.20798686809444697,1,0.3966242856012423
44,500,RS,-0.52706506516640761,-0.22598237293585063,1,0.30108269223055695
44,1000,PI,-0.52016986221485839,-0.2431329048813865,1,0.27703695733347189
44,1000,Boot,-0.5072945076921892,-0.24064309559621844,1,0.26665141209597076
44,1000,RS,-0.43778005291036037,-0.32552271418588452,0,0.11225733872447585
44,2000,PI,-0.50439169233519765,-0.3162871159400239,1,0.18810457639517375
44,2000,Boot,-0.48795009064884975,-0.32132082358881708,1,0.16662926706003267
44,2000,RS,-0.52341713845478821,-0.29726166982043334,1,0.22615546863435487
44,5000,PI,-0.50375197727084897,-0.38567275305703419,1,0.11807922421381478
44,5000,Boot,-0.49672236838911221,-0.38850502623978633,1,0.10821734214932588
44,5000,RS,-0.51308297434899985,-0.37634175597888331,1,0.13674121837011655
44,10000,PI,-0.47306776267860795,-0.38974331549236074,1,0.083324447186247208
44,10000,Boot,-0.47013369474218053,-0.38962237345825013,1,0.080511321283930404
44,10000,RS,-0.46842676720327081,-0.39438431096769788,1,0.074042456235572929
45,500,PI,-0.7368162131739352,-0.26598624141344229,1,0.4708299717604929
45,500,Boot,-0.71831454214586921,-0.31034559937874401,1,0.4079689427671252
45,500,RS,-0.56250725766121046,-0.44029519692616709,1,0.12221206073504337
45,1000,PI,-0.56919971227201493,-0.28279522539999929,1,0.28640448687201564
45,1000,Boot,-0.55459177301648799,-0.27128607985220632,1,0.28330569316428167
45,1000,RS,-0.54849779659060383,-0.30349714108141046,1,0.24500065550919337
45,2000,PI,-0.52544802835157833,-0.3324669980062393,1,0.19298103034533903
45,2000,Boot,-0.520437755789523,-0.32457400805132919,1,0.19586374773819382
45,2000,RS,-0.47438566440347407,-0.38352936195434362,1,0.090856302449130455
45,5000,PI,-0.51632973252808656,-0.39381451290760966,1,0.1225152196204769
45,5000,Boot,-0.50194759921619003,-0.36832812443812746,1,0.13361947477806257
45,5000,RS,-0.49911452748708068,-0.41102971794861559,1,0.088084809538465092
45,10000,PI,-0.50106032914104359,-0.41618773137859122,1,0.084872597762452373
45,10000,Boot,-0.4912236547229118,-0.41091454031611846,1,0.080309114406793336
45,10000,RS,-0.48264353387241188,-0.43460452664722293,1,0.048039007225188946
46,500,PI,-0.82523781221720882,-0.28178740309470346,1,0.54345040912250542
46,500,Boot,-0.78436385230357386,-0.26282121757884402,1,0.52154263472472984
46,500,RS,-0.83625955027554388,-0.27076566503636829,1,0.56549388523917554
46,1000,PI,-0.67974929827388264,-0.36600417206113312,1,0.31374512621274953
46,1000,Boot,-0.68321039521035787,-0.36532571374820388,1,0.31788468146215398
46,1000,RS,-0.61540348972175807,-0.43034998061325769,1,0.18505350910850038
46,2000,PI,-0.58638514985872725,-0.38462949060159796,1,0.20175565925712929
46,2000,Boot,-0.5792340541462091,-0.37189596314454132,1,0.20733809100166778
46,2000,RS,-0.64628205166532682,-0.32473258879499833,1,0.32154946287032848
46,5000,PI,-0.49273262894174102,-0.37126221665060771,1,0.12147041229113331
46,5000,Boot,-0.49414254437138405,-0.35908040472578767,1,0.13506213964559638
46,5000,RS,-0.52468538518921548,-0.33930946040313331,1,0.18537592478608217
46,10000,PI,-0.47904742401605005,-0.39488638259607711,1,0.084161041419972937
46,10000,Boot,-0.48433877086150123,-0.39243200368769465,1,0.091906767173806581
46,10000,RS,-0.47874144207320291,-0.39519236453892426,1,0.083549077534278648
47,500,PI,-0.81006545018659271,-0.2891858189734105,1,0.52087963121318226
47,500,Boot,-0.74334470697056343,-0.30969189603780156,1,0.43365281093276187
47,500,RS,-0.63409891463657453,-0.46515235452342857,0,0.16894656011314596
47,1000,PI,-0.61114039396704367,-0.30867601835228398,1,0.3024643756147597
47,1000,Boot,-0.61341460250022084,-0.29216142914734577,1,0.32125317335287507
47,1000,RS,-0.59739183189223188,-0.32242458042709576,1,0.27496725146513612
47,2000,PI,-0.59530028313724914,-0.39534461904735857,1,0.19995566408989057
47,2000,Boot,-0.58942850699129401,-0.39972977830088746,1,0.18969872869040655
47,2000,RS,-0.61111829202891399,-0.37952661015569367,1,0.23159168187322032
47,5000,PI,-0.56242602350622517,-0.43823149393609834,1,0.12419452957012683
47,5000,Boot,-0.57356672203008063,-0.4388986953233216,1,0.13466802670675904
47,5000,RS,-0.53831841682565662,-0.46233910061666689,0,0.075979316208989733
47,10000,PI,-0.53830707472938644,-0.45198260273118973,0,0.086324471998196706
47,10000,Boot,-0.54630635807821237,-0.45073243398315083,0,0.095573924095061547
47,10000,RS,-0.51356289900121588,-0.47672677845936035,0,0.036836120541855533
48,500,PI,-0.4860518236483074,0.0066709695833194194,1,0.49272279323162682
48,500,Boot,-0.44529276447485522,-0.03041112663966869,0,0.4148816378351865
48,500,RS,-0.37954054471339838,-0.099840309351589579,0,0.27970023536180877
48,1000,PI,-0.3930563215327999,-0.10841482187590623,0,0.28464149965689367
48,1000,Boot,-0.38605971374537368,-0.099340223662776478,0,0.28671949008259723
48,1000,RS,-0.28545507326302433,-0.2160160701456818,0,0.069439003117342524
48,2000,PI,-0.48565884271091481,-0.28904238276335975,1,0.19661645994755506
48,2000,Boot,-0.47213222180195946,-0.29137556453033364,1,0.18075665727162582
48,2000,RS,-0.64640467954822423,-0.12829654592605033,1,0.51810813362217389
48,5000,PI,-0.51176695370934155,-0.38975757214387952,1,0.12200938156546204
48,5000,Boot,-0.50068144930891678,-0.38767004127676802,1,0.11301140803214876
48,5000,RS,-0.59574079737961982,-0.30578372847360125,1,0.28995706890601858
48,10000,PI,-0.48445834795794995,-0.40047041874593758,1,0.083987929212012369
48,10000,Boot,-0.47969188935996909,-0.40214717639183351,1,0.077544712968135587
48,10000,RS,-0.50117454155918317,-0.38375422514470431,1,0.11742031641447886
49,500,PI,-0.64955012497199027,-0.1825897904917991,1,0.46696033448019114
49,500,Boot,-0.64935597938406686,-0.19959822188155982,1,0.44975775750250702
49,500,RS,-0.58286262567258817,-0.24927728979120123,1,0.33358533588138695
49,1000,PI,-0.55809415945618146,-0.26429415134270268,1,0.29380000811347878
49,1000,Boot,-0.55265755250074422,-0.27039982931702411,1,0.28225772318372011
49,1000,RS,-0.503522693785734,-0.31886561701315003,1,0.18465707677258397
49,2000,PI,-0.51353697560814315,-0.32179728320208251,1,0.19173969240606065
49,2000,Boot,-0.52270558746325901,-0.30841424046501897,1,0.21429134699824004
49,2000,RS,-0.44224289682804252,-0.39309136198218309,0,0.049151534845859435
49,5000,PI,-0.49884710490402701,-0.37751129812242473,1,0.12133580678160227
49,5000,Boot,-0.49340966597570285,-0.37239921086000172,1,0.12101045511570113
49,5000,RS,-0.48645414826736205,-0.38990425475908969,1,0.096549893508272366
49,10000,PI,-0.46468944256374911,-0.38185424990228456,1,0.082835192661464552
49,10000,Boot,-0.46442555527092461,-0.37297170806675906,1,0.09145384720416555
49,10000,RS,-0.46229697424997612,-0.38424671821605755,1,0.078050256033918575
50,500,PI,-0.45175140815369808,-0.018953495699292361,1,0.43279791245440569
50,500,Boot,-0.43088793919862101,-0.027529974625217529,0,0.40335796457340345
50,500,RS,-0.26599354175128931,-0.2047113621017011,0,0.061282179649588209
50,1000,PI,-0.49743111590650729,-0.20910409515469036,1,0.28832702075181693
50,1000,Boot,-0.49443370652809937,-0.19452710850976737,1,0.29990659801833197
50,1000,RS,-0.59983509982783056,-0.10670011123336709,1,0.49313498859446347
50,2000,PI,-0.5447190984415694,-0.35002671153793202,1,0.19469238690363738
50,2000,Boot,-0.54992654173333033,-0.32855668851884406,1,0.22136985321448627
50,2000,RS,-0.65503267221220529,-0.23971313776729616,1,0.4153195344449091
50,5000,PI,-0.53298818552047733,-0.41155182691665021,1,0.12143635860382712
50,5000,Boot,-0.53605156302522072,-0.41849125738004228,1,0.11756030564517844
50,5000,RS,-0.55438823090851197,-0.39015178152861552,1,0.16423644937989645
50,10000,PI,-0.50302108694412839,-0.41899596209587209,1,0.084025124848256305
50,10000,Boot,-0.50114420219980549,-0.42352940131140604,1,0.077614800888399449
50,10000,RS,-0.50469195203576889,-0.41732509700423159,1,0.087366855031537294
51,500,PI,-0.65362485100482526,-0.20269367139894773,1,0.45093117960587753
51,500,Boot,-0.60113294844852772,-0.21775925702697321,1,0.38337369142155453
51,500,RS,-0.64091008842480179,-0.21540843397897111,1,0.42550165444583066
51,1000,PI,-0.57993810589923545,-0.27360882837381606,1,0.30632927752541939
51,1000,Boot,-0.54170201710201815,-0.28002838861118828,1,0.26167362849082987
51,1000,RS,-0.54107017070502816,-0.31247676356802334,1,0.22859340713700482
51,2000,PI,-0.4775428949543602,-0.28120965385146968,1,0.19633324110289052
51,2000,Boot,-0.4665789490749217,-0.28092034933234034,1,0.18565859974258136
51,2000,RS,-0.47789150171708239,-0.28086104708874748,1,0.19703045462833491
51,5000,PI,-0.4680082502049811,-0.348106305769536,1,0.11990194443544511
51,5000,Boot,-0.46792490762430189,-0.34295025892233189,1,0.12497464870197
51,5000,RS,-0.44250339638654801,-0.37361115958796909,0,0.068892236798578921
51,10000,PI,-0.4626091356587359,-0.37909500974913818,1,0.083514125909597725
51,10000,Boot,-0.45588877424183594,-0.37270301050759702,1,0.083185763734238916
51,10000,RS,-0.4688336029241621,-0.37287054248371199,1,0.09596306044045011
52,500,PI,-0.51904788945139013,-0.037055652782826742,1,0.48199223666856339
52,500,Boot,-0.47074307969429596,-0.054016408481322442,1,0.41672667121297352
52,500,RS,-0.51243452672335188,-0.043669015510864967,1,0.46876551121248689
52,1000,PI,-0.41315258832948987,-0.14328207310773891,0,0.26987051522175098
52,1000,Boot,-0.3902724999741497,-0.12331384658886385,0,0.26695865338528585
52,1000,RS,-0.34503747164387416,-0.21139718979335459,0,0.13364028185051957
52,2000,PI,-0.45644397489357291,-0.27457909189528873,1,0.18186488299828418
52,2000,Boot,-0.44344788316717099,-0.2645584261012589,0,0.17888945706591208
52,2000,RS,-0.56407153718196823,-0.16695152960689338,1,0.39712000757507482
52,5000,PI,-0.46317789039328494,-0.34732267883986134,1,0.1158552115534236
52,5000,Boot,-0.45293415559341993,-0.34748453170494514,1,0.10544962388847479
52,5000,RS,-0.49653315802009612,-0.31396741121305016,1,0.18256574680704596
52,10000,PI,-0.48002279824035804,-0.39769774731111346,1,0.082325050929244581
52,10000,Boot,-0.47608934928709318,-0.39503500018236515,1,0.08105434910472803
52,10000,RS,-0.52473495332460995,-0.35298559222686154,1,0.17174936109774841
53,500,PI,-0.57454259704132959,-0.12323368400762738,1,0.45130891303370224
53,500,Boot,-0.5593249812908041,-0.1268070826051528,1,0.43251789868565127
53,500,RS,-0.38226995668009633,-0.31550632436886061,0,0.066763632311235721
53,1000,PI,-0.425680559090032,-0.14630889965648886,0,0.27937165943354314
53,1000,Boot,-0.43273934736626207,-0.13756759903575774,0,0.2951717483305043
53,1000,RS,-0.40097151735416175,-0.1710179413923591,0,0.22995357596180266
53,2000,PI,-0.50260551528852215,-0.30945565508258382,1,0.19314986020593833
53,2000,Boot,-0.49453337064417535,-0.29619623951628365,1,0.1983371311278917
53,2000,RS,-0.59652736091130387,-0.21553380945980205,1,0.38099355145150182
53,5000,PI,-0.51080500323799882,-0.38988701989913532,1,0.1209179833388635
53,5000,Boot,-0.50740032860816375,-0.38287751162119887,1,0.12452281698696488
53,5000,RS,-0.5436223241066872,-0.35706969903044689,1,0.18655262507624032
53,10000,PI,-0.49022067635729594,-0.40691122793216383,1,0.083309448425132104
53,10000,Boot,-0.48992182456773647,-0.40370979222009024,1,0.086212032347646239
53,10000,RS,-0.48681925581641916,-0.41031264847304061,1,0.076506607343378552
54,500,PI,-0.48775217314830938,-0.02742823954546364,1,0.46032393360284574
54,500,Boot,-0.43702102919517199,-0.016148424731926847,0,0.42087260446324515
54,500,RS,-0.35544607221241586,-0.15973434048135715,0,0.19571173173105871
54,1000,PI,-0.47041815548120536,-0.19245081534252839,1,0.27796734013867697
54,1000,Boot,-0.46114214690532151,-0.19711079542699936,1,0.26403135147832213
54,1000,RS,-0.50733159447172027,-0.15553737635201342,1,0.35179421811970685
54,2000,PI,-0.49399646786384255,-0.2974953928913493,1,0.19650107497249325
54,2000,Boot,-0.49291164612645677,-0.29038389873784709,1,0.20252774738860968
54,2000,RS,-0.55955984736542164,-0.23193201338977021,1,0.32762783397565143
54,5000,PI,-0.46555795568674213,-0.34855013671881135,1,0.11700781896793078
54,5000,Boot,-0.45759987632473403,-0.34969150937503085,1,0.10790836694970318
54,5000,RS,-0.47561468546699315,-0.33849340693856034,1,0.13712127852843281
54,10000,PI,-0.50741944493119218,-0.42365101168151004,1,0.083768433249682139
54,10000,Boot,-0.50423579352886228,-0.42421031802678211,1,0.080025475502080168
54,10000,RS,-0.58632222964532466,-0.3447482269673775,1,0.24157400267794715
55,500,PI,-0.58600771649121819,-0.15598780501423037,1,0.43001991147698782
55,500,Boot,-0.53716531957297642,-0.15113204121160723,1,0.38603327836136919
55,500,RS,-0.49115281156164403,-0.25084270994380453,1,0.2403101016178395
55,1000,PI,-0.59452851233610182,-0.30093466711851657,1,0.29359384521758525
55,1000,Boot,-0.57900495422643528,-0.30435740831741476,1,0.27464754590902052
55,1000,RS,-0.56792346849039654,-0.32753971096422185,1,0.24038375752617469
55,2000,PI,-0.57154951028508816,-0.36944878800537007,1,0.20210072227971809
55,2000,Boot,-0.5545464601633795,-0.36542001582304517,1,0.18912644434033432
55,2000,RS,-0.54040502626016951,-0.40059327203028877,1,0.13981175422988074
55,5000,PI,-0.47470560264376477,-0.35516528142438547,1,0.1195403212193793
55,5000,Boot,-0.46368825530325447,-0.35809254651538208,1,0.10559570878787239
55,5000,RS,-0.50917600753483983,-0.32069487653331041,1,0.18848113100152941
55,10000,PI,-0.49355375235407828,-0.40992536231209553,1,0.083628390041982748
55,10000,Boot,-0.49148689594250938,-0.40629225498813293,1,0.085194640954376455
55,10000,RS,-0.52694664290064352,-0.37653247176553029,1,0.15041417113511324
56,500,PI,-0.66657575389606072,-0.18333058709600689,1,0.4832451668000538
56,500,Boot,-0.68834911641713004,-0.17385511341030496,1,0.51449400300682502
56,500,RS,-0.54616885213129673,-0.3037374888607709,1,0.24243136327052583
56,1000,PI,-0.57210229560681047,-0.28460646585244609,1,0.28749582975436438
56,1000,Boot,-0.60103037638929113,-0.23758181697190076,1,0.3634485594173904
56,1000,RS,-0.47337795394029708,-0.38333080751895948,1,0.090047146421337598
56,2000,PI,-0.53375735771631483,-0.34280689833854955,1,0.19095045937776528
56,2000,Boot,-0.53109688680518852,-0.32282660624510673,1,0.20827028056008179
56,2000,RS,-0.4732712779287962,-0.40329297812606824,1,0.069978299802727961
56,5000,PI,-0.52633589461840635,-0.40607895639160019,1,0.12025693822680616
56,5000,Boot,-0.52860674078485592,-0.40845006134550488,1,0.12015667943935104
56,5000,RS,-0.50541146349989474,-0.42700338751011185,1,0.078408075989782888
56,10000,PI,-0.50418156890380572,-0.42015283422122468,1,0.084028734682581041
56,10000,Boot,-0.50036767557022599,-0.41702605093632833,1,0.08334162463389766
56,10000,RS,-0.48593446856721834,-0.43839993455781212,1,0.047534534009406215
57,500,PI,-0.63975808083508101,-0.19652398129522797,1,0.44323409953985304
57,500,Boot,-0.59122855682752018,-0.19176288376643066,1,0.39946567306108949
57,500,RS,-0.50110827069292752,-0.33517379143738146,1,0.16593447925554605
57,1000,PI,-0.55908758420186022,-0.28501519440472889,1,0.27407238979713133
57,1000,Boot,-0.52604898840129266,-0.27119336829005292,1,0.25485562011123974
57,1000,RS,-0.44463375234474573,-0.39946902626184339,0,0.04516472608290234
57,2000,PI,-0.50269500999421768,-0.32116208720554873,1,0.18153292278866895
57,2000,Boot,-0.49580866636550547,-0.30539634554186279,1,0.19041232082364268
57,2000,RS,-0.42998311569976977,-0.39387398149999664,0,0.03610913419977313
57,5000,PI,-0.48325754305863761,-0.36718208986296769,1,0.11607545319566992
57,5000,Boot,-0.47548139918629539,-0.36390669519637447,1,0.11157470398992092
57,5000,RS,-0.46660116884409936,-0.38383846407750594,1,0.08276270476659342
57,10000,PI,-0.47027768323335972,-0.38822106803126311,1,0.082056615202096617
57,10000,Boot,-0.46485156722714055,-0.38586918848083313,1,0.078982378746307424
57,10000,RS,-0.46440002321565232,-0.3940987280489705,1,0.070301295166681821
58,500,PI,-0.77449614802063138,-0.30494487048920482,1,0.46955127753142656
58,500,Boot,-0.74623594925003389,-0.32467724235845863,1,0.42155870689157526
58,500,RS,-0.65952883387533523,-0.41991218463450097,1,0.23961664924083426
58,1000,PI,-0.62412336626520271,-0.33302858658487422,1,0.29109477968032849
58,1000,Boot,-0.61002570041416604,-0.32271800696734498,1,0.28730769344682106
58,1000,RS,-0.66282440952903443,-0.2943275433210425,1,0.36849686620799194
58,2000,PI,-0.5484154280351704,-0.35007907492005197,1,0.19833635311511844
58,2000,Boot,-0.53659198217759241,-0.34551914487592189,1,0.19107283730167052
58,2000,RS,-0.54352072680699814,-0.35497377614822423,1,0.18854695065877392
58,5000,PI,-0.53049234159013237,-0.40902807885530174,1,0.12146426273483063
58,5000,Boot,-0.52444478331987787,-0.40014751231810958,1,0.12429727100176829
58,5000,RS,-0.57615954554267168,-0.36336087490276253,1,0.21279867063990915
58,10000,PI,-0.50862623325626832,-0.42374419703476596,1,0.084882036221502366
58,10000,Boot,-0.5064822194224351,-0.4237363447445735,1,0.082745874677861597
58,10000,RS,-0.50948153958295039,-0.42288889070808389,1,0.086592648874866507
59,500,PI,-0.56387809451652782,-0.085015212092770354,1,0.47886288242375746
59,500,Boot,-0.54026686164353499,-0.077739563314440652,1,0.46252729832909434
59,500,RS,-0.42707152405235532,-0.2218217825569429,0,0.20524974149541242
59,1000,PI,-0.50486696484991822,-0.2222884873593636,1,0.28257847749055465
59,1000,Boot,-0.4869965771431099,-0.17107563411982968,1,0.31592094302328022
59,1000,RS,-0.44999328837523295,-0.27716216383404885,1,0.1728311245411841
59,2000,PI,-0.53855624056215401,-0.34499717207528008,1,0.19355906848687393
59,2000,Boot,-0.54183106306884776,-0.32414060593656585,1,0.21769045713228191
59,2000,RS,-0.64045850440109064,-0.24309490823634347,1,0.39736359616474715
59,5000,PI,-0.51409813176863328,-0.39330486155181754,1,0.12079327021681574
59,5000,Boot,-0.52134728662498497,-0.37741322737887484,1,0.14393405924611014
59,5000,RS,-0.51356957100722778,-0.39383342231322305,1,0.11973614869400473
59,10000,PI,-0.48326280908775243,-0.3997054539479481,1,0.083557355139804335
59,10000,Boot,-0.47683519674152613,-0.3930891034835568,1,0.083746093257969334
59,10000,RS,-0.48879292112319672,-0.39417534191250381,1,0.094617579210692915
60,500,PI,-0.76839786261256982,-0.25068308215954954,1,0.51771478045302022
60,500,Boot,-0.72085119029183731,-0.2603393720563163,1,0.46051181823552101
60,500,RS,-0.58266461103701928,-0.43641633373510014,1,0.14624827730191914
60,1000,PI,-0.59366782728948631,-0.27869000661004806,1,0.31497782067943825
60,1000,Boot,-0.56853667678998621,-0.27408799824284813,1,0.29444867854713808
60,1000,RS,-0.63913126335980341,-0.23322657053973092,1,0.40590469282007247
60,2000,PI,-0.53122285991411333,-0.33058554120240918,1,0.20063731871170415
60,2000,Boot,-0.52932117677665025,-0.31721029635213982,1,0.21211088042451043
60,2000,RS,-0.53862564638688981,-0.32318275472963276,1,0.21544289165725705
60,5000,PI,-0.49942809172093472,-0.37776872459194433,1,0.12165936712899039
60,5000,Boot,-0.49889314019309061,-0.37384723600049075,1,0.12504590419259987
60,5000,RS,-0.49720446368918902,-0.37999235262369002,1,0.117212111065499
60,10000,PI,-0.4595676371386308,-0.37632803674895909,1,0.083239600389671708
60,10000,Boot,-0.45716885999642731,-0.3737014582498685,1,0.083467401746558811
60,10000,RS,-0.46815483863025237,-0.36774083525733753,1,0.10041400337291484
61,500,PI,-0.57989907211016023,-0.13214905360452361,1,0.44775001850563662
61,500,Boot,-0.56911087296741103,-0.11850088898453376,1,0.45060998398287727
61,500,RS,-0.4890268587521116,-0.22302126696257221,1,0.26600559178953942
61,1000,PI,-0.52752416639425004,-0.24701848278756641,1,0.2805056836066836
61,1000,Boot,-0.50887984979236334,-0.24089998714382097,1,0.26797986264854234
61,1000,RS,-0.46255759316856959,-0.31198505601324689,1,0.15057253715532271
61,2000,PI,-0.45929150506026961,-0.26944446398448574,1,0.18984704107578387
61,2000,Boot,-0.44699237228259653,-0.26196907942576242,0,0.18502329285683411
61,2000,RS,-0.41439855315140345,-0.3143374158933519,0,0.10006113725805155
61,5000,PI,-0.41222866125653274,-0.29534166866948669,0,0.11688699258704605
61,5000,Boot,-0.40812609516672838,-0.29368186053392226,0,0.11444423463280612
61,5000,RS,-0.41669765261272262,-0.2908726773132968,0,0.12582497529942582
61,10000,PI,-0.4422055935540794,-0.35936734839043105,0,0.08283824516364835
61,10000,Boot,-0.4403448984278438,-0.35257751207389021,0,0.087767386353953591
61,10000,RS,-0.48552306922634603,-0.31604987271816443,1,0.1694731965081816
62,500,PI,-0.82541175064055261,-0.31746970716182654,1,0.50794204347872607
62,500,Boot,-0.76815986989310914,-0.33730061450338994,1,0.4308592553897192
62,500,RS,-0.64989259370731789,-0.49298886409506132,0,0.15690372961225657
62,1000,PI,-0.59400585688293428,-0.30458752651690385,1,0.28941833036603043
62,1000,Boot,-0.59605281107101415,-0.27857176555988139,1,0.31748104551113276
62,1000,RS,-0.63281120292689685,-0.26578218047294133,1,0.36702902245395552
62,2000,PI,-0.56500472615368491,-0.37374353875308253,1,0.19126118740060238
62,2000,Boot,-0.57554506931496496,-0.35911281409239998,1,0.21643225522256498
62,2000,RS,-0.54810499306739779,-0.39064327183936959,1,0.15746172122802821
62,5000,PI,-0.52585442215314804,-0.40549857422484759,1,0.12035584792830045
62,5000,Boot,-0.53880147377476273,-0.40687177848126421,1,0.13192969529349852
62,5000,RS,-0.50661257463088971,-0.42474042174710597,1,0.081872152883783744
62,10000,PI,-0.49593931772535538,-0.41407630268196916,1,0.081863015043386222
62,10000,Boot,-0.50768678862576444,-0.41074448615036296,1,0.096942302475401476
62,10000,RS,-0.50720417886131985,-0.40281144154600468,1,0.10439273731531518
63,500,PI,-0.87700627381644369,-0.30164015875844002,1,0.57536611505800361
63,500,Boot,-0.81298652942478744,-0.32015572094809774,1,0.4928308084766897
63,500,RS,-0.72734135919165555,-0.45130507338322817,0,0.27603628580842737
63,1000,PI,-0.64881611137872897,-0.35182903979692703,1,0.29698707158180193
63,1000,Boot,-0.64949373185439563,-0.3353430569296651,1,0.31415067492473053
63,1000,RS,-0.63543800127274364,-0.36520714990291236,1,0.27023085136983127
63,2000,PI,-0.59505464377378159,-0.3933144042307265,1,0.20174023954305509
63,2000,Boot,-0.58407389230997109,-0.3851168038008923,1,0.19895708850907878
63,2000,RS,-0.54531233642528121,-0.44305671157922694,1,0.10225562484605427
63,5000,PI,-0.53432933146240491,-0.41387127904818688,1,0.12045805241421803
63,5000,Boot,-0.53242758575861093,-0.41440431806393907,1,0.11802326769467186
63,5000,RS,-0.51863901226003983,-0.42956159825055196,1,0.089077414009487876
63,10000,PI,-0.51083640023739296,-0.42611895269691336,1,0.084717447540479607
63,10000,Boot,-0.51231691151823011,-0.42483729681628518,1,0.08747961470194493
63,10000,RS,-0.49960525727069094,-0.43735009566361538,1,0.06225516160707556
64,500,PI,-0.63714981156897554,-0.15924859173685041,1,0.47790121983212513
64,500,Boot,-0.579403395804437,-0.15149495802028975,1,0.42790843778414722
64,500,RS,-0.49233238347888919,-0.30406601982693682,1,0.18826636365195237
64,1000,PI,-0.63718114069855214,-0.3218213883011472,1,0.31535975239740494
64,1000,Boot,-0.60643700496717379,-0.31964533828461317,1,0.28679166668256062
64,1000,RS,-0.66430230986795702,-0.29470021913174232,1,0.36960209073621469
64,2000,PI,-0.54363737909577459,-0.34299295432854915,1,0.20064442476722544
64,2000,Boot,-0.52769960584619025,-0.33465896651457461,1,0.19304063933161564
64,2000,RS,-0.5189943282689764,-0.36763600515534733,1,0.15135832311362907
64,5000,PI,-0.55762435747723882,-0.43256502030755267,1,0.12505933716968615
64,5000,Boot,-0.55247591464080514,-0.42699151455296158,1,0.12548440008784356
64,5000,RS,-0.5668273179729385,-0.42336205981185299,1,0.14346525816108552
64,10000,PI,-0.52797983008081817,-0.44105777936278995,1,0.086922050718028221
64,10000,Boot,-0.52993964208847055,-0.43568548742658197,1,0.094254154661888578
64,10000,RS,-0.52063598794486721,-0.44840162149874091,0,0.072234366446126297
65,500,PI,-0.53634545995396155,-0.10078367573273239,1,0.43556178422122915
65,500,Boot,-0.51686832196167765,-0.11352395639529658,1,0.40334436556638109
65,500,RS,-0.42808850706721552,-0.20904062861947842,0,0.2190478784477371
65,1000,PI,-0.49589438073641756,-0.22127879326055022,1,0.27461558747586734
65,1000,Boot,-0.48228535128024597,-0.21170389310937335,1,0.27058145817087265
65,1000,RS,-0.4211164237932401,-0.29605675020372768,0,0.12505967358951242
65,2000,PI,-0.47865471582843877,-0.29035355456225731,1,0.18830116126618146
65,2000,Boot,-0.47565411972455679,-0.27972045416715319,1,0.1959336655574036
65,2000,RS,-0.42961152279971426,-0.33939674759098182,0,0.090214775208732445
65,5000,PI,-0.50503021664714443,-0.38385173821190621,1,0.12117847843523821
65,5000,Boot,-0.51023797266990423,-0.38830995067211221,1,0.12192802199779201
65,5000,RS,-0.52042213952410821,-0.36845981533494243,1,0.15196232418916578
65,10000,PI,-0.5146976910794856,-0.43031789480857768,1,0.084379796270907914
65,10000,Boot,-0.50927601524644139,-0.43216867236096385,1,0.077107342885477548
65,10000,RS,-0.54276548963725968,-0.40225009625080366,1,0.14051539338645602
66,500,PI,-0.68075079843422026,-0.17864306145903364,1,0.50210773697518662
66,500,Boot,-0.65305129779525695,-0.21489018969380094,1,0.43816110810145603
66,500,RS,-0.61544296413456767,-0.2439508957586862,1,0.37149206837588145
66,1000,PI,-0.59675440173617111,-0.31004723030382542,1,0.2867071714323457
66,1000,Boot,-0.59226897790118338,-0.29701617282279602,1,0.29525280507838736
66,1000,RS,-0.52091097650775475,-0.38589065553224178,1,0.13502032097551298
66,2000,PI,-0.53366236212123286,-0.34385011167008123,1,0.18981225045115163
66,2000,Boot,-0.52661878917090554,-0.33160223804810679,1,0.19501655112279875
66,2000,RS,-0.49177684671127198,-0.38573562708004216,1,0.10604121963122981
66,5000,PI,-0.46259869516808266,-0.34733520472411133,1,0.11526349044397133
66,5000,Boot,-0.46658519840720164,-0.34664546222689124,1,0.1199397361803104
66,5000,RS,-0.4595706685760082,-0.3503632313161858,1,0.1092074372598224
66,10000,PI,-0.44608924339223055,-0.3643115375235273,0,0.081777705868703254
66,10000,Boot,-0.44852489161535503,-0.36142378840558637,1,0.08710110320976866
66,10000,RS,-0.43155146641729986,-0.37884931449845799,0,0.052702151918841866
67,500,PI,-0.72731453751256248,-0.22235660785296391,1,0.50495792965959851
67,500,Boot,-0.6653134654602384,-0.21718540975730816,1,0.44812805570293024
67,500,RS,-0.58891413340173515,-0.36075701196379129,1,0.22815712143794387
67,1000,PI,-0.63382237702881961,-0.32808999446863663,1,0.30573238256018298
67,1000,Boot,-0.61470753324855254,-0.33172893762171052,1,0.28297859562684202
67,1000,RS,-0.53311806552851104,-0.42879430596894513,1,0.10432375955956591
67,2000,PI,-0.59966654615277248,-0.39504933722209634,1,0.20461720893067614
67,2000,Boot,-0.58205232896278125,-0.382482310527133,1,0.19957001843564826
67,2000,RS,-0.5238427469173107,-0.47087313645755813,0,0.05296961045975257
67,5000,PI,-0.52665053220945424,-0.40659267685090339,1,0.12005785535855085
67,5000,Boot,-0.5172138366213922,-0.39745578103391099,1,0.1197580555874812
67,5000,RS,-0.51568955353680412,-0.4175536555235535,1,0.098135898013250622
67,10000,PI,-0.51819636544264158,-0.43452356684725241,1,0.083672798595389175
67,10000,Boot,-0.51505223572287973,-0.42245220556311641,1,0.092600030159763314
67,10000,RS,-0.49779685802790469,-0.45492307426198925,0,0.042873783765915441
68,500,PI,-0.46811817034718217,-0.018925269062998212,1,0.44919290128418399
68,500,Boot,-0.46489000195166302,-0.056952821484338279,1,0.40793718046732474
68,500,RS,-0.30160111967669234,-0.18544231973348801,0,0.11615879994320433
68,1000,PI,-0.44524260785118186,-0.17757054644095616,0,0.2676720614102257
68,1000,Boot,-0.44428969415334962,-0.19202626644387405,0,0.25226342770947557
68,1000,RS,-0.42272523788544425,-0.20008791640669377,0,0.22263732147875048
68,2000,PI,-0.47065164821915517,-0.28309430363058774,1,0.18755734458856743
68,2000,Boot,-0.46078901237248376,-0.29604144988153847,1,0.1647475624909453
68,2000,RS,-0.54512836215126881,-0.20861758969847408,1,0.3365107724527947
68,5000,PI,-0.452817549506147,-0.33484850024844376,1,0.11796904925770324
68,5000,Boot,-0.44788800034519599,-0.33262248263028477,1,0.11526551771491123
68,5000,RS,-0.4935356962968237,-0.29413035345776706,1,0.19940534283905664
68,10000,PI,-0.45510843535443607,-0.37229101652545465,1,0.082817418828981415
68,10000,Boot,-0.44570941946847209,-0.36897668906134556,0,0.076732730407126526
68,10000,RS,-0.46872774724998939,-0.35867170462990133,1,0.11005604262008806
69,500,PI,-0.52245421593280084,-0.043367156585697314,1,0.47908705934710349
69,500,Boot,-0.46345778998951431,-0.039261625791601612,1,0.42419616419791273
69,500,RS,-0.43294109970262817,-0.13288027281586998,0,0.30006082688675817
69,1000,PI,-0.50553772769698258,-0.21754998269412754,1,0.28798774500285507
69,1000,Boot,-0.49098030141757509,-0.21415785015746067,1,0.2768224512601144
69,1000,RS,-0.55024501584567154,-0.17284269454543852,1,0.37740232130023299
69,2000,PI,-0.4821976295793316,-0.28884730698669187,1,0.19335032259263973
69,2000,Boot,-0.46445659142461382,-0.29541758731103712,1,0.1690390041135767
69,2000,RS,-0.47300145160922813,-0.29804348495679533,1,0.17495796665243279
69,5000,PI,-0.43271878747266201,-0.31499803955495365,0,0.11772074791770837
69,5000,Boot,-0.4251313722733851,-0.30145828854074835,0,0.12367308373263675
69,5000,RS,-0.41989222433587003,-0.32782460269174563,0,0.092067621644124409
69,10000,PI,-0.43170086328792079,-0.34916124889378797,0,0.082539614394132821
69,10000,Boot,-0.4250304933500289,-0.34599305129251023,0,0.07903744205751867
69,10000,RS,-0.41596383939043247,-0.36489827279127629,0,0.051065566599156176
70,500,PI,-0.58352686583804181,-0.14141562282800804,1,0.44211124301003379
70,500,Boot,-0.57002683376965413,-0.17224105847093518,1,0.39778577529871895
70,500,RS,-0.46134524644434588,-0.26359724222170394,1,0.19774800422264194
70,1000,PI,-0.60243378505545153,-0.31911304632069981,1,0.28332073873475172
70,1000,Boot,-0.58063342553284258,-0.30647836229443082,1,0.27415506323841177
70,1000,RS,-0.66244633401340769,-0.25910049736274365,1,0.40334583665066404
70,2000,PI,-0.58194149351875857,-0.38327053146668555,1,0.19867096205207302
70,2000,Boot,-0.57141283749653971,-0.3782977994229898,1,0.19311503807354991
70,2000,RS,-0.59070317267051764,-0.37450885231492648,1,0.21619432035559116
70,5000,PI,-0.49597399504144613,-0.37673802227958375,1,0.11923597276186237
70,5000,Boot,-0.49083191421644995,-0.37641298091436376,1,0.11441893330208619
70,5000,RS,-0.53630239031967741,-0.33640962700135246,1,0.19989276331832495
70,10000,PI,-0.49538061065144179,-0.41225889212174249,1,0.083121718529699296
70,10000,Boot,-0.48975521717939124,-0.41937007464059484,1,0.070385142538796408
70,10000,RS,-0.49162222691169688,-0.4160172758614874,1,0.075604951050209479
71,500,PI,-0.77008920732536001,-0.25304448018257414,1,0.51704472714278582
71,500,Boot,-0.72550549486525462,-0.30873258990662789,1,0.41677290495862673
71,500,RS,-0.6178463929265321,-0.40528729458140206,1,0.21255909834513004
71,1000,PI,-0.64030151202878127,-0.34168391246336716,1,0.29861759956541412
71,1000,Boot,-0.61376635689683767,-0.34159874174674026,1,0.27216761515009741
71,1000,RS,-0.53217487223810123,-0.44981055225404726,0,0.082364319984053969
71,2000,PI,-0.57554446968466599,-0.37968559220822018,1,0.19585887747644581
71,2000,Boot,-0.56588469215624404,-0.36214444928898809,1,0.20374024286725595
71,2000,RS,-0.53812303356073721,-0.41710702833214897,1,0.12101600522858824
71,5000,PI,-0.51075530585487039,-0.39051127470092661,1,0.12024403115394378
71,5000,Boot,-0.50148160845411627,-0.38384716715328149,1,0.11763444130083478
71,5000,RS,-0.51179124305682311,-0.38947533749897389,1,0.12231590555784921
71,10000,PI,-0.46812139492797034,-0.38425369297849166,1,0.083867701949478679
71,10000,Boot,-0.45994031524254669,-0.380352356203148,1,0.079587959039398692
71,10000,RS,-0.480696225451473,-0.37167886245498899,1,0.10901736299648401
72,500,PI,-0.81743105605136868,-0.3738280587108091,1,0.44360299734055958
72,500,Boot,-0.77886637287962546,-0.39213805443567346,1,0.386728318443952
72,500,RS,-0.71634740076374281,-0.47491171399843501,0,0.2414356867653078
72,1000,PI,-0.66752216734728287,-0.37522217047725143,1,0.29229999687003144
72,1000,Boot,-0.65228098096730647,-0.35607473624248109,1,0.29620624472482537
72,1000,RS,-0.74252539744819623,-0.30021894037633795,1,0.44230645707185828
72,2000,PI,-0.52545171841231597,-0.33701313295936913,1,0.18843858545294684
72,2000,Boot,-0.52923043878456644,-0.33287169049089205,1,0.19635874829367439
72,2000,RS,-0.62879861327441033,-0.23366623809727485,1,0.39513237517713551
72,5000,PI,-0.49832046023819021,-0.38007497134057178,1,0.11824548889761843
72,5000,Boot,-0.49568699002020183,-0.37770950586871749,1,0.11797748415148435
72,5000,RS,-0.48989511862941548,-0.3885003129493465,1,0.10139480568006898
72,10000,PI,-0.47479314820434804,-0.39199769634775161,1,0.082795451856596425
72,10000,Boot,-0.47567266620904347,-0.3944647495559952,1,0.081207916653048273
72,10000,RS,-0.45629038522836418,-0.41050045932373547,1,0.045789925904628714
73,500,PI,-0.47882667225712106,-0.043274414462026595,1,0.43555225779509443
73,500,Boot,-0.46775459398781283,-0.051445515879129378,1,0.41630907810868345
73,500,RS,-0.42917825399232595,-0.092922832726821725,0,0.33625542126550423
73,1000,PI,-0.56509219581573245,-0.285801153820474,1,0.27929104199525845
73,1000,Boot,-0.60092593811998074,-0.30514129660721068,1,0.29578464151277006
73,1000,RS,-0.71291460379198168,-0.13797874584422476,1,0.57493585794775692
73,2000,PI,-0.51453827953203168,-0.32601828416581596,1,0.18851999536621572
73,2000,Boot,-0.51990445998753188,-0.32697833874449189,1,0.19292612124303998
73,2000,RS,-0.52051238709667458,-0.32004417660117301,1,0.20046821049550156
73,5000,PI,-0.5147794159609298,-0.39231456803052378,1,0.12246484793040602
73,5000,Boot,-0.50672288135819243,-0.38839153588570452,1,0.11833134547248791
73,5000,RS,-0.505640659204322,-0.40145332478713158,1,0.10418733441719041
73,10000,PI,-0.50144285273074629,-0.41684150281090515,1,0.08460134991984114
73,10000,Boot,-0.50089108309028185,-0.41615641942533538,1,0.084734663664946475
73,10000,RS,-0.48441554050310248,-0.43386881503854896,1,0.050546725464553521
74,500,PI,-0.66126168779931416,-0.1796126906352257,1,0.48164899716408849
74,500,Boot,-0.60482720658542211,-0.18594971105092981,1,0.41887749553449227
74,500,RS,-0.56594045116177816,-0.27493392727276167,1,0.29100652388901649
74,1000,PI,-0.45741996126621098,-0.15144326851313369,1,0.30597669275307726
74,1000,Boot,-0.42401992970388502,-0.17125946656342847,0,0.25276046314045653
74,1000,RS,-0.48758025243493475,-0.12128297734440999,1,0.36629727509052479
74,2000,PI,-0.49241052474737501,-0.29433072374304758,1,0.19807980100432743
74,2000,Boot,-0.49591013651000859,-0.29486036272915228,1,0.20104977378085631
74,2000,RS,-0.5591367211052275,-0.22760452738519507,1,0.3315321937200324
74,5000,PI,-0.47234700386607043,-0.35106329590653484,1,0.12128370795953558
74,5000,Boot,-0.48124556072207514,-0.35048336315976963,1,0.1307621975623055
74,5000,RS,-0.47966509137642038,-0.34374520839618489,1,0.1359198829802355
74,10000,PI,-0.49329917704222292,-0.40877769010301912,1,0.084521486939203805
74,10000,Boot,-0.49123209162826958,-0.40944615333816453,1,0.081785938290105054
74,10000,RS,-0.53422512759172813,-0.36785173955351386,1,0.16637338803821428
75,500,PI,-0.42470022462484081,0.0087797428476096007,0,0.43347996747245043
75,500,Boot,-0.35048715561355381,-0.032889870392743992,0,0.31759728522080982
75,500,RS,-0.3760572998794251,-0.039863181897806133,0,0.33619411798161897
75,1000,PI,-0.49644924296785065,-0.21603695202798789,1,0.28041229093986275
75,1000,Boot,-0.48897573970184977,-0.19992085751953692,1,0.28905488218231284
75,1000,RS,-0.60401224877205506,-0.10847394622378348,1,0.49553830254827158
75,2000,PI,-0.50956876228792936,-0.32081041498149221,1,0.18875834730643715
75,2000,Boot,-0.50016747738125111,-0.30208564566663737,1,0.19808183171461374
75,2000,RS,-0.58547339160564482,-0.24490578566377674,1,0.34056760594186808
75,5000,PI,-0.4993255141864863,-0.38117658444589619,1,0.1181489297405901
75,5000,Boot,-0.49280101205652793,-0.38153944018751201,1,0.11126157186901592
75,5000,RS,-0.5022589648920095,-0.37824313374037305,1,0.12401583115163645
75,10000,PI,-0.49737146665952592,-0.41499152289387842,1,0.082379943765647501
75,10000,Boot,-0.48768296465295485,-0.41337808052384223,1,0.074304884129112625
75,10000,RS,-0.49638875818223671,-0.41597423137116762,1,0.080414526811069087
76,500,PI,-0.52103349340770189,-0.088092689773557331,1,0.43294080363414456
76,500,Boot,-0.51652284516099856,-0.1003491449501728,1,0.41617370021082578
76,500,RS,-0.64033253452585992,0.031206351344600647,1,0.67153888587046051
76,1000,PI,-0.58061527511071231,-0.29145533434172888,1,0.28915994076898344
76,1000,Boot,-0.57500005285965039,-0.30853997852500503,1,0.26646007433464536
76,1000,RS,-0.69330186341651923,-0.17876874603592197,1,0.51453311738059726
76,2000,PI,-0.59472293622492789,-0.40151374453859834,1,0.19320919168632955
76,2000,Boot,-0.58636140447254792,-0.40808693201584639,1,0.17827447245670153
76,2000,RS,-0.6449962791712438,-0.35124040159228243,1,0.29375587757896138
76,5000,PI,-0.55897450535864279,-0.43700338687827173,1,0.12197111848037107
76,5000,Boot,-0.54667980001125838,-0.43777135742722889,1,0.10890844258402949
76,5000,RS,-0.62335832088912579,-0.37261957134778873,1,0.25073874954133707
76,10000,PI,-0.51215268894053323,-0.42777172427920918,1,0.084380964661324054
76,10000,Boot,-0.50898080372053778,-0.42756264461599047,1,0.081418159104547305
76,10000,RS,-0.55706905509262827,-0.38285535812711413,1,0.17421369696551414
77,500,PI,-0.54674898586128706,-0.029176535445721019,1,0.5175724504155661
77,500,Boot,-0.5050853890473268,-0.07230385329753039,1,0.43278153574979639
77,500,RS,-0.42980777630369515,-0.14611774500331295,0,0.28369003130038217
77,1000,PI,-0.53750702631478309,-0.2258147146615489,1,0.31169231165323419
77,1000,Boot,-0.53574357673375761,-0.23554398563392745,1,0.30019959109983019
77,1000,RS,-0.56530924882277134,-0.19801249215356065,1,0.36729675666921069
77,2000,PI,-0.59319917692844237,-0.39262350122421724,1,0.20057567570422513
77,2000,Boot,-0.61495062066147554,-0.38374114955155403,1,0.23120947110992152
77,2000,RS,-0.75879291853361464,-0.22702975961904509,1,0.53176315891456949
77,5000,PI,-0.55884655259637328,-0.43595189954728619,1,0.12289465304908709
77,5000,Boot,-0.56339510892458533,-0.43159981010377524,1,0.13179529882081009
77,5000,RS,-0.56375206436147185,-0.43104638778218768,1,0.13270567657928417
77,10000,PI,-0.513429546223653,-0.42743255890151849,1,0.08599698732213451
77,10000,Boot,-0.51743751976498509,-0.43029331706365526,1,0.087144202701329831
77,10000,RS,-0.53168783276313636,-0.40917427236203513,1,0.12251356040110123
78,500,PI,-0.63249230882939689,-0.19888163062813066,1,0.4336106782012662
78,500,Boot,-0.59206298919481015,-0.18152220902381236,1,0.41054078017099782
78,500,RS,-0.74394956444014559,-0.087424375017381983,1,0.65652518942276361
78,1000,PI,-0.58173443732975127,-0.29083707132713543,1,0.29089736600261584
78,1000,Boot,-0.56432922003329289,-0.29211231703411045,1,0.27221690299918244
78,1000,RS,-0.56372014400235737,-0.30885136465452934,1,0.25486877934782803
78,2000,PI,-0.5553029929211527,-0.36152296445369592,1,0.19378002846745679
78,2000,Boot,-0.53921353188120069,-0.35629955503462363,1,0.18291397684657706
78,2000,RS,-0.51887342122216229,-0.39795253615268628,1,0.12092088506947601
78,5000,PI,-0.52535720729404434,-0.40608857916731156,1,0.11926862812673278
78,5000,Boot,-0.51488741923474468,-0.40427412982529781,1,0.11061328940944687
78,5000,RS,-0.51772597805292919,-0.4137198084084267,1,0.10400616964450249
78,10000,PI,-0.50912976529029175,-0.42509900227949493,1,0.084030763010796816
78,10000,Boot,-0.49974142988140369,-0.42365710371734933,1,0.076084326164054361
78,10000,RS,-0.48958688611832413,-0.44464188145146255,1,0.044945004666861577
79,500,PI,-0.70337209240058751,-0.24464427452451712,1,0.45872781787607042
79,500,Boot,-0.65098504409483038,-0.30976541000927571,1,0.34121963408555467
79,500,RS,-0.83323258553899371,-0.11478378138611084,1,0.71844880415288292
79,1000,PI,-0.70951421784427549,-0.41847414922722681,1,0.29104006861704868
79,1000,Boot,-0.68701870705098711,-0.43804738928593562,1,0.24897131776505149
79,1000,RS,-0.74331638205760842,-0.38467198501389388,1,0.35864439704371454
79,2000,PI,-0.61509976666278554,-0.41831263902252735,1,0.19678712764025819
79,2000,Boot,-0.60615917328028834,-0.40598713769059475,1,0.2001720355896936
79,2000,RS,-0.69482083144389772,-0.33859157424141517,1,0.35622925720248255
79,5000,PI,-0.54619314663879348,-0.42514892672341786,1,0.12104421991537562
79,5000,Boot,-0.53744886799520208,-0.42070948055225788,1,0.11673938744294421
79,5000,RS,-0.5723793438823257,-0.39896272947988565,1,0.17341661440244005
79,10000,PI,-0.50326414518728901,-0.41902578050539485,1,0.084238364681894162
79,10000,Boot,-0.49528546940332607,-0.41960311127668276,1,0.075682358126643312
79,10000,RS,-0.52362569595737996,-0.39866422973530397,1,0.12496146622207599
80,500,PI,-0.90777985794473071,-0.3946816687973187,1,0.51309818914741201
80,500,Boot,-0.85791543287237126,-0.43869460907973101,1,0.41922082379264025
80,500,RS,-0.72867134407009426,-0.57379018267195514,0,0.15488116139813912
80,1000,PI,-0.70151786645906167,-0.39215609357690007,1,0.3093617728821616
80,1000,Boot,-0.68468627265268744,-0.38216366628549114,1,0.3025226063671963
80,1000,RS,-0.70150837025432766,-0.39216558978163407,1,0.30934278047269359
80,2000,PI,-0.61819447478739098,-0.41748442312451173,1,0.20071005166287925
80,2000,Boot,-0.61688389981795044,-0.40659204121154557,1,0.21029185860640487
80,2000,RS,-0.59704585783386122,-0.43863304007804149,1,0.15841281775581972
80,5000,PI,-0.54571332088326252,-0.42019697737260947,1,0.12551634351065305
80,5000,Boot,-0.53315241017630455,-0.41830709094393753,1,0.11484531923236702
80,5000,RS,-0.60606679365382543,-0.3598435046020465,1,0.24622328905177893
80,10000,PI,-0.52526939714705356,-0.43878620827211923,1,0.086483188874934336
80,10000,Boot,-0.52277532095320955,-0.44166692405492558,1,0.081108396898283974
80,10000,RS,-0.52803149109701408,-0.43602411432215871,1,0.092007376774855376
81,500,PI,-0.81248646351463039,-0.31723270908145029,1,0.49525375443318009
81,500,Boot,-0.79297934867356878,-0.28743125009260778,1,0.50554809858096106
81,500,RS,-0.62770820743773648,-0.5020109651583442,0,0.12569724227939227
81,1000,PI,-0.59173838835510606,-0.31119485835464433,1,0.28054353000046173
81,1000,Boot,-0.58862152682989888,-0.282095095324988,1,0.30652643150491088
81,1000,RS,-0.64901622506487688,-0.25391702164487351,1,0.39509920342000338
81,2000,PI,-0.53327617319340404,-0.33688360100944625,1,0.19639257218395778
81,2000,Boot,-0.53271976257837483,-0.31612275898023812,1,0.21659700359813672
81,2000,RS,-0.50935149773190824,-0.3608082764709421,1,0.14854322126096614
81,5000,PI,-0.4896223617067712,-0.37314945143906508,1,0.11647291026770612
81,5000,Boot,-0.49677929077849453,-0.3652674054056399,1,0.13151188537285463
81,5000,RS,-0.45954882700384886,-0.40322298614198743,1,0.056325840861861431
81,10000,PI,-0.48562215885877963,-0.40229932364266402,1,0.083322835216115609
81,10000,Boot,-0.48791573299517144,-0.40821121924485748,1,0.079704513750313954
81,10000,RS,-0.48330342566095319,-0.40461805684049046,1,0.078685368820462731
82,500,PI,-0.71680141464160052,-0.24674286054634989,1,0.47005855409525066
82,500,Boot,-0.70508192931486058,-0.241150291116036,1,0.46393163819882455
82,500,RS,-0.53920539323445427,-0.42433888195349612,1,0.11486651128095815
82,1000,PI,-0.60045607545994395,-0.30381675803021568,1,0.29663931742972827
82,1000,Boot,-0.60777343357062086,-0.28740623080602107,1,0.32036720276459979
82,1000,RS,-0.50114950240787937,-0.40312333108228027,1,0.098026171325599099
82,2000,PI,-0.50628871818929122,-0.30630628196414322,1,0.199982436225148
82,2000,Boot,-0.49804694811747641,-0.29206265573038698,1,0.20598429238708943
82,2000,RS,-0.56149137602582377,-0.25110362412761061,1,0.31038775189821316
82,5000,PI,-0.4839545296140953,-0.36458866813886276,1,0.11936586147523254
82,5000,Boot,-0.49156672191140621,-0.36134506716771092,1,0.13022165474369529
82,5000,RS,-0.47293150693016028,-0.37561169082279777,1,0.097319816107362511
82,10000,PI,-0.4605197831484773,-0.37694876016540202,1,0.083571022983075283
82,10000,Boot,-0.4615603348813288,-0.3701638587976494,1,0.091396476083679401
82,10000,RS,-0.44803038562160519,-0.38943815769227413,1,0.058592227929331053
83,500,PI,-0.59386684386825828,-0.15160621848800451,1,0.44226062538025379
83,500,Boot,-0.6025631914931644,-0.13727483107568036,1,0.465288360417484
83,500,RS,-0.49791173211529882,-0.24756133024096394,1,0.25035040187433488
83,1000,PI,-0.51591232537645171,-0.23109570319977396,1,0.28481662217667775
83,1000,Boot,-0.51233930724932775,-0.20275087654639076,1,0.30958843070293696
83,1000,RS,-0.42138753778934268,-0.32562049078688304,0,0.095767047002459638
83,2000,PI,-0.47021140407775042,-0.27777478029135394,1,0.19243662378639648
83,2000,Boot,-0.47795739098416024,-0.26903188579578396,1,0.20892550518837627
83,2000,RS,-0.40924314352670615,-0.3387430408423982,0,0.070500102684307953
83,5000,PI,-0.48437903159564227,-0.36574441504491689,1,0.11863461655072538
83,5000,Boot,-0.48211904020032309,-0.36157280503477585,1,0.12054623516554724
83,5000,RS,-0.52353544685778131,-0.3265879997827778,1,0.1969474470750035
83,10000,PI,-0.49124374767765416,-0.40840720630056387,1,0.082836541377090289
83,10000,Boot,-0.49033524353648456,-0.40832371300705644,1,0.082011530529428112
83,10000,RS,-0.54769833406702106,-0.35195261991119697,1,0.19574571415582409
84,500,PI,-0.67225010972581678,-0.18139206741319536,1,0.49085804231262142
84,500,Boot,-0.64345560865173934,-0.17151756432192777,1,0.47193804432981157
84,500,RS,-0.72544287927802342,-0.12819929786098877,1,0.59724358141703471
84,1000,PI,-0.69555179406388645,-0.37660594245923029,1,0.31894585160465616
84,1000,Boot,-0.66928436211393794,-0.38873308754918257,1,0.28055127456475537
84,1000,RS,-0.72918250377989957,-0.34297523274321723,1,0.38620727103668234
84,2000,PI,-0.54476019859004776,-0.34223701155235253,1,0.20252318703769523
84,2000,Boot,-0.52659219389128886,-0.34428386855289511,1,0.18230832533839375
84,2000,RS,-0.6252072065764791,-0.26179000356592114,1,0.36341720301055797
84,5000,PI,-0.47541696477933515,-0.35610737428662942,1,0.11930959049270573
84,5000,Boot,-0.46864702698153499,-0.36653120877585854,1,0.10211581820567645
84,5000,RS,-0.48933805267917962,-0.34218628638678494,1,0.14715176629239468
84,10000,PI,-0.48881963269141027,-0.40395913506463355,1,0.084860497626776721
84,10000,Boot,-0.47919804838215008,-0.41088632412963616,1,0.068311724252513917
84,10000,RS,-0.51725114818630058,-0.37552761956974323,1,0.14172352861655735
85,500,PI,-0.73219327384593746,-0.20961048648863478,1,0.52258278735730268
85,500,Boot,-0.70021175787282064,-0.25868651011706478,1,0.44152524775575586
85,500,RS,-0.63749903384852957,-0.30430472648604262,1,0.33319430736248695
85,1000,PI,-0.69733666442861009,-0.38061375041752493,1,0.31672291401108515
85,1000,Boot,-0.71700026365891534,-0.39410606209902344,1,0.3228942015598919
85,1000,RS,-0.66523237834725024,-0.41271803649888472,1,0.25251434184836552
85,2000,PI,-0.5801599475990189,-0.37993142639371519,1,0.20022852120530371
85,2000,Boot,-0.57679520571242049,-0.39216339499865532,1,0.18463181071376517
85,2000,RS,-0.59444890572015741,-0.36564246827257674,1,0.22880643744758067
85,5000,PI,-0.50697916108766761,-0.3860461765220457,1,0.1209329845656219
85,5000,Boot,-0.49630144814666688,-0.38375512334724371,1,0.11254632479942317
85,5000,RS,-0.51345834316042349,-0.37956699444928982,1,0.13389134871113367
85,10000,PI,-0.49280285453654049,-0.40861129337056978,1,0.084191561165970707
85,10000,Boot,-0.49227867201242881,-0.40640515541530603,1,0.085873516597122779
85,10000,RS,-0.49460074005952159,-0.40681340784758868,1,0.087787332211932911
86,500,PI,-0.46485102388484933,-0.027387346238775229,1,0.43746367764607408
86,500,Boot,-0.41421437119814358,-0.062831598772663533,0,0.35138277242548005
86,500,RS,-0.3518045114367343,-0.14043385868689021,0,0.2113706527498441
86,1000,PI,-0.47006739316368928,-0.19259019236048544,1,0.27747720080320382
86,1000,Boot,-0.47378895930240117,-0.19045430348984416,1,0.28333465581255701
86,1000,RS,-0.56479824014914659,-0.097859345375028134,1,0.46693889477411843
86,2000,PI,-0.5174018887528089,-0.32279423032249716,1,0.19460765843031175
86,2000,Boot,-0.51022341533248317,-0.32026617523045386,1,0.1899572401020293
86,2000,RS,-0.6164378291561381,-0.22375828991916805,1,0.39267953923697008
86,5000,PI,-0.47911890025185983,-0.36133528430745127,1,0.11778361594440856
86,5000,Boot,-0.47286367491590031,-0.35460653185523838,1,0.11825714306066193
86,5000,RS,-0.50184478662748799,-0.33860939793182315,1,0.16323538869566484
86,10000,PI,-0.47034007684681217,-0.38673635215396013,1,0.083603724692852044
86,10000,Boot,-0.46953086366903812,-0.37518012815978208,1,0.094350735509256045
86,10000,RS,-0.46727011704397914,-0.38980631195679316,1,0.077463805087185977
87,500,PI,-0.77263862775247016,-0.27155183312764025,1,0.50108679462482986
87,500,Boot,-0.73624287705714297,-0.30673010927488387,1,0.42951276778225911
87,500,RS,-0.66079405301361482,-0.38339640786649565,1,0.27739764514711918
87,1000,PI,-0.7387444571526488,-0.43257827578569585,1,0.30616618136695295
87,1000,Boot,-0.73533213994389912,-0.4188759168078412,1,0.31645622313605792
87,1000,RS,-0.68818055397822697,-0.48314217896011763,0,0.20503837501810934
87,2000,PI,-0.60766469860803429,-0.40434985085194614,1,0.20331484775608816
87,2000,Boot,-0.61841780849030814,-0.40081771675615913,1,0.21760009173414901
87,2000,RS,-0.63516332857473734,-0.37685122088524309,1,0.25831210768949425
87,5000,PI,-0.51832794224447876,-0.39734100450677023,1,0.12098693773770852
87,5000,Boot,-0.51891870122829364,-0.38761981659185951,1,0.13129888463643413
87,5000,RS,-0.54155171770189792,-0.37411722904935107,1,0.16743448865254684
87,10000,PI,-0.50015535894410901,-0.415306151161843,1,0.084849207782266012
87,10000,Boot,-0.49889996965472883,-0.40708664217946389,1,0.091813327475264939
87,10000,RS,-0.49086088940484845,-0.42460062070110355,1,0.066260268703744907
88,500,PI,-0.54260250880261285,-0.12127493615125817,1,0.42132757265135468
88,500,Boot,-0.5457552613146649,-0.1315922395920881,1,0.4141630217225768
88,500,RS,-0.53351682667709133,-0.13036061827677972,1,0.40315620840031163
88,1000,PI,-0.46792197283290882,-0.18652082839641018,1,0.28140114443649866
88,1000,Boot,-0.46065087242219604,-0.16750564780474642,1,0.29314522461744963
88,1000,RS,-0.39512973853205136,-0.25931306269726762,0,0.13581667583478374
88,2000,PI,-0.4293684936779022,-0.23690747020938865,0,0.19246102346851354
88,2000,Boot,-0.42626987444596376,-0.23248914426753181,0,0.19378073017843195
88,2000,RS,-0.35618916445863064,-0.31008679942866019,0,0.046102365029970449
88,5000,PI,-0.43072427554098969,-0.31423369559577652,0,0.11649057994521317
88,5000,Boot,-0.4309380023987186,-0.31289295839141235,0,0.11804504400730625
88,5000,RS,-0.43328501709295886,-0.31167295404380735,0,0.12161206304915151
88,10000,PI,-0.45754028122377804,-0.37458725131747467,1,0.082953029906303377
88,10000,Boot,-0.45126024138443738,-0.3756922909047633,1,0.075567950479674073
88,10000,RS,-0.50394206170353584,-0.32818547083771682,1,0.17575659086581902
89,500,PI,-0.69173249102747025,-0.24628028535383331,1,0.44545220567363697
89,500,Boot,-0.64371599627950005,-0.23760197462938734,1,0.40611402165011268
89,500,RS,-0.58460042935802137,-0.35341234702328211,1,0.23118808233473925
89,1000,PI,-0.60833110239452526,-0.31924941970928195,1,0.28908168268524331
89,1000,Boot,-0.581263971831953,-0.31497779532830295,1,0.26628617650365005
89,1000,RS,-0.55831858865337525,-0.36926193345043185,1,0.1890566552029434
89,2000,PI,-0.5100887929183513,-0.31783960798121319,1,0.19224918493713811
89,2000,Boot,-0.50308628817516621,-0.30336857983487137,1,0.19971770834029484
89,2000,RS,-0.48344030203996546,-0.34448809885959897,1,0.1389522031803665
89,5000,PI,-0.49093138788367713,-0.37116812080688805,1,0.11976326707678908
89,5000,Boot,-0.48194040492103862,-0.36050003191735835,1,0.12144037300368027
89,5000,RS,-0.47832760161863169,-0.38377190707193348,1,0.09455569454669821
89,10000,PI,-0.49435367792126411,-0.41063848752636839,1,0.083715190394895722
89,10000,Boot,-0.49112842569999698,-0.40602704028624131,1,0.08510138541375567
89,10000,RS,-0.50215226095753129,-0.40283990449010121,1,0.099312356467430085
90,500,PI,-0.57817136037576078,-0.097955923035592751,1,0.48021543734016803
90,500,Boot,-0.53354301814311478,-0.13382397327195153,1,0.39971904487116328
90,500,RS,-0.4292946927338222,-0.24683259067753133,0,0.18246210205629088
90,1000,PI,-0.51364464646384289,-0.23260042989383506,1,0.28104421657000783
90,1000,Boot,-0.50351133680639448,-0.23339541794714519,1,0.27011591885924929
90,1000,RS,-0.46006911425801622,-0.28617596209966178,1,0.17389315215835444
90,2000,PI,-0.47810433552403381,-0.2915785170437884,1,0.18652581848024541
90,2000,Boot,-0.46449847536338207,-0.29334920472939791,1,0.17114927063398416
90,2000,RS,-0.42117820263516126,-0.34850464993266095,0,0.07267355270250031
90,5000,PI,-0.4876533710050876,-0.3670315129906358,1,0.1206218580144518
90,5000,Boot,-0.48563782598309763,-0.36987466685676462,1,0.115763159126333
90,5000,RS,-0.50221332086072368,-0.35247156313499972,1,0.14974175772572396
90,10000,PI,-0.46867775786557514,-0.38492576653092053,1,0.083751991334654607
90,10000,Boot,-0.46377059506829593,-0.38277613435340241,1,0.080994460714893524
90,10000,RS,-0.45314599957472329,-0.40045752482177238,1,0.052688474752950909
91,500,PI,-0.85555463406620669,-0.31228992859336702,1,0.54326470547283967
91,500,Boot,-0.79252597095893096,-0.35054110677758943,1,0.44198486418134153
91,500,RS,-0.77711801814343451,-0.39072654451613914,1,0.38639147362729537
91,1000,PI,-0.60525136193426354,-0.30056187116909161,1,0.30468949076517193
91,1000,Boot,-0.60405914440602715,-0.30192945362477885,1,0.30212969078124829
91,1000,RS,-0.65314372540952048,-0.25266950769383467,1,0.40047421771568581
91,2000,PI,-0.52628994070396551,-0.32392961789182106,1,0.20236032281214444
91,2000,Boot,-0.55366516825499523,-0.30947000026163374,1,0.24419516799336149
91,2000,RS,-0.50931709232522382,-0.34090246627056281,1,0.16841462605466101
91,5000,PI,-0.518840315456082,-0.39704664565448927,1,0.12179366980159273
91,5000,Boot,-0.52666715484231708,-0.39370864580922516,1,0.13295850903309192
91,5000,RS,-0.52623281315340309,-0.38965414795716824,1,0.13657866519623485
91,10000,PI,-0.51487235162561451,-0.42955163472127933,1,0.085320716904335181
91,10000,Boot,-0.51348725956812868,-0.42654689616579594,1,0.086940363402332743
91,10000,RS,-0.51416635062253802,-0.43025763572435582,1,0.083908714898182191
92,500,PI,-0.75854576538968699,-0.24900141594573322,1,0.50954434944395377
92,500,Boot,-0.68818892198534487,-0.28757951372199519,1,0.40060940826334968
92,500,RS,-0.63715860972619409,-0.37038857160922611,1,0.26677003811696798
92,1000,PI,-0.5970863212158547,-0.29455455585524215,1,0.30253176536061255
92,1000,Boot,-0.58021567327998924,-0.28204059612467913,1,0.29817507715531011
92,1000,RS,-0.55058587249478419,-0.34105500457631266,1,0.20953086791847153
92,2000,PI,-0.51878967753757588,-0.31794650020373616,1,0.20084317733383972
92,2000,Boot,-0.52315510083394334,-0.30847927386717311,1,0.21467582696677023
92,2000,RS,-0.50219529454008871,-0.33454088320122338,1,0.16765441133886533
92,5000,PI,-0.50281910941468166,-0.38449152011785481,1,0.11832758929682685
92,5000,Boot,-0.49881679089549646,-0.37602491726898157,1,0.12279187362651489
92,5000,RS,-0.47536251556703168,-0.41194811396550479,1,0.063414401601526893
92,10000,PI,-0.48662745055902706,-0.4029317961042847,1,0.083695654454742363
92,10000,Boot,-0.48978348961144375,-0.39941252823007728,1,0.090370961381366466
92,10000,RS,-0.4611208700571276,-0.42843837660618417,1,0.032682493450943428
93,500,PI,-0.78976961245663313,-0.25495060138407161,1,0.53481901107256147
93,500,Boot,-0.75479512125982717,-0.29411175821665925,1,0.46068336304316793
93,500,RS,-0.88611776393913466,-0.15860244990157008,1,0.72751531403756453
93,1000,PI,-0.53153092323836137,-0.2332092247791763,1,0.2983216984591851
93,1000,Boot,-0.51480294815757432,-0.22201500694567811,1,0.29278794121189622
93,1000,RS,-0.60598186633249962,-0.15875828168503797,1,0.44722358464746165
93,2000,PI,-0.4992950472579728,-0.30188159082641908,1,0.19741345643155372
93,2000,Boot,-0.48924502281477728,-0.28680308627579754,1,0.20244193653897974
93,2000,RS,-0.47652509387715825,-0.32465154420723363,1,0.15187354966992461
93,5000,PI,-0.48114539543644447,-0.36050161403694087,1,0.1206437813995036
93,5000,Boot,-0.48798652194055203,-0.35458186194369085,1,0.13340465999686119
93,5000,RS,-0.51573563227156694,-0.3259113772018184,1,0.18982425506974854
93,10000,PI,-0.49021368992214598,-0.404504164822302,1,0.085709525099843975
93,10000,Boot,-0.49266244805692916,-0.39730224066355674,1,0.09536020739337242
93,10000,RS,-0.52472214127922245,-0.36999571346522553,1,0.15472642781399693
94,500,PI,-0.64517712491949064,-0.16027857149120669,1,0.48489855342828392
94,500,Boot,-0.6218951677053921,-0.16969081413156553,1,0.4522043535738266
94,500,RS,-0.45977737152728926,-0.34567832488340811,1,0.11409904664388115
94,1000,PI,-0.5489435750545959,-0.25234759821652353,1,0.29659597683807237
94,1000,Boot,-0.53772601393466113,-0.2508912168435668,1,0.28683479709109433
94,1000,RS,-0.49473324093270632,-0.30655793233841311,1,0.18817530859429321
94,2000,PI,-0.53994149348706921,-0.33900448260511867,1,0.20093701088195054
94,2000,Boot,-0.53193003183575394,-0.34056031644989959,1,0.19136971538585434
94,2000,RS,-0.52108412779037638,-0.3578618483018115,1,0.16322227948856488
94,5000,PI,-0.51766925412524101,-0.39714224712859075,1,0.12052700699665025
94,5000,Boot,-0.51331989784883514,-0.39260064698161556,1,0.12071925086721957
94,5000,RS,-0.54941986672200449,-0.36539163453182738,1,0.18402823219017711
94,10000,PI,-0.50317473721238049,-0.41898806585875215,1,0.08418667135362834
94,10000,Boot,-0.50071495609917571,-0.41323659227349663,1,0.087478363825679084
94,10000,RS,-0.50081593281453607,-0.42134687025659651,1,0.079469062557939563
95,500,PI,-0.54275132185721575,-0.065534011438144468,1,0.47721731041907128
95,500,Boot,-0.5040888230524625,-0.096412441860105752,1,0.40767638119235672
95,500,RS,-0.59991069619360915,-0.0083746371017511256,1,0.59153605909185802
95,1000,PI,-0.47220497673606449,-0.18689968256235584,1,0.28530529417370865
95,1000,Boot,-0.4533193087497267,-0.19599319588828676,1,0.25732611286143992
95,1000,RS,-0.42625540735058576,-0.23284925194783457,0,0.19340615540275119
95,2000,PI,-0.47965676599366208,-0.28860733162685465,1,0.19104943436680744
95,2000,Boot,-0.48043889835455184,-0.2936831742077568,1,0.18675572414679503
95,2000,RS,-0.53872515845344815,-0.22953893916706858,1,0.30918621928637957
95,5000,PI,-0.49984283624951642,-0.38068084246739442,1,0.119161993782122
95,5000,Boot,-0.49320785857940802,-0.3797069636989821,1,0.11350089488042592
95,5000,RS,-0.53513607554243969,-0.34538760317447115,1,0.18974847236796855
95,10000,PI,-0.48958226581952202,-0.40590372782785999,1,0.083678537991662028
95,10000,Boot,-0.49420572683376907,-0.4014928647808908,1,0.092712862052878264
95,10000,RS,-0.48867925509116716,-0.40680673855621485,1,0.081872516534952311
96,500,PI,-0.60971180644133194,-0.15828109576684227,1,0.4514307106744897
96,500,Boot,-0.60926899323798556,-0.1809279945458982,1,0.42834099869208736
96,500,RS,-0.5412805990421784,-0.22671230316599575,1,0.31456829587618262
96,1000,PI,-0.59269927233487107,-0.30116178439503649,1,0.29153748793983458
96,1000,Boot,-0.59200078669095224,-0.29860560061506358,1,0.29339518607588866
96,1000,RS,-0.56130889217246049,-0.33255216455744707,1,0.22875672761501342
96,2000,PI,-0.45674523970022873,-0.26886167469923516,1,0.18788356500099357
96,2000,Boot,-0.44630685835869294,-0.26366957878472042,0,0.18263727957397252
96,2000,RS,-0.50703239074810358,-0.21857452365136029,1,0.28845786709674326
96,5000,PI,-0.48060083251453939,-0.35835589858852818,1,0.12224493392601121
96,5000,Boot,-0.47689544110206883,-0.35597976935707448,1,0.12091567174499435
96,5000,RS,-0.49323811458620948,-0.34571861651685809,1,0.14751949806935138
96,10000,PI,-0.48131343506708413,-0.39664221786309417,1,0.084671217203989957
96,10000,Boot,-0.47693207376527935,-0.39592011294302826,1,0.081011960822251095
96,10000,RS,-0.49299059674747792,-0.38496505618270038,1,0.10802554056477753
97,500,PI,-0.69613291985662884,-0.1823166098849977,1,0.51381630997163108
97,500,Boot,-0.68163215818784151,-0.19338496189239629,1,0.48824719629544522
97,500,RS,-0.60024530292101175,-0.27820422682061474,1,0.32204107610039701
97,1000,PI,-0.60390179186896864,-0.30347646780904697,1,0.30042532405992167
97,1000,Boot,-0.60588384723366695,-0.2833676635251452,1,0.32251618370852175
97,1000,RS,-0.51415785359524424,-0.39322040608277131,1,0.12093744751247293
97,2000,PI,-0.53884138213562038,-0.34342981375890119,1,0.19541156837671919
97,2000,Boot,-0.55022389466973476,-0.34920233221430624,1,0.20102156245542852
97,2000,RS,-0.46891557113148702,-0.4133556247630345,1,0.055559946368452517
97,5000,PI,-0.50177077630149303,-0.37997423753636672,1,0.12179653876512631
97,5000,Boot,-0.49845726385613198,-0.37418161166765451,1,0.12427565218847747
97,5000,RS,-0.47425375354727972,-0.40749126029058003,1,0.066762493256699695
97,10000,PI,-0.48244965038759396,-0.39810427135592735,1,0.084345379031666612
97,10000,Boot,-0.4785190845015711,-0.39560417371922679,1,0.082914910782344309
97,10000,RS,-0.47745786756330405,-0.40309605418021727,1,0.074361813383086783
98,500,PI,-0.79620544743325528,-0.2815810962490678,1,0.51462435118418748
98,500,Boot,-0.73094924712163722,-0.25444457732490156,1,0.47650466979673567
98,500,RS,-0.69466934609038866,-0.38311719759193441,1,0.31155214849845425
98,1000,PI,-0.66399265145665975,-0.33748813609319439,1,0.32650451536346536
98,1000,Boot,-0.6239044135419417,-0.34427981020314002,1,0.27962460333880168
98,1000,RS,-0.61243267974126603,-0.38904810780858812,1,0.22338457193267791
98,2000,PI,-0.54672560303517026,-0.33913310401343544,1,0.20759249902173482
98,2000,Boot,-0.53798256707755554,-0.34562159093728617,1,0.19236097614026937
98,2000,RS,-0.55003578187039048,-0.33582292517821521,1,0.21421285669217527
98,5000,PI,-0.51007755364742369,-0.38717695618335368,1,0.12290059746407
98,5000,Boot,-0.50821871988717648,-0.3923367244507085,1,0.11588199543646799
98,5000,RS,-0.49469727895080234,-0.40255723087997503,1,0.092140048070827318
98,10000,PI,-0.51724251057710369,-0.43071298962776616,1,0.086529520949337524
98,10000,Boot,-0.51468988011172878,-0.43283641596754657,1,0.081853464144182209
98,10000,RS,-0.52894840908259533,-0.41900709112227458,1,0.10994131796032075
99,500,PI,-0.79808513556781879,-0.34419048309680889,1,0.45389465247100991
99,500,Boot,-0.75164228271769817,-0.36817634725000603,1,0.38346593546769214
99,500,RS,-0.6974925878433762,-0.44478303082125142,1,0.25270955702212478
99,1000,PI,-0.65292887900335173,-0.35862445238210483,1,0.2943044266212469
99,1000,Boot,-0.64568817370651077,-0.34107442911690239,1,0.30461374458960838
99,1000,RS,-0.59994001597940327,-0.41161331540605328,1,0.18832670057334999
99,2000,PI,-0.57172916691830056,-0.37478180170788283,1,0.19694736521041772
99,2000,Boot,-0.56375072862473641,-0.34683694185597658,1,0.21691378676875983
99,2000,RS,-0.56702671292748696,-0.37948425569869648,1,0.18754245722879048
99,5000,PI,-0.49535085687602037,-0.37608273897917216,1,0.11926811789684821
99,5000,Boot,-0.492666061119795,-0.36669949141945535,1,0.12596656970033965
99,5000,RS,-0.50024322617748695,-0.37119036967770558,1,0.12905285649978138
99,10000,PI,-0.48538700449041333,-0.40128454809069697,1,0.084102456399716363
99,10000,Boot,-0.48652491285403343,-0.39630148009000621,1,0.090223432764027223
99,10000,RS,-0.47081732264511245,-0.41585422993599785,1,0.054963092709114592
100,500,PI,-0.64001869854590632,-0.11472698654631408,1,0.52529171199959224
100,500,Boot,-0.58633132184772363,-0.13899597875852601,1,0.44733534308919765
100,500,RS,-0.65140116356846955,-0.1033445215237509,1,0.5480566420447186
100,1000,PI,-0.60620520440712999,-0.29912125606785989,1,0.30708394833927011
100,1000,Boot,-0.60286234957688678,-0.25875812893658445,1,0.34410422064030233
100,1000,RS,-0.63233061884959374,-0.27299584162539614,1,0.3593347772241976
100,2000,PI,-0.62829766947679244,-0.42402094352671577,1,0.20427672595007668
100,2000,Boot,-0.62528121650334101,-0.40146674409272615,1,0.22381447241061486
100,2000,RS,-0.67045824956013345,-0.38186036344337482,1,0.28859788611675863
100,5000,PI,-0.54070094608501418,-0.41906538196874837,1,0.1216355641162658
100,5000,Boot,-0.54202162463223125,-0.40681315601624213,1,0.13520846861598912
100,5000,RS,-0.5516161512406943,-0.4081501768130682,1,0.1434659744276261
100,10000,PI,-0.49577292797403533,-0.41092009537324575,1,0.084852832600789574
100,10000,Boot,-0.48759016108664671,-0.41050069343672319,1,0.077089467649923527
100,10000,RS,-0.54159742993796434,-0.36509559340931674,1,0.17650183652864759
101,500,PI,-0.8078051104532572,-0.33375731094863836,1,0.47404779950461884
101,500,Boot,-0.75780155566154617,-0.32512384005977107,1,0.43267771560177509
101,500,RS,-0.75404731571095829,-0.38751510569093728,1,0.36653221002002101
101,1000,PI,-0.73745877205891908,-0.4295324481389805,1,0.30792632391993857
101,1000,Boot,-0.71662467667468632,-0.42233324764321012,1,0.2942914290314762
101,1000,RS,-0.71640998773902675,-0.45058123245887283,0,0.26582875528015393
101,2000,PI,-0.60645139017752903,-0.40421042722725237,1,0.20224096295027666
101,2000,Boot,-0.58991304471753814,-0.39500736640115852,1,0.19490567831637962
101,2000,RS,-0.65634906967278439,-0.35431274773199706,1,0.30203632194078733
101,5000,PI,-0.53610105396604391,-0.41644596431915409,1,0.11965508964688981
101,5000,Boot,-0.53831255745215534,-0.41417111094501979,1,0.12414144650713554
101,5000,RS,-0.55534144560061283,-0.39720557268458523,1,0.1581358729160276
101,10000,PI,-0.51932501877036674,-0.43404082911434028,1,0.085284189656026466
101,10000,Boot,-0.5170056396123448,-0.42362893386979028,1,0.093376705742554522
101,10000,RS,-0.50891847442202354,-0.44444737346268348,1,0.064471100959340055
102,500,PI,-0.68113014643523762,-0.21193002138346514,1,0.46920012505177244
102,500,Boot,-0.65584495024186129,-0.19161872314532102,1,0.46422622709654027
102,500,RS,-0.50756726360572169,-0.3854929042129811,1,0.12207435939274058
102,1000,PI,-0.71965942013696704,-0.38997247099261734,1,0.32968694914434971
102,1000,Boot,-0.71412826519411265,-0.3804678212730096,1,0.33366044392110306
102,1000,RS,-0.77888815524617971,-0.33074373588340472,1,0.44814441936277499
102,2000,PI,-0.58924866505825269,-0.38290808954772526,1,0.20634057551052742
102,2000,Boot,-0.60000328702455663,-0.39173679566264408,1,0.20826649136191255
102,2000,RS,-0.63015721475991759,-0.34199953984606035,1,0.28815767491385724
102,5000,PI,-0.53670638977273755,-0.41486315098736809,1,0.12184323878536946
102,5000,Boot,-0.52676629413656095,-0.41807160614816763,1,0.10869468798839332
102,5000,RS,-0.52795789065029342,-0.42361165010981228,1,0.10434624054048114
102,10000,PI,-0.50441129217316405,-0.41970380468940488,1,0.08470748748375917
102,10000,Boot,-0.49841917073987413,-0.42066332256471783,1,0.077755848175156295
102,10000,RS,-0.49696484029211196,-0.42715025657045702,1,0.069814583721654944
103,500,PI,-0.59274834439271817,-0.13091245285355491,1,0.46183589153916327
103,500,Boot,-0.58352122382412286,-0.13598554839434385,1,0.44753567542977901
103,500,RS,-0.4292348666922996,-0.29442593055397348,0,0.13480893613832612
103,1000,PI,-0.5867102070508976,-0.28678129531102209,1,0.29992891173987551
103,1000,Boot,-0.57711642944701869,-0.2422721703736975,1,0.33484425907332116
103,1000,RS,-0.54833019621301504,-0.32516130614890476,1,0.22316889006411028
103,2000,PI,-0.46854053121070849,-0.2773262963792904,1,0.19121423483141808
103,2000,Boot,-0.45575304211000628,-0.26064303509226122,1,0.19511000701774506
103,2000,RS,-0.52086762280250887,-0.22499920478749003,1,0.29586841801501884
103,5000,PI,-0.48990871627597354,-0.36946717757278791,1,0.12044153870318564
103,5000,Boot,-0.48468700090760075,-0.37131783525008993,1,0.11336916565751082
103,5000,RS,-0.50483733772657868,-0.35453855612218277,1,0.15029878160439591
103,10000,PI,-0.48556840739151863,-0.40072995141595891,1,0.084838455975559723
103,10000,Boot,-0.47823722515288636,-0.40402097011949922,1,0.074216255033387135
103,10000,RS,-0.49324547655843048,-0.39305288224904705,1,0.10019259430938343
104,500,PI,-0.82041468290484121,-0.33037289869941044,1,0.49004178420543076
104,500,Boot,-0.75766739257789106,-0.29918114727390238,1,0.45848624530398868
104,500,RS,-0.6914639553927846,-0.45932362621146705,0,0.23214032918131755
104,1000,PI,-0.58802611568350394,-0.30376201018686233,1,0.28426410549664161
104,1000,Boot,-0.58630410040835512,-0.28429663255055693,1,0.3020074678577982
104,1000,RS,-0.66028197427303914,-0.23150615159732713,1,0.42877582267571202
104,2000,PI,-0.5225679030827004,-0.33014381690347855,1,0.19242408617922185
104,2000,Boot,-0.50522896959444141,-0.32466646223286943,1,0.18056250736157198
104,2000,RS,-0.50908673470925514,-0.34362498527692387,1,0.16546174943233127
104,5000,PI,-0.5337500899365285,-0.41460149507988675,1,0.11914859485664175
104,5000,Boot,-0.52950451008618338,-0.40901850383477401,1,0.12048600625140937
104,5000,RS,-0.55857518139729234,-0.38977640361912291,1,0.16879877777816943
104,10000,PI,-0.5097227225528338,-0.42632879484819963,1,0.083393927704634163
104,10000,Boot,-0.5074099630607285,-0.42483195605899177,1,0.082578007001736731
104,10000,RS,-0.49568302405835318,-0.44036849334268025,1,0.055314530715672938
105,500,PI,-0.58277183731437732,-0.12680788178929087,1,0.45596395552508645
105,500,Boot,-0.55445636599527071,-0.15210231530081611,1,0.40235405069445462
105,500,RS,-0.5451541332269122,-0.16442558587675596,1,0.38072854735015627
105,1000,PI,-0.5731067997120014,-0.2910846237707535,1,0.2820221759412479
105,1000,Boot,-0.56391270755917888,-0.27453568833926312,1,0.28937701921991577
105,1000,RS,-0.55862596068965542,-0.30556546279309948,1,0.25306049789655594
105,2000,PI,-0.54238295459247921,-0.35137867338951018,1,0.19100428120296903
105,2000,Boot,-0.53923872069927359,-0.34157576017052116,1,0.19766296052875243
105,2000,RS,-0.50413853512506457,-0.3896230928569247,1,0.11451544226813987
105,5000,PI,-0.54764288713381004,-0.42758605940740591,1,0.12005682772640414
105,5000,Boot,-0.53992679902305452,-0.42320141323847621,1,0.11672538578457831
105,5000,RS,-0.57001429642423762,-0.40521465011697827,1,0.16479964630725935
105,10000,PI,-0.49939848267354869,-0.41508786358080507,1,0.084310619092743622
105,10000,Boot,-0.4920644971361115,-0.41209486024299158,1,0.079969636893119922
105,10000,RS,-0.51346780891648891,-0.4010185373378648,1,0.11244927157862411
106,500,PI,-0.57761172314277298,-0.05802068711660846,1,0.51959103602616452
106,500,Boot,-0.52859730968903218,-0.1094958543829293,1,0.41910145530610288
106,500,RS,-0.38876722178475176,-0.24686518847462965,0,0.14190203331012211
106,1000,PI,-0.56658495474876658,-0.26669683422714441,1,0.29988812052162217
106,1000,Boot,-0.55546938885696573,-0.28440618496349862,1,0.27106320389346711
106,1000,RS,-0.58051100887383678,-0.25277078010207427,1,0.32774022877176251
106,2000,PI,-0.55888529259562281,-0.35697214786586168,1,0.20191314472976113
106,2000,Boot,-0.547708786865022,-0.36076141678888735,1,0.18694737007613466
106,2000,RS,-0.55051907507808973,-0.36533836538339476,1,0.18518070969469497
106,5000,PI,-0.53789805258791468,-0.41483727222289024,1,0.12306078036502444
106,5000,Boot,-0.53167317682940096,-0.41825940738499545,1,0.11341376944440551
106,5000,RS,-0.52927083874147829,-0.42346448606932668,1,0.1058063526721516
106,10000,PI,-0.5103030721200843,-0.42537103549329197,1,0.084932036626792329
106,10000,Boot,-0.51202298300229931,-0.4224643133395336,1,0.089558669662765711
106,10000,RS,-0.49533406382065687,-0.44034004379271946,1,0.054994020027937407
107,500,PI,-0.79179180603065313,-0.24416532969756444,1,0.5476264763330887
107,500,Boot,-0.73749282083579226,-0.25185609517777663,1,0.48563672565801563
107,500,RS,-0.80188300928750367,-0.2340741264407139,1,0.56780888284678976
107,1000,PI,-0.59544471823272682,-0.28867285819374888,1,0.30677186003897794
107,1000,Boot,-0.60907478996993425,-0.26672499956896722,1,0.34234979040096702
107,1000,RS,-0.62453357868725057,-0.25958399773922508,1,0.36494958094802549
107,2000,PI,-0.60030743354911187,-0.39221652675634983,1,0.20809090679276204
107,2000,Boot,-0.59104626324883969,-0.40394260456040088,1,0.18710365868843881
107,2000,RS,-0.59900284245502045,-0.39352111785044136,1,0.20548172460457909
107,5000,PI,-0.54612703240115468,-0.42032572720809558,1,0.1258013051930591
107,5000,Boot,-0.53668610685589668,-0.40896327081388234,1,0.12772283604201434
107,5000,RS,-0.56339740650665049,-0.40305535310259971,1,0.16034205340405078
107,10000,PI,-0.49839109415378036,-0.41335723472540142,1,0.085033859428378933
107,10000,Boot,-0.49891393317193145,-0.40847745939556446,1,0.090436473776366988
107,10000,RS,-0.5311205391272521,-0.38062778975192968,1,0.15049274937532242
108,500,PI,-0.50010193562984884,-0.09185978742102241,1,0.40824214820882643
108,500,Boot,-0.4893482808959313,-0.097168134348185442,1,0.39218014654774586
108,500,RS,-0.45203880447764722,-0.139922918573224,1,0.31211588590442318
108,1000,PI,-0.54675848603987243,-0.26478785223654216,1,0.28197063380333026
108,1000,Boot,-0.54729597280806541,-0.25211473528005468,1,0.29518123752801073
108,1000,RS,-0.56252612844968874,-0.2490202098267259,1,0.31350591862296284
108,2000,PI,-0.51355973108228792,-0.32280815121898337,1,0.19075157986330454
108,2000,Boot,-0.51106544929778241,-0.32342413264212733,1,0.18764131665565509
108,2000,RS,-0.47939624529565972,-0.35697163700561152,1,0.1224246082900482
108,5000,PI,-0.48806425186291363,-0.3691892073213941,1,0.11887504454151954
108,5000,Boot,-0.4925900099587453,-0.36673588096944304,1,0.12585412898930226
108,5000,RS,-0.46542281772694238,-0.39183064145736535,1,0.073592176269577037
108,10000,PI,-0.47470522693707007,-0.39233504010944753,1,0.082370186827622538
108,10000,Boot,-0.47859998529337844,-0.3937174205107406,1,0.084882564782637837
108,10000,RS,-0.48810671827773,-0.3789335487687876,1,0.1091731695089424
109,500,PI,-0.54937865509026129,-0.12901952816373702,1,0.42035912692652427
109,500,Boot,-0.53488496745567349,-0.14633774844962288,1,0.3885472190060506
109,500,RS,-0.39515747139334562,-0.28324071186065264,0,0.11191675953269298
109,1000,PI,-0.50762641945543019,-0.23357335267828749,1,0.2740530667771427
109,1000,Boot,-0.49832801954706074,-0.24912037219331215,1,0.24920764735374859
109,1000,RS,-0.44717795641672653,-0.29402181571699115,0,0.15315614069973538
109,2000,PI,-0.46763304262163669,-0.28068407687373959,1,0.1869489657478971
109,2000,Boot,-0.46763647719365781,-0.28624568664167627,1,0.18139079055198154
109,2000,RS,-0.40207320325451279,-0.34624391624086348,0,0.055829287013649309
109,5000,PI,-0.44042371496310606,-0.32273147172969352,0,0.11769224323341254
109,5000,Boot,-0.444288784146183,-0.32380004464651552,0,0.12048873949966749
109,5000,RS,-0.40651045603509206,-0.35664473065770752,0,0.04986572537738454
109,10000,PI,-0.45981814686180106,-0.37684076183829579,1,0.082977385023505268
109,10000,Boot,-0.46108584117922996,-0.38263945734318383,1,0.07844638383604613
109,10000,RS,-0.4979310598848592,-0.33872784881523765,1,0.15920321106962154
110,500,PI,-0.44851475845119126,-0.031281854997290748,1,0.41723290345390052
110,500,Boot,-0.42692989893943384,-0.020887580620565088,0,0.40604231831886872
110,500,RS,-0.37243165696298725,-0.10736495648549477,0,0.26506670047749248
110,1000,PI,-0.49362711003255449,-0.21922023197725987,1,0.27440687805529462
110,1000,Boot,-0.46816413053713618,-0.20935928253048858,1,0.2588048480066476
110,1000,RS,-0.54578993811742527,-0.1670574038923891,1,0.37873253422503617
110,2000,PI,-0.48916945230093928,-0.30122719583783314,1,0.18794225646310614
110,2000,Boot,-0.46978422010815735,-0.30003097684934682,1,0.16975324325881053
110,2000,RS,-0.51807775682673651,-0.2723188913120359,1,0.24575886551470061
110,5000,PI,-0.48349505855718983,-0.365599050615318,1,0.11789600794187183
110,5000,Boot,-0.4747605411872694,-0.36513940706723136,1,0.10962113412003804
110,5000,RS,-0.48374737593880185,-0.36534673323370598,1,0.11840064270509587
110,10000,PI,-0.46759075390564253,-0.38506593932086108,1,0.082524814584781447
110,10000,Boot,-0.46958169107309755,-0.38741676612745723,1,0.082164924945640316
110,10000,RS,-0.44929534606252741,-0.4033613471639762,1,0.045933998898551209
111,500,PI,-0.68162642381607519,-0.21872664529598645,1,0.46289977852008873
111,500,Boot,-0.62333481324635698,-0.24158026010759368,1,0.38175455313876328
111,500,RS,-0.64746156779817676,-0.25289150131388499,1,0.39457006648429177
111,1000,PI,-0.52012726544281596,-0.22912799061584777,1,0.29099927482696819
111,1000,Boot,-0.49460731142437275,-0.23012661659259881,1,0.26448069483177394
111,1000,RS,-0.51980049576868237,-0.22945476028998132,1,0.29034573547870102
111,2000,PI,-0.51357432930724745,-0.31282939917053043,1,0.20074493013671701
111,2000,Boot,-0.50927750855997389,-0.31162805784735997,1,0.19764945071261392
111,2000,RS,-0.53687828969459261,-0.28952543878318532,1,0.2473528509114073
111,5000,PI,-0.46152538506663243,-0.34341484974612801,1,0.11811053532050442
111,5000,Boot,-0.46929092219991042,-0.33523632272214771,1,0.13405459947776271
111,5000,RS,-0.45325714503699527,-0.35168308977576518,1,0.10157405526123009
111,10000,PI,-0.47702615312921337,-0.39445479706909625,1,0.082571356060117118
111,10000,Boot,-0.47785677891520018,-0.38902481317646309,1,0.088831965738737084
111,10000,RS,-0.50988786406797004,-0.36159308613033952,1,0.14829477793763052
112,500,PI,-0.82772689053031723,-0.32623973161192149,1,0.50148715891839579
112,500,Boot,-0.791240983555618,-0.35713865053820149,1,0.43410233301741652
112,500,RS,-0.75125729564702015,-0.40270932649521851,1,0.34854796915180164
112,1000,PI,-0.573932978280149,-0.26704726472416968,1,0.30688571355597932
112,1000,Boot,-0.55720238384321452,-0.23110166151433581,1,0.32610072232887871
112,1000,RS,-0.75042744258158467,-0.090552800422734003,1,0.65987464215885061
112,2000,PI,-0.50367193488842199,-0.30579945208159609,1,0.1978724828068259
112,2000,Boot,-0.48626816625368108,-0.31014630812479865,1,0.17612185812888242
112,2000,RS,-0.52856282021832468,-0.2809085667516934,1,0.24765425346663128
112,5000,PI,-0.46375691788966827,-0.34577384999338961,1,0.11798306789627866
112,5000,Boot,-0.46095077010402791,-0.35639229879501266,1,0.10455847130901524
112,5000,RS,-0.44802482885682904,-0.36150593902622885,1,0.086518889830600187
112,10000,PI,-0.44501348749985525,-0.36285466220490614,0,0.082158825294949112
112,10000,Boot,-0.44526569668105798,-0.36734412208551503,0,0.077921574595542942
112,10000,RS,-0.43426508827363347,-0.37360306143112793,0,0.060662026842505545
113,500,PI,-0.74762946288709153,-0.17041051302354815,1,0.57721894986354338
113,500,Boot,-0.70498302647459599,-0.22154824522019656,1,0.48343478125439943
113,500,RS,-0.57150255018016383,-0.3465374257304758,1,0.22496512444968803
113,1000,PI,-0.64411855048213773,-0.32874100068620071,1,0.31537754979593702
113,1000,Boot,-0.63476777633850368,-0.33744113200002962,1,0.29732664433847406
113,1000,RS,-0.53444222275299647,-0.43841732841534198,1,0.096024894337654487
113,2000,PI,-0.65125129975203344,-0.44456229193650687,1,0.20668900781552657
113,2000,Boot,-0.64841673657499721,-0.42824999639559058,1,0.22016674017940663
113,2000,RS,-0.67238612927039887,-0.42342746241814139,1,0.24895866685225748
113,5000,PI,-0.56379383457469046,-0.43944939458031501,1,0.12434443999437544
113,5000,Boot,-0.56143849687033642,-0.42948238116592286,1,0.13195611570441357
113,5000,RS,-0.60766531277557378,-0.39557791637943174,1,0.21208739639614205
113,10000,PI,-0.48916484338468635,-0.40441154632633347,1,0.084753297058352883
113,10000,Boot,-0.48571762131911922,-0.40021094545642605,1,0.085506675862693171
113,10000,RS,-0.58447498019825594,-0.30910140951276388,1,0.27537357068549206
114,500,PI,-0.55222580400903254,-0.04781451446411078,1,0.50441128954492176
114,500,Boot,-0.49111105021961798,-0.091271342000584066,1,0.39983970821903392
114,500,RS,-0.45539297148441449,-0.14464734698872886,1,0.31074562449568566
114,1000,PI,-0.47393338129966256,-0.16538815493358153,1,0.30854522636608106
114,1000,Boot,-0.45596935071519906,-0.18466837162051719,1,0.27130097909468187
114,1000,RS,-0.50102103646962193,-0.13830049976362216,1,0.3627205367059998
114,2000,PI,-0.46654404838200492,-0.26907133092161772,1,0.19747271746038719
114,2000,Boot,-0.47021296405398194,-0.27021302661363444,1,0.1999999374403475
114,2000,RS,-0.47873206041143052,-0.25688331889219213,1,0.22184874151923839
114,5000,PI,-0.46900996132647271,-0.34944766142310074,1,0.11956229990337197
114,5000,Boot,-0.46530521928417229,-0.34975906090932363,1,0.11554615837484866
114,5000,RS,-0.47604246777969644,-0.34241515496987701,1,0.13362731280981943
114,10000,PI,-0.46917873958029022,-0.3848180738742859,1,0.084360665706004312
114,10000,Boot,-0.46843118851030308,-0.3862351641561606,1,0.082196024354142472
114,10000,RS,-0.47863226181666868,-0.37536455163790744,1,0.10326771017876124
115,500,PI,-0.75142624044930884,-0.28196336018987145,1,0.46946288025943739
115,500,Boot,-0.72999129588464262,-0.26166534540210268,1,0.46832595048253994
115,500,RS,-0.55662408260182594,-0.4767655180373544,0,0.079858564564471546
115,1000,PI,-0.61582510344086494,-0.32106797787206898,1,0.29475712556879596
115,1000,Boot,-0.6319731819600829,-0.29889442621664281,1,0.33307875574344009
115,1000,RS,-0.6557741315939597,-0.28111894971897422,1,0.37465518187498548
115,2000,PI,-0.53834618070946116,-0.34667381711026707,1,0.1916723635991941
115,2000,Boot,-0.54401898315666919,-0.34535423932565418,1,0.19866474383101501
115,2000,RS,-0.52870343265401654,-0.35631656516571175,1,0.17238686748830478
115,5000,PI,-0.49679822314706479,-0.37867325022127418,1,0.11812497292579061
115,5000,Boot,-0.49609112445228309,-0.37849277178734386,1,0.11759835266493923
115,5000,RS,-0.46582295605968843,-0.40964851730865054,1,0.056174438751037892
115,10000,PI,-0.48161678322745399,-0.39933156432152245,1,0.082285218905931545
115,10000,Boot,-0.47728201941697268,-0.39364766828039738,1,0.083634351136575302
115,10000,RS,-0.46923515271918981,-0.41171319482978663,1,0.057521957889403175
116,500,PI,-0.8399819933878131,-0.3624525396550119,1,0.4775294537328012
116,500,Boot,-0.78310637595605093,-0.38106851766171845,1,0.40203785829433247
116,500,RS,-0.79710248122941429,-0.40533205181341064,1,0.39177042941600365
116,1000,PI,-0.75358628130875061,-0.45566035185203746,0,0.29792592945671315
116,1000,Boot,-0.73376550788835393,-0.45616652725948376,0,0.27759898062887017
116,1000,RS,-0.66238752004149903,-0.54685911311928903,0,0.11552840692221
116,2000,PI,-0.59556387834473035,-0.39296189176692686,1,0.20260198657780348
116,2000,Boot,-0.56985050570982221,-0.38231304711725,1,0.1875374585925722
116,2000,RS,-0.70912368769099798,-0.27940208242065923,1,0.42972160527033876
116,5000,PI,-0.5691112935116881,-0.44559646176302115,1,0.12351483174866695
116,5000,Boot,-0.56020294683220428,-0.44014048208645684,1,0.12006246474574744
116,5000,RS,-0.56859287019411775,-0.44611488508059144,1,0.12247798511352631
116,10000,PI,-0.50866403637473245,-0.42356283809785644,1,0.085101198276876011
116,10000,Boot,-0.49875830521611797,-0.41598267887245782,1,0.082775626343660147
116,10000,RS,-0.56291185997908599,-0.3693150144935029,1,0.19359684548558309
117,500,PI,-0.60717760773237905,-0.15627069716902239,1,0.45090691056335663
117,500,Boot,-0.60362797277624469,-0.13961196361091818,1,0.46401600916532648
117,500,RS,-0.68380751164030584,-0.079640793261095633,1,0.60416671837921021
117,1000,PI,-0.52934308668117158,-0.23374519040695654,1,0.29559789627421507
117,1000,Boot,-0.53057337649631253,-0.20774486847983514,1,0.32282850801647739
117,1000,RS,-0.46354027758575761,-0.29954799950237049,1,0.16399227808338712
117,2000,PI,-0.57385332052450566,-0.36944108836670225,1,0.20441223215780341
117,2000,Boot,-0.57248477633576145,-0.35310895258433811,1,0.21937582375142334
117,2000,RS,-0.64792899220656364,-0.29536541668464433,1,0.3525635755219193
117,5000,PI,-0.48193284079221521,-0.36066389517977915,1,0.12126894561243606
117,5000,Boot,-0.47563912521068663,-0.34923100293116172,1,0.12640812227952491
117,5000,RS,-0.48550563162584909,-0.35709110434614527,1,0.12841452727970382
117,10000,PI,-0.47460627957877055,-0.38990537425168958,1,0.084700905327080966
117,10000,Boot,-0.47170709274359496,-0.38633970769884174,1,0.085367385044753219
117,10000,RS,-0.47172768584541569,-0.39278396798504445,1,0.078943717860371243
118,500,PI,-0.57470553563407467,-0.094019387393365073,1,0.4806861482407096
118,500,Boot,-0.52788887902444026,-0.116524188383205,1,0.41136469064123526
118,500,RS,-0.44994844716748372,-0.21877647585995599,1,0.23117197130752773
118,1000,PI,-0.61807425842757802,-0.33571654796012423,1,0.28235771046745378
118,1000,Boot,-0.59204987765888206,-0.32679076286558606,1,0.265259114793296
118,1000,RS,-0.76220895990667803,-0.19158184648102428,1,0.57062711342565375
118,2000,PI,-0.57415975093056482,-0.37781150998191071,1,0.19634824094865411
118,2000,Boot,-0.55381079662254706,-0.38013346334417597,1,0.17367733327837109
118,2000,RS,-0.57106454693619302,-0.38090671397628245,1,0.19015783295991057
118,5000,PI,-0.53395927998820714,-0.41389591445370616,1,0.12006336553450098
118,5000,Boot,-0.52121846386325754,-0.41010772541401935,1,0.11111073844923819
118,5000,RS,-0.50318139440909226,-0.44467380003282103,1,0.058507594376271232
118,10000,PI,-0.52855560478147845,-0.44456022198075223,1,0.083995382800726215
118,10000,Boot,-0.52602768668135602,-0.44310384601015179,1,0.08292384067120423
118,10000,RS,-0.53217648084199309,-0.44093934592023759,1,0.091237134921755503
119,500,PI,-0.58576312299782085,-0.11638172271972635,1,0.4693814002780945
119,500,Boot,-0.54860706200473497,-0.12805688372728849,1,0.42055017827744645
119,500,RS,-0.39551015426258446,-0.30663469145496275,0,0.088875462807621708
119,1000,PI,-0.51000624211579826,-0.23018576537359328,1,0.279820476742205
119,1000,Boot,-0.49629111984155128,-0.21395820684124589,1,0.28233291300030539
119,1000,RS,-0.40020193016613326,-0.33999007732325826,0,0.060211852842875002
119,2000,PI,-0.44507192147479402,-0.25909379975140023,0,0.18597812172339379
119,2000,Boot,-0.43718327477871816,-0.24425610675690373,0,0.19292716802181442
119,2000,RS,-0.40475807631414762,-0.29940764491204663,0,0.10535043140210099
119,5000,PI,-0.45485184288951236,-0.33646408343319417,1,0.11838775945631819
119,5000,Boot,-0.4446018054016761,-0.33399646297737601,0,0.11060534242430009
119,5000,RS,-0.4546355738162664,-0.33668035250644013,1,0.11795522130982627
119,10000,PI,-0.44675721768560173,-0.36419594448039927,0,0.082561273205202457
119,10000,Boot,-0.4442063015878106,-0.36091620290458459,0,0.08329009868322601
119,10000,RS,-0.44435485696883376,-0.36659830519716724,0,0.077756551771666516
120,500,PI,-0.77781294578514593,-0.24649926914714965,1,0.53131367663799622
120,500,Boot,-0.74265753758810538,-0.27810236289170776,1,0.46455517469639762
120,500,RS,-0.59345237368387271,-0.43085984124842291,1,0.1625925324354498
120,1000,PI,-0.7105144139241979,-0.39966943162018786,1,0.31084498230401003
120,1000,Boot,-0.6963223884941695,-0.39179589852271102,1,0.30452648997145848
120,1000,RS,-0.64664325217717189,-0.46354059336721387,0,0.18310265880995802
120,2000,PI,-0.61860691611163621,-0.41570162159758539,1,0.20290529451405082
120,2000,Boot,-0.60797140825102913,-0.41397291376517958,1,0.19399849448584955
120,2000,RS,-0.63182965587196538,-0.40247888183725627,1,0.2293507740347091
120,5000,PI,-0.51616944484330263,-0.39596828991102773,1,0.1202011549322749
120,5000,Boot,-0.51477730518807563,-0.3951658924830197,1,0.11961141270505593
120,5000,RS,-0.54881899854745597,-0.36331873620687438,1,0.18550026234058159
120,10000,PI,-0.48520282435382761,-0.40133578750474103,1,0.083867036849086585
120,10000,Boot,-0.48924594823800321,-0.40095703102645291,1,0.0882889172115503
120,10000,RS,-0.50318781498143372,-0.38335079687713491,1,0.11983701810429881
121,500,PI,-0.53436139794278592,-0.040482151374471725,1,0.49387924656831417
121,500,Boot,-0.50987180278662569,-0.08092072651548185,1,0.42895107627114382
121,500,RS,-0.51206690249244036,-0.062776646824817345,1,0.44929025566762304
121,1000,PI,-0.56842767748429091,-0.26225733652709277,1,0.30617034095719814
121,1000,Boot,-0.55738954823446463,-0.25962569252829226,1,0.29776385570617236
121,1000,RS,-0.65466479849428894,-0.17602021551709479,1,0.47864458297719414
121,2000,PI,-0.50298747829640567,-0.30584324933227691,1,0.19714422896412875
121,2000,Boot,-0.49581793226210424,-0.29499690403044604,1,0.20082102823165821
121,2000,RS,-0.47756763454969525,-0.33126309307898733,1,0.14630454147070793
121,5000,PI,-0.51863135920615977,-0.39664133972818971,1,0.12199001947797006
121,5000,Boot,-0.51679654677745213,-0.38757586403303534,1,0.12922068274441678
121,5000,RS,-0.58335313121675902,-0.33191956771759046,1,0.25143356349916857
121,10000,PI,-0.50686816942081381,-0.42247725916074996,1,0.084390910260063845
121,10000,Boot,-0.50500043507300885,-0.41582759126913066,1,0.089172843803878188
121,10000,RS,-0.5160092337449802,-0.41333619483658363,1,0.10267303890839657
122,500,PI,-0.56113846628637765,-0.11310521590206873,1,0.44803325038430891
122,500,Boot,-0.54342580227806236,-0.13719052366734072,1,0.40623527861072162
122,500,RS,-0.46121596824423094,-0.21302771394421549,1,0.24818825430001545
122,1000,PI,-0.5918591951452532,-0.31235741671268213,1,0.27950177843257107
122,1000,Boot,-0.58919896974491148,-0.30710957802403516,1,0.28208939172087633
122,1000,RS,-0.64388907033093523,-0.26032754152700011,1,0.38356152880393513
122,2000,PI,-0.52873765533725425,-0.33874624236089079,1,0.18999141297636346
122,2000,Boot,-0.52826490750868049,-0.32317389226262172,1,0.20509101524605877
122,2000,RS,-0.55112923443051975,-0.31635466326762524,1,0.23477457116289452
122,5000,PI,-0.48168070806674335,-0.36024222753037272,1,0.12143848053637063
122,5000,Boot,-0.47652522416637477,-0.35501062854301652,1,0.12151459562335826
122,5000,RS,-0.49254094948505911,-0.34938198611205695,1,0.14315896337300216
122,10000,PI,-0.4908568528460357,-0.40540352559080112,1,0.085453327255234579
122,10000,Boot,-0.48239173782070255,-0.40048159763655006,1,0.081910140184152491
122,10000,RS,-0.49927210990087151,-0.39698826853596531,1,0.1022838413649062
123,500,PI,-0.66335646720936503,-0.24352627922599224,1,0.41983018798337279
123,500,Boot,-0.62441411097546484,-0.26767042680699626,1,0.35674368416846858
123,500,RS,-0.50086767695845924,-0.40601506947689797,1,0.094852607481561269
123,1000,PI,-0.62784228072281778,-0.34264093495754211,1,0.28520134576527567
123,1000,Boot,-0.61051935814791092,-0.32797976845917887,1,0.28253958968873205
123,1000,RS,-0.58356141560163899,-0.38692180007872096,1,0.19663961552291803
123,2000,PI,-0.52621849121026421,-0.33724260973364328,1,0.18897588147662092
123,2000,Boot,-0.51787611576906378,-0.33507673204326727,1,0.18279938372579652
123,2000,RS,-0.53439767511758685,-0.32906342582632064,1,0.2053342492912662
123,5000,PI,-0.52788969947575481,-0.40889833048868141,1,0.11899136898707341
123,5000,Boot,-0.52101751254218054,-0.41673482196138567,1,0.10428269058079487
123,5000,RS,-0.51573506206732256,-0.42105296789711366,1,0.094682094170208897
123,10000,PI,-0.47042088254935238,-0.38704084978379633,1,0.083380032765556056
123,10000,Boot,-0.46203443238883685,-0.38426726695496799,1,0.077767165433868857
123,10000,RS,-0.51179982339546004,-0.34566190893768867,1,0.16613791445777137
124,500,PI,-0.57518610409511217,-0.14218669151247351,1,0.43299941258263863
124,500,Boot,-0.5281623383112517,-0.1289560424017783,1,0.39920629590947343
124,500,RS,-0.48143408103960306,-0.23593871456798265,1,0.2454953664716204
124,1000,PI,-0.51113930966328991,-0.24756881119282226,1,0.26357049847046765
124,1000,Boot,-0.50401036448801506,-0.21906416618421645,1,0.28494619830379864
124,1000,RS,-0.42513057899690171,-0.33357754185921046,0,0.091553037137691251
124,2000,PI,-0.46329027696704539,-0.28200792925987983,1,0.18128234770716556
124,2000,Boot,-0.45325550929908975,-0.27222266328368128,1,0.18103284601540848
124,2000,RS,-0.45243642884716412,-0.2928617773797611,1,0.15957465146740302
124,5000,PI,-0.49415880285929098,-0.37792823858218921,1,0.11623056427710177
124,5000,Boot,-0.49930682631925871,-0.37210916658379967,1,0.12719765973545905
124,5000,RS,-0.5213952902707244,-0.35069175117075579,1,0.1707035390999686
124,10000,PI,-0.49660282513408366,-0.41336063141495077,1,0.083242193719132884
124,10000,Boot,-0.49817021749440027,-0.41045601252593156,1,0.087714204968468712
124,10000,RS,-0.50614438940830486,-0.40381906714072963,1,0.10232532226757524
125,500,PI,-0.6150541580168134,-0.19644857363608922,1,0.41860558438072415
125,500,Boot,-0.55964569885680404,-0.18017574414679741,1,0.37946995471000666
125,500,RS,-0.57535204380994009,-0.23615068784296253,1,0.33920135596697754
125,1000,PI,-0.5450071183113474,-0.26711214367098812,1,0.27789497464035928
125,1000,Boot,-0.52394358585160605,-0.26254394073627535,1,0.2613996451153307
125,1000,RS,-0.48673109131973297,-0.32538817066260256,1,0.16134292065713041
125,2000,PI,-0.57705742147981764,-0.38782088512392249,1,0.18923653635589516
125,2000,Boot,-0.5667740756312486,-0.38066303803292267,1,0.18611103759832592
125,2000,RS,-0.60686869144645583,-0.35800961515728441,1,0.24885907628917142
125,5000,PI,-0.51589927217692289,-0.39766517644081822,1,0.11823409573610466
125,5000,Boot,-0.51055850480235954,-0.39148831072491208,1,0.11907019407744746
125,5000,RS,-0.49672536012025459,-0.41683908849748652,1,0.079886271622768068
125,10000,PI,-0.48837670303111586,-0.4053387843141984,1,0.083037918716917458
125,10000,Boot,-0.48547753846791752,-0.40604980842234112,1,0.079427730045576406
125,10000,RS,-0.47887957588879304,-0.41483591145652121,1,0.06404366443227183
126,500,PI,-0.83215576312296302,-0.34396527561547585,1,0.48819048750748717
126,500,Boot,-0.81319915245012098,-0.33841692545248203,1,0.47478222699763895
126,500,RS,-0.84024139129059106,-0.33587964744784776,1,0.50436174384274324
126,1000,PI,-0.73947775448924591,-0.41754995142916962,1,0.32192780306007629
126,1000,Boot,-0.7381949916286018,-0.43008237807234012,1,0.30811261355626168
126,1000,RS,-0.65616423996852991,-0.50086346594988562,0,0.15530077401864428
126,2000,PI,-0.59233836677496932,-0.38928998466703152,1,0.2030483821079378
126,2000,Boot,-0.5810982042009305,-0.38682159466231747,1,0.19427660953861303
126,2000,RS,-0.72111233226014848,-0.26051601918185224,1,0.46059631307829624
126,5000,PI,-0.50556507022133435,-0.38647861991447591,1,0.11908645030685844
126,5000,Boot,-0.50056573126574366,-0.38830394756094389,1,0.11226178370479978
126,5000,RS,-0.54325411332239693,-0.34878957681341338,1,0.19446453650898354
126,10000,PI,-0.47063436843709039,-0.38727216331907521,1,0.083362205118015176
126,10000,Boot,-0.47145709088033227,-0.38106400353581299,1,0.090393087344519285
126,10000,RS,-0.48389585784975025,-0.37401067390641535,1,0.10988518394333491
127,500,PI,-0.62665216284065761,-0.12905935902861396,1,0.49759280381204363
127,500,Boot,-0.58445744988845771,-0.14025255594165076,1,0.44420489394680696
127,500,RS,-0.43520716609440885,-0.32050435577486275,0,0.1147028103195461
127,1000,PI,-0.57916540491207635,-0.29356054830413791,1,0.28560485660793844
127,1000,Boot,-0.56292348661809255,-0.28875795530648252,1,0.27416553131161003
127,1000,RS,-0.5745469074186873,-0.29817904579752702,1,0.27636786162116028
127,2000,PI,-0.55325103568762724,-0.36228955372945482,1,0.19096148195817242
127,2000,Boot,-0.53977707996120083,-0.35245176558628222,1,0.18732531437491862
127,2000,RS,-0.5267971063948319,-0.38874348302225015,1,0.13805362337258176
127,5000,PI,-0.51294169420047431,-0.39550724726917585,1,0.11743444693129845
127,5000,Boot,-0.51438420948980579,-0.38418661244802921,1,0.13019759704177658
127,5000,RS,-0.49659735756910051,-0.41185158390054966,1,0.08474577366855085
127,10000,PI,-0.49458271491024253,-0.41180590126175287,1,0.082776813648489656
127,10000,Boot,-0.48919886064647111,-0.40515836001244504,1,0.084040500634026072
127,10000,RS,-0.47714979930090112,-0.42923881687109428,1,0.047910982429806848
128,500,PI,-0.50586955701242542,-0.05722436628085617,1,0.44864519073156928
128,500,Boot,-0.46663613025244777,-0.061366570847521257,1,0.40526955940492648
128,500,RS,-0.45369716341836497,-0.10939675987491659,1,0.34430040354344837
128,1000,PI,-0.5473091377580126,-0.25454969562303309,1,0.29275944213497951
128,1000,Boot,-0.51676219393805534,-0.24438754943530203,1,0.27237464450275328
128,1000,RS,-0.62512998831867939,-0.17672884506236627,1,0.44840114325631308
128,2000,PI,-0.54002685081695123,-0.33937379769779968,1,0.20065305311915155
128,2000,Boot,-0.52132117845388193,-0.32096765671083821,1,0.20035352174304372
128,2000,RS,-0.55779713058410429,-0.32160351793064657,1,0.23619361265345773
128,5000,PI,-0.52396030919811531,-0.40213106756846007,1,0.12182924162965525
128,5000,Boot,-0.52122509446222498,-0.38242014397526924,1,0.13880495048695574
128,5000,RS,-0.52723680900808889,-0.39885456775848649,1,0.1283822412496024
128,10000,PI,-0.46942566471559388,-0.38591635044111772,1,0.083509314274476165
128,10000,Boot,-0.46602879384942497,-0.37823828884513866,1,0.087790505004286312
128,10000,RS,-0.50660753221352783,-0.34873448294318382,1,0.15787304927034401
129,500,PI,-0.74677576917543664,-0.22776002800392298,1,0.51901574117151372
129,500,Boot,-0.69884537558711313,-0.23345249174107952,1,0.46539288384603361
129,500,RS,-0.52565402258579919,-0.44888177459356043,0,0.076772247992238751
129,1000,PI,-0.59315101923955238,-0.27972847040912574,1,0.31342254883042664
129,1000,Boot,-0.58149816213753169,-0.28637045954403995,1,0.29512770259349175
129,1000,RS,-0.63623270993840364,-0.23664677971027448,1,0.39958593022812916
129,2000,PI,-0.51879185732865873,-0.32036958466461185,1,0.19842227266404688
129,2000,Boot,-0.50824626770545167,-0.32881017422079578,1,0.17943609348465589
129,2000,RS,-0.53105957719667507,-0.30810186479659557,1,0.2229577124000795
129,5000,PI,-0.4705095740259353,-0.35176972764218095,1,0.11873984638375434
129,5000,Boot,-0.46438508434253589,-0.34644577381532465,1,0.11793931052721124
129,5000,RS,-0.46183214183112531,-0.36044715983699094,1,0.10138498199413437
129,10000,PI,-0.48990709033613189,-0.40630661230747589,1,0.083600478028656
129,10000,Boot,-0.4883087851524287,-0.39739442473574865,1,0.090914360416680051
129,10000,RS,-0.51555729218436708,-0.3806564104592407,1,0.13490088172512638
130,500,PI,-0.68970179922262742,-0.1589965618193443,1,0.53070523740328313
130,500,Boot,-0.63929214146141433,-0.20984600589680721,1,0.42944613556460709
130,500,RS,-0.6896181590748196,-0.15908020196715211,1,0.53053795710766749
130,1000,PI,-0.54942473037664674,-0.24268596487169558,1,0.30673876550495116
130,1000,Boot,-0.52680192665755765,-0.24399365026884959,1,0.28280827638870809
130,1000,RS,-0.48765255416557929,-0.30445814108276303,1,0.18319441308281625
130,2000,PI,-0.52093832545480112,-0.32110771913000091,1,0.19983060632480021
130,2000,Boot,-0.5233054499829155,-0.31051935112136037,1,0.21278609886155514
130,2000,RS,-0.50964359818794081,-0.33240244639686128,1,0.17724115179107952
130,5000,PI,-0.46239638289440954,-0.34259955007495435,1,0.11979683281945519
130,5000,Boot,-0.45323325169447393,-0.34031757513365524,1,0.11291567656081869
130,5000,RS,-0.43278039431645521,-0.37221553865290868,0,0.060564855663546524
130,10000,PI,-0.47048966832994632,-0.38610011899261676,1,0.084389549337329561
130,10000,Boot,-0.46634726177981944,-0.38747790410001548,1,0.078869357679803964
130,10000,RS,-0.47321679501736286,-0.38337299230520022,1,0.089843802712162635
131,500,PI,-0.60261611373961688,-0.16858824330252981,1,0.43402787043708707
131,500,Boot,-0.60122353300838305,-0.16629560542356134,1,0.43492792758482168
131,500,RS,-0.58840666149392851,-0.18279769554821809,1,0.40560896594571039
131,1000,PI,-0.54020925267108044,-0.2634692954850355,1,0.27673995718604494
131,1000,Boot,-0.5190836836375996,-0.25179680620551875,1,0.26728687743208085
131,1000,RS,-0.47688445166602283,-0.32679409649009311,1,0.15009035517592972
131,2000,PI,-0.50623750104950904,-0.31862241565833443,1,0.18761508539117461
131,2000,Boot,-0.50189926892024195,-0.33690428027742692,1,0.16499498864281503
131,2000,RS,-0.46109768319168543,-0.363762233516158,1,0.09733544967552743
131,5000,PI,-0.48038948356927358,-0.36489906245164605,1,0.11549042111762753
131,5000,Boot,-0.47269228228767496,-0.35314677332461819,1,0.11954550896305677
131,5000,RS,-0.44483150115091541,-0.40045704487000422,0,0.04437445628091119
131,10000,PI,-0.48939327798853943,-0.40591599961832664,1,0.083477278370212793
131,10000,Boot,-0.48670719964662307,-0.40190162306295563,1,0.084805576583667441
131,10000,RS,-0.48907901787061431,-0.40623025973625176,1,0.082848758134362543
132,500,PI,-0.70838634531466727,-0.21740593414973647,1,0.4909804111649308
132,500,Boot,-0.65325574094243732,-0.23843247494094902,1,0.41482326600148833
132,500,RS,-0.68230375274808885,-0.24348852671631485,1,0.43881522603177403
132,1000,PI,-0.61349168334181647,-0.3227255942078352,1,0.29076608913398128
132,1000,Boot,-0.60149707713980094,-0.29611426759697157,1,0.30538280954282937
132,1000,RS,-0.62912329709988069,-0.30709398044977099,1,0.3220293166501097
132,2000,PI,-0.62275653036984879,-0.42052291209304865,1,0.20223361827680014
132,2000,Boot,-0.61232239901110064,-0.40627044075360785,1,0.20605195825749278
132,2000,RS,-0.63167127168283421,-0.41160817078006329,1,0.22006310090277093
132,5000,PI,-0.5458613156691926,-0.42221625462894735,1,0.12364506104024525
132,5000,Boot,-0.54221407493925267,-0.42105288262663071,1,0.12116119231262196
132,5000,RS,-0.55786958577962698,-0.41020798451851292,1,0.14766160126111405
132,10000,PI,-0.50823952026866648,-0.42371431517912084,1,0.084525205089545641
132,10000,Boot,-0.50746099144364276,-0.42368642779043048,1,0.083774563653212286
132,10000,RS,-0.52893022904777598,-0.40302360640001139,1,0.12590662264776459
133,500,PI,-0.60055912369177955,-0.15723624340419556,1,0.44332288028758399
133,500,Boot,-0.56362357728030954,-0.15927272386342897,1,0.4043508534168806
133,500,RS,-0.47390984115142654,-0.28388552594454863,1,0.1900243152068779
133,1000,PI,-0.57615527349527951,-0.29182366861290254,1,0.28433160488237696
133,1000,Boot,-0.57494119329794513,-0.29204764600475747,1,0.28289354729318766
133,1000,RS,-0.61214224230952674,-0.25583669979865531,1,0.35630554251087143
133,2000,PI,-0.54255450436047292,-0.34913076987367747,1,0.19342373448679545
133,2000,Boot,-0.53946764291625315,-0.34076911356754219,1,0.19869852934871096
133,2000,RS,-0.51616962246853015,-0.37551565176562024,1,0.14065397070290991
133,5000,PI,-0.49735703021505401,-0.38042535275178962,1,0.11693167746326438
133,5000,Boot,-0.49765315246861286,-0.37148655500730954,1,0.12616659746130332
133,5000,RS,-0.48486214520506854,-0.39292023776177509,1,0.091941907443293447
133,10000,PI,-0.47989008774578934,-0.39731521049812457,1,0.082574877247664769
133,10000,Boot,-0.48133386157921837,-0.39654635479926387,1,0.084787506779954502
133,10000,RS,-0.45685672312673919,-0.42034857511717472,1,0.036508148009564478
134,500,PI,-0.52260679966456369,0.0091072368767481926,1,0.53171403654131189
134,500,Boot,-0.51657120858580741,0.03226312826297234,1,0.5488343368487798
134,500,RS,-0.4592241030509433,-0.054275459736872228,1,0.4049486433140711
134,1000,PI,-0.47634346539853983,-0.17481048533811189,1,0.30153298006042795
134,1000,Boot,-0.47019269645188666,-0.15578691788314242,1,0.31440577856874424
134,1000,RS,-0.45313145878706418,-0.19802249194958754,1,0.25510896683747664
134,2000,PI,-0.50996794877588447,-0.30431495203319703,1,0.20565299674268744
134,2000,Boot,-0.52028767096398321,-0.3086479476501709,1,0.21163972331381231
134,2000,RS,-0.63318595248863507,-0.18109694832044643,1,0.45208900416818865
134,5000,PI,-0.53060626758639851,-0.41005120615699953,1,0.12055506142939898
134,5000,Boot,-0.5406047639948196,-0.40665353591407882,1,0.13395122808074078
134,5000,RS,-0.60719817920211427,-0.33345929454128376,1,0.27373888466083052
134,10000,PI,-0.51434859699798841,-0.42928192976372881,1,0.085066667234259596
134,10000,Boot,-0.51557140605255203,-0.43123106212302031,1,0.084340343929531714
134,10000,RS,-0.5221325496368644,-0.42149797712485282,1,0.10063457251201158
135,500,PI,-0.67639381730906356,-0.21454309078568562,1,0.46185072652337794
135,500,Boot,-0.64286546232357789,-0.2338956844646021,1,0.40896977785897581
135,500,RS,-0.49727942165405775,-0.39365748644069137,1,0.10362193521336638
135,1000,PI,-0.54097380883592205,-0.24985538819317177,1,0.29111842064275029
135,1000,Boot,-0.53496266436767737,-0.2884971580198406,1,0.24646550634783676
135,1000,RS,-0.47491377700838316,-0.31591542002071066,1,0.15899835698767251
135,2000,PI,-0.56892094845872032,-0.37355165376159638,1,0.19536929469712394
135,2000,Boot,-0.56583597984174927,-0.37833777602937008,1,0.18749820381237919
135,2000,RS,-0.61347870117629066,-0.32899390104402604,1,0.28448480013226463
135,5000,PI,-0.51969525456537491,-0.39942778282730768,1,0.12026747173806723
135,5000,Boot,-0.5198906888111744,-0.38733201409807189,1,0.13255867471310251
135,5000,RS,-0.49134509937445076,-0.42777793801823188,1,0.063567161356218871
135,10000,PI,-0.4897821196005816,-0.40695588312620068,1,0.082826236474380921
135,10000,Boot,-0.48831190094531701,-0.39892587661173357,1,0.089386024333583447
135,10000,RS,-0.49083206184778511,-0.40590594087899717,1,0.084926120968787933
136,500,PI,-0.66040666334231224,-0.18239016249373852,1,0.47801650084857372
136,500,Boot,-0.63189460502770523,-0.1907995445302797,1,0.44109506049742553
136,500,RS,-0.50824615800201967,-0.33455066783403109,1,0.17369549016798858
136,1000,PI,-0.59003815870793153,-0.29452996083440364,1,0.29550819787352789
136,1000,Boot,-0.5732731363408099,-0.27870628101474693,1,0.29456685532606297
136,1000,RS,-0.4691533686636753,-0.41541475087865987,1,0.05373861778501543
136,2000,PI,-0.62822388435368259,-0.42210344522562393,1,0.20612043912805866
136,2000,Boot,-0.61529310254227809,-0.4191019945763832,1,0.1961911079658949
136,2000,RS,-0.68238492340995993,-0.36794240616934659,1,0.31444251724061334
136,5000,PI,-0.57482144898756071,-0.4511234884202065,0,0.12369796056735421
136,5000,Boot,-0.56362431538856117,-0.44079520032587927,1,0.1228291150626819
136,5000,RS,-0.54792855690161768,-0.47801638050614953,0,0.069912176395468151
136,10000,PI,-0.50859122457053463,-0.42339329643243373,1,0.085197928138100898
136,10000,Boot,-0.49998492026583835,-0.42014501893105344,1,0.079839901334784913
136,10000,RS,-0.56056518223531149,-0.37141933876765687,1,0.18914584346765462
137,500,PI,-0.65460465613205887,-0.17748212292933682,1,0.47712253320272202
137,500,Boot,-0.62519907983673206,-0.15224870861903256,1,0.47295037121769951
137,500,RS,-0.54676068370034436,-0.28532609536105136,1,0.26143458833929301
137,1000,PI,-0.55549444867802245,-0.25545854847834065,1,0.30003590019968179
137,1000,Boot,-0.55020713360339579,-0.25407193446859988,1,0.29613519913479591
137,1000,RS,-0.43493470197902312,-0.37601829517733992,0,0.058916406801683197
137,2000,PI,-0.50787545854653893,-0.30773077356696088,1,0.20014468497957805
137,2000,Boot,-0.49608207778250929,-0.30431610456595265,1,0.19176597321655664
137,2000,RS,-0.43902561326012102,-0.37658061885337879,0,0.062444994406742227
137,5000,PI,-0.53895079215085773,-0.41528183764283322,1,0.12366895450802451
137,5000,Boot,-0.52956102336487021,-0.41771901276896284,1,0.11184201059590737
137,5000,RS,-0.60587875186813611,-0.34835387792555489,1,0.25752487394258122
137,10000,PI,-0.51514433794262127,-0.43003923903744823,1,0.085105098905173038
137,10000,Boot,-0.50957966708680236,-0.42263472790569179,1,0.08694493918111057
137,10000,RS,-0.53994258884366786,-0.40524098813640164,1,0.13470160070726622
138,500,PI,-0.52920424730805504,-0.038345086649475252,1,0.49085916065857982
138,500,Boot,-0.49053975814948669,-0.056870857512218348,1,0.43366890063726837
138,500,RS,-0.33345412359581045,-0.23409521036171982,0,0.099358913234090629
138,1000,PI,-0.62905613551794404,-0.33779141883049446,1,0.29126471668744958
138,1000,Boot,-0.61528413108407409,-0.34001214594356644,1,0.27527198514050766
138,1000,RS,-0.8197327675365107,-0.1471147868119278,1,0.6726179807245829
138,2000,PI,-0.58485454542031889,-0.38767896298691434,1,0.19717558243340455
138,2000,Boot,-0.57566980664320311,-0.39246182662600548,1,0.18320798001719762
138,2000,RS,-0.58938953893031631,-0.38314396947691698,1,0.20624556945339934
138,5000,PI,-0.51011124285389875,-0.3917645851586285,1,0.11834665769527025
138,5000,Boot,-0.509554122334266,-0.38815478330329156,1,0.12139933903097444
138,5000,RS,-0.54406295474193922,-0.35781287327058808,1,0.18625008147135114
138,10000,PI,-0.49262636035832835,-0.4086262976654173,1,0.084000062692911048
138,10000,Boot,-0.49044009145172468,-0.40457846131297626,1,0.085861630138748424
138,10000,RS,-0.49086012262397372,-0.41039253539977194,1,0.080467587224201775
139,500,PI,-0.73964990951096965,-0.26307613759060056,1,0.47657377192036909
139,500,Boot,-0.72011148513413248,-0.28781306087527059,1,0.43229842425886189
139,500,RS,-0.65145971123827917,-0.35126633586329103,1,0.30019337537498814
139,1000,PI,-0.6319603315532849,-0.32151559841882199,1,0.31044473313446291
139,1000,Boot,-0.63548160649187135,-0.32735980706426365,1,0.3081217994276077
139,1000,RS,-0.58650792580072064,-0.36696800417138631,1,0.21953992162933433
139,2000,PI,-0.4802732899788153,-0.28986593542732259,1,0.19040735455149271
139,2000,Boot,-0.50053605548326674,-0.28696817495679117,1,0.21356788052647557
139,2000,RS,-0.54660243777790596,-0.22353678762823195,1,0.32306565014967403
139,5000,PI,-0.47540845096658374,-0.35719725947213216,1,0.11821119149445158
139,5000,Boot,-0.47126251912822736,-0.35006197398136207,1,0.12120054514686529
139,5000,RS,-0.46782095602332702,-0.36478475441538888,1,0.10303620160793814
139,10000,PI,-0.46660479490837098,-0.38352152079583562,1,0.083083274112535355
139,10000,Boot,-0.46774723101138477,-0.37375132121166055,1,0.09399590979972422
139,10000,RS,-0.45467656447387456,-0.39544975123033205,1,0.059226813243542509
140,500,PI,-0.59545695607451066,-0.13265419188432365,1,0.46280276419018701
140,500,Boot,-0.56332173799201601,-0.16356162371721514,1,0.39976011427480085
140,500,RS,-0.52330198495988622,-0.20480916299894811,1,0.31849282196093809
140,1000,PI,-0.5655208492019872,-0.29760112417460055,1,0.26791972502738665
140,1000,Boot,-0.55917438680541909,-0.2985004048577396,1,0.26067398194767949
140,1000,RS,-0.60126846047814497,-0.26185351289844272,1,0.33941494757970225
140,2000,PI,-0.50087100337192703,-0.31495253367500886,1,0.18591846969691816
140,2000,Boot,-0.49963548721662598,-0.32225773534654989,1,0.17737775187007609
140,2000,RS,-0.48806705393529504,-0.32775648311164085,1,0.16031057082365419
140,5000,PI,-0.47177785058398869,-0.3570548814541159,1,0.11472296912987279
140,5000,Boot,-0.474708151852404,-0.35119638838014428,1,0.12351176347225973
140,5000,RS,-0.45134939504701443,-0.37748333699109016,1,0.073866058055924277
140,10000,PI,-0.45254228605497648,-0.3717532876396491,1,0.080788998415327384
140,10000,Boot,-0.44651562790285743,-0.36724556203316328,0,0.079270065869694151
140,10000,RS,-0.42844317980276031,-0.39585239389186527,0,0.032590785910895037
141,500,PI,-0.4041008890203111,0.035013878787859221,0,0.43911476780817033
141,500,Boot,-0.41473991652143449,0.086726913473927442,0,0.50146682999536196
141,500,RS,-0.43452801414075781,0.0654410039083059,0,0.49996901804906368
141,1000,PI,-0.46192685084394325,-0.19360339029269513,1,0.26832346055124812
141,1000,Boot,-0.45153419994930949,-0.18424026773273419,1,0.26729393221657527
141,1000,RS,-0.57138638974270739,-0.084143851393930963,1,0.4872425383487764
141,2000,PI,-0.4590124635704344,-0.27593943291378026,1,0.18307303065665415
141,2000,Boot,-0.45625117783734037,-0.2612654022120659,1,0.19498577562527447
141,2000,RS,-0.49211895447822562,-0.24283294200598904,1,0.24928601247223658
141,5000,PI,-0.45075347154127737,-0.33567989798593129,1,0.11507357355534609
141,5000,Boot,-0.45114445015036853,-0.33158514982426801,1,0.11955930032610051
141,5000,RS,-0.4459500763963356,-0.34048329313087305,0,0.10546678326546255
141,10000,PI,-0.47702709874654503,-0.3945177063634101,1,0.082509392383134927
141,10000,Boot,-0.47623184908830551,-0.396285230884105,1,0.079946618204200515
141,10000,RS,-0.52637390692441888,-0.34517089818553631,1,0.18120300873888256
142,500,PI,-0.50659027624310915,-0.048653138412076108,1,0.45793713783103307
142,500,Boot,-0.53058616503046174,-0.028301127844956503,1,0.50228503718550521
142,500,RS,-0.36049677405005104,-0.19474664060513419,0,0.16575013344491685
142,1000,PI,-0.51566283974786209,-0.24158081054882311,1,0.27408202919903901
142,1000,Boot,-0.50159470701912467,-0.23470730690284283,1,0.26688740011628187
142,1000,RS,-0.68750728547563567,-0.069736364821049446,1,0.61777092065458628
142,2000,PI,-0.57291938706341095,-0.3730955255070702,1,0.19982386155634074
142,2000,Boot,-0.56919448887889479,-0.37584420674663577,1,0.19335028213225902
142,2000,RS,-0.68677386807259966,-0.25924104449788149,1,0.42753282357471817
142,5000,PI,-0.51604070485630316,-0.39591194277870678,1,0.12012876207759637
142,5000,Boot,-0.52736316605491906,-0.3929290567555781,1,0.13443410929934096
142,5000,RS,-0.51097753451856076,-0.40097511311644912,1,0.11000242140211164
142,10000,PI,-0.47913806699840572,-0.39538963425797807,1,0.083748432740427647
142,10000,Boot,-0.48032369527618823,-0.38948134493175973,1,0.090842350344428502
142,10000,RS,-0.48474926890823167,-0.38977843234815213,1,0.094970836560079541
143,500,PI,-0.71366243704323129,-0.28117284546684895,1,0.43248959157638234
143,500,Boot,-0.71125726365069819,-0.29313664372049275,1,0.41812061993020544
143,500,RS,-0.80110212377957857,-0.19373315873050173,1,0.60736896504907678
143,1000,PI,-0.6310024761712294,-0.33964608466068585,1,0.29135639151054354
143,1000,Boot,-0.63788766506812178,-0.35300463023968609,1,0.28488303482843569
143,1000,RS,-0.56296918896821313,-0.40767937186370212,1,0.15528981710451101
143,2000,PI,-0.55751719687180412,-0.35851594626254574,1,0.19900125060925838
143,2000,Boot,-0.56023290871528997,-0.35758153924918729,1,0.20265136946610268
143,2000,RS,-0.56916817612791726,-0.34686496700643255,1,0.22230320912148471
143,5000,PI,-0.52366929788428362,-0.40369301559995535,1,0.11997628228432827
143,5000,Boot,-0.5177056989431611,-0.40668867189973024,1,0.11101702704343086
143,5000,RS,-0.49838851816111568,-0.42897379532312324,1,0.069414722837992437
143,10000,PI,-0.5003054905164579,-0.41640338956630896,1,0.083902100950148939
143,10000,Boot,-0.50711676269113215,-0.41252179200382955,1,0.094594970687302604
143,10000,RS,-0.49233776989037048,-0.42437111019239637,1,0.067966659697974108
144,500,PI,-0.68183658705728956,-0.2262554028404215,1,0.45558118421686805
144,500,Boot,-0.62681746840451236,-0.2796697932002582,1,0.34714767520425416
144,500,RS,-0.57598403425821221,-0.3321079556394988,1,0.24387607861871341
144,1000,PI,-0.62817968750313158,-0.32999943934313847,1,0.29818024815999311
144,1000,Boot,-0.60423923073783836,-0.33218209358344808,1,0.27205713715439028
144,1000,RS,-0.56044797099976007,-0.39773115584650992,1,0.16271681515325015
144,2000,PI,-0.55278966716963984,-0.35608422890660374,1,0.1967054382630361
144,2000,Boot,-0.54767177555974023,-0.35701006607407454,1,0.19066170948566569
144,2000,RS,-0.56696732306591846,-0.34190657301032507,1,0.22506075005559339
144,5000,PI,-0.4706873594899888,-0.35412298841668105,1,0.11656437107330775
144,5000,Boot,-0.47609679337831418,-0.34999029492755862,1,0.12610649845075556
144,5000,RS,-0.47997954576181728,-0.34483080214485257,1,0.13514874361696472
144,10000,PI,-0.47191957004608737,-0.39102700164936871,1,0.080892568396718656
144,10000,Boot,-0.46904744054936481,-0.38674322329429656,1,0.082304217255068257
144,10000,RS,-0.47863747585299365,-0.38430909584246242,1,0.094328380010531232
145,500,PI,-0.60268880998316243,-0.11448441448141802,1,0.48820439550174444
145,500,Boot,-0.54627492711938697,-0.13808474465266954,1,0.40819018246671745
145,500,RS,-0.67859146577713092,-0.038581758687449508,1,0.64000970708968141
145,1000,PI,-0.53973010253618936,-0.24480106120261824,1,0.29492904133357112
145,1000,Boot,-0.55260617736665962,-0.25254830191911015,1,0.30005787544754947
145,1000,RS,-0.46566640914164303,-0.31886475459716457,1,0.14680165454447847
145,2000,PI,-0.46614237062489705,-0.2773097618355268,1,0.18883260878937025
145,2000,Boot,-0.47590941804250853,-0.28572794469271162,1,0.1901814733497969
145,2000,RS,-0.42235313098836091,-0.32109900147206294,0,0.10125412951629797
145,5000,PI,-0.47677829821728746,-0.35825201908000548,1,0.11852627913728198
145,5000,Boot,-0.46626376565402755,-0.35541850179106943,1,0.11084526386295812
145,5000,RS,-0.47450942078872732,-0.36052089650856561,1,0.11398852428016171
145,10000,PI,-0.47194819520248998,-0.38742606866767049,1,0.084522126534819497
145,10000,Boot,-0.47024909775623902,-0.38627140611140254,1,0.083977691644836483
145,10000,RS,-0.46866733192045296,-0.39070693194970751,1,0.077960399970745442
146,500,PI,-0.86672644989064085,-0.39251899024223919,1,0.47420745964840166
146,500,Boot,-0.82113878425103892,-0.39406003121048616,1,0.42707875304055276
146,500,RS,-0.68814657953374492,-0.57109886059913517,0,0.11704771893460975
146,1000,PI,-0.71112459442246412,-0.3995734237360381,1,0.31155117068642602
146,1000,Boot,-0.68684040526344026,-0.41896419483891922,1,0.26787621042452103
146,1000,RS,-0.70735480163860642,-0.4033432165198958,1,0.30401158511871063
146,2000,PI,-0.57641668985191574,-0.37380607377905845,1,0.2026106160728573
146,2000,Boot,-0.57082049981728955,-0.38055914121646767,1,0.19026135860082188
146,2000,RS,-0.63861307990845972,-0.31160968372251441,1,0.32700339618594532
146,5000,PI,-0.51235100617023321,-0.39301480882035339,1,0.11933619734987982
146,5000,Boot,-0.50030479467492706,-0.38988949843633391,1,0.11041529623859314
146,5000,RS,-0.52478684441140233,-0.38057897057918433,1,0.144207873832218
146,10000,PI,-0.52460185584711838,-0.43949223314057206,1,0.085109622706546317
146,10000,Boot,-0.51534591519750461,-0.43668449467173143,1,0.078661420525773185
146,10000,RS,-0.53667711156704079,-0.4274169774206496,1,0.10926013414639119
147,500,PI,-0.66263616567026895,-0.16188183766336606,1,0.50075432800690289
147,500,Boot,-0.62845885659658951,-0.20580163656894343,1,0.42265722002764605
147,500,RS,-0.46992075081933427,-0.35459725251430074,1,0.11532349830503352
147,1000,PI,-0.54804910191660172,-0.25806361443333792,1,0.2899854874832638
147,1000,Boot,-0.55145586860024332,-0.24599613922758434,1,0.30545972937265897
147,1000,RS,-0.50578416243919533,-0.30032855391074431,1,0.20545560852845102
147,2000,PI,-0.52101554989022947,-0.32162747995861724,1,0.19938806993161223
147,2000,Boot,-0.51575767458956345,-0.2883183917528756,1,0.22743928283668785
147,2000,RS,-0.48088300786942556,-0.36176002197942109,1,0.11912298589000447
147,5000,PI,-0.51719639610419144,-0.39834594147373675,1,0.11885045463045468
147,5000,Boot,-0.52025299313615114,-0.39290583353054609,1,0.12734715960560505
147,5000,RS,-0.51830115784827591,-0.39724117972965217,1,0.12105997811862373
147,10000,PI,-0.48915832441110152,-0.40467551974747251,1,0.084482804663629008
147,10000,Boot,-0.48939613721531244,-0.40121735297280242,1,0.088178784242510022
147,10000,RS,-0.49355214578779433,-0.4002816983707797,1,0.093270447417014624
148,500,PI,-0.48148985739161532,6.6580754462530756e-06,1,0.48149651546706157
148,500,Boot,-0.47350467814126079,-0.00026295928548253356,1,0.47324171885577826
148,500,RS,-0.40658630678061136,-0.07489689253555773,0,0.3316894142450536
148,1000,PI,-0.42721932279368813,-0.13984852740784601,0,0.28737079538584209
148,1000,Boot,-0.42033152087057313,-0.10886178314206077,0,0.31146973772851239
148,1000,RS,-0.39238191966937058,-0.17468593053216358,0,0.217695989137207
148,2000,PI,-0.38102786611356282,-0.18643066236801148,0,0.19459720374555134
148,2000,Boot,-0.36286422131097473,-0.18428671605167707,0,0.17857750525929766
148,2000,RS,-0.35042447367331991,-0.21703405480825438,0,0.13339041886506553
148,5000,PI,-0.47573187860003419,-0.35546402891264683,1,0.12026784968738735
148,5000,Boot,-0.47428228679471185,-0.35679383775278123,1,0.11748844904193062
148,5000,RS,-0.60121932142989687,-0.2299765860827841,1,0.37124273534711277
148,10000,PI,-0.4780829134086641,-0.39379819664205457,1,0.084284716766609535
148,10000,Boot,-0.47128317719412149,-0.39528677655028072,1,0.075996400643840778
148,10000,RS,-0.52624628156964182,-0.34563482848107679,1,0.18061145308856502
149,500,PI,-0.55141322828014583,-0.11555532608118885,1,0.43585790219895698
149,500,Boot,-0.49784293486427694,-0.10570889153915722,1,0.3921340433251197
149,500,RS,-0.55850269942513919,-0.10846585493619554,1,0.45003684448894365
149,1000,PI,-0.48151898869277526,-0.20623846375353844,1,0.27528052493923683
149,1000,Boot,-0.45902463536573074,-0.18947574416888632,1,0.26954889119684444
149,1000,RS,-0.41145173321166284,-0.27630571923465086,0,0.13514601397701198
149,2000,PI,-0.51334640337866533,-0.32159015501617488,1,0.19175624836249044
149,2000,Boot,-0.50288853019238011,-0.3087360315716563,1,0.19415249862072381
149,2000,RS,-0.54217234332567366,-0.2927642150691665,1,0.24940812825650716
149,5000,PI,-0.48836920114807969,-0.36956986752631837,1,0.11879933362176132
149,5000,Boot,-0.47910744816240253,-0.3584343006494804,1,0.12067314751292213
149,5000,RS,-0.48692733614263023,-0.37101173253176783,1,0.11591560361086239
149,10000,PI,-0.48309863738114267,-0.39992582506659091,1,0.083172812314551758
149,10000,Boot,-0.48175522755216038,-0.39476202907962399,1,0.086993198472536393
149,10000,RS,-0.47929835228121903,-0.40372611016651455,1,0.07557224211470448
150,500,PI,-0.65624293528191213,-0.1936074531857917,1,0.46263548209612043
150,500,Boot,-0.61808841413564897,-0.22820792215136471,1,0.38988049198428426
150,500,RS,-0.52263986454285505,-0.32721052392484884,1,0.19542934061800621
150,1000,PI,-0.56516287413454314,-0.28154949542470031,1,0.28361337870984282
150,1000,Boot,-0.53531166346512848,-0.27921433359588721,1,0.25609732986924127
150,1000,RS,-0.54311454808747006,-0.30359782147177339,1,0.23951672661569667
150,2000,PI,-0.57687224000651183,-0.38077395565789607,1,0.19609828434861576
150,2000,Boot,-0.57177428962258048,-0.36895230006208346,1,0.20282198956049702
150,2000,RS,-0.55415684750239746,-0.40348934816201038,1,0.15066749934038709
150,5000,PI,-0.52667839873929923,-0.4066567409824573,1,0.12002165775684193
150,5000,Boot,-0.52104237827495903,-0.39808047464530305,1,0.12296190362965598
150,5000,RS,-0.51482321552457144,-0.41851192419718508,1,0.096311291327386361
150,10000,PI,-0.50166660821734943,-0.41855841826338941,1,0.083108189953960021
150,10000,Boot,-0.49894363650300444,-0.42218317653216042,1,0.076760459970844019
150,10000,RS,-0.48942827257088622,-0.43079675390985256,1,0.058631518661033666
151,500,PI,-0.89093967191266255,-0.37403340446890015,1,0.51690626744376234
151,500,Boot,-0.86595330470253917,-0.3975516644379774,1,0.46840164026456177
151,500,RS,-0.85762569795899868,-0.40734737842256413,1,0.45027831953643455
151,1000,PI,-0.67526984661173528,-0.38301100638683971,1,0.29225884022489557
151,1000,Boot,-0.68127960395147702,-0.37429226860646486,1,0.30698733534501216
151,1000,RS,-0.70736087697304617,-0.35091997602552882,1,0.35644090094751735
151,2000,PI,-0.58858445931749892,-0.38721886251093207,1,0.20136559680656685
151,2000,Boot,-0.60705489489650166,-0.37971128661728476,1,0.2273436082792169
151,2000,RS,-0.59100790236645828,-0.38479541946197277,1,0.20621248290448552
151,5000,PI,-0.52960111704639334,-0.40956553680021129,1,0.12003558024618205
151,5000,Boot,-0.5215407637237881,-0.41171584826748847,1,0.10982491545629963
151,5000,RS,-0.54812685003491446,-0.39103980381169012,1,0.15708704622322434
151,10000,PI,-0.47429525289289454,-0.39179892928748972,1,0.08249632360540482
151,10000,Boot,-0.4688812351850265,-0.38975610958721546,1,0.079125125597811041
151,10000,RS,-0.51706939770561711,-0.34902478447476715,1,0.16804461323084996
152,500,PI,-0.67039076366714179,-0.18391882158304484,1,0.48647194208409694
152,500,Boot,-0.65126387980979117,-0.22572667024762566,1,0.42553720956216551
152,500,RS,-0.50353874798206399,-0.35077083726812264,1,0.15276791071394136
152,1000,PI,-0.66162729296488765,-0.34848292486271393,1,0.31314436810217372
152,1000,Boot,-0.64593218166360766,-0.34759029477314668,1,0.29834188689046098
152,1000,RS,-0.63666616397566422,-0.37344405385193735,1,0.26322211012372687
152,2000,PI,-0.51016442163749931,-0.31061614684767441,1,0.1995482747898249
152,2000,Boot,-0.51556577317517371,-0.27921443745578067,1,0.23635133571939304
152,2000,RS,-0.56524335917971702,-0.2555372093054567,1,0.30970614987426032
152,5000,PI,-0.44439976927176489,-0.32426249170641036,0,0.12013727756535453
152,5000,Boot,-0.44490209608862002,-0.31199107187600311,0,0.13291102421261691
152,5000,RS,-0.45208165444737786,-0.31658060653079739,1,0.13550104791658046
152,10000,PI,-0.43015944543500556,-0.34697553432156475,0,0.083183911113440812
152,10000,Boot,-0.42720358099202432,-0.34054168287322828,0,0.086661898118796044
152,10000,RS,-0.41262788908350634,-0.36450709067306397,0,0.048120798410442367
153,500,PI,-0.69183868951901628,-0.15649742714877007,1,0.53534126237024626
153,500,Boot,-0.60672237270401685,-0.22934523550410654,1,0.37737713719991028
153,500,RS,-0.53149123147670352,-0.31684488519108289,1,0.21464634628562063
153,1000,PI,-0.69728555014993643,-0.38105265674345512,1,0.31623289340648131
153,1000,Boot,-0.67865574224470582,-0.41314337078166996,1,0.26551237146303586
153,1000,RS,-0.78465452179896478,-0.29368368509442677,1,0.49097083670453801
153,2000,PI,-0.57042249334690287,-0.37111758587508903,1,0.19930490747181384
153,2000,Boot,-0.56616965363383098,-0.37587261971258218,1,0.1902970339212488
153,2000,RS,-0.61606905192298311,-0.32547102729900879,1,0.29059802462397433
153,5000,PI,-0.51892602107957408,-0.40092998518045408,1,0.11799603589912
153,5000,Boot,-0.51181676263195652,-0.39967675235376871,1,0.11214001027818782
153,5000,RS,-0.51052159708427081,-0.40933440917575736,1,0.10118718790851344
153,10000,PI,-0.47464138327608546,-0.39130514521634913,1,0.083336238059736334
153,10000,Boot,-0.47531289744679756,-0.38954554530584906,1,0.085767352140948494
153,10000,RS,-0.50410584509568956,-0.36184068339674502,1,0.14226516169894454
154,500,PI,-0.46119750098049445,-0.022458485977472242,1,0.4387390150030222
154,500,Boot,-0.43925092022478085,0.0026338222851980675,0,0.44188474250997889
154,500,RS,-0.50650857860754628,0.022852591649579618,1,0.52936117025712592
154,1000,PI,-0.51067786476896904,-0.23063675552651838,1,0.28004110924245063
154,1000,Boot,-0.50239058005975989,-0.21870891907438603,1,0.28368166098537384
154,1000,RS,-0.57256246863089366,-0.16875215166459379,1,0.40381031696629988
154,2000,PI,-0.46328960057315666,-0.27262737085472527,1,0.19066222971843139
154,2000,Boot,-0.45666639232261563,-0.27170036392438035,1,0.18496602839823528
154,2000,RS,-0.47831866340565199,-0.25759830802222994,1,0.22072035538342205
154,5000,PI,-0.50980469276306217,-0.39356218174812785,1,0.11624251101493432
154,5000,Boot,-0.50549951839315677,-0.39660911131733828,1,0.10889040707581848
154,5000,RS,-0.61821633483485194,-0.28515053967633808,1,0.33306579515851387
154,10000,PI,-0.49155074714277525,-0.40824797417904557,1,0.083302772963729677
154,10000,Boot,-0.48843535618663414,-0.40971586666890331,1,0.078719489517730834
154,10000,RS,-0.50747273554108874,-0.39232598578073208,1,0.11514674976035666
155,500,PI,-1.0146652800246951,-0.47528960524537384,0,0.53937567477932125
155,500,Boot,-0.96476853224327885,-0.46503429854813794,0,0.49973423369514092
155,500,RS,-0.83539520173201176,-0.65455968353805727,0,0.18083551819395449
155,1000,PI,-0.88364485801086734,-0.53336115272838591,0,0.35028370528248143
155,1000,Boot,-0.85445893851481269,-0.5006345324983692,0,0.35382440601644349
155,1000,RS,-0.83735837721694284,-0.57964763352231041,0,0.25771074369463243
155,2000,PI,-0.76313109366141041,-0.54221177853301583,0,0.22091931512839458
155,2000,Boot,-0.7553600672032531,-0.5280965343426226,0,0.2272635328606305
155,2000,RS,-0.76146443961587373,-0.54387843257855251,0,0.21758600703732123
155,5000,PI,-0.62124817663695497,-0.49169599543528536,0,0.12955218120166961
155,5000,Boot,-0.6181737831558326,-0.48132361364835929,0,0.13685016950747331
155,5000,RS,-0.69138660206168834,-0.42155757001055211,1,0.26982903205113623
155,10000,PI,-0.55899036174455075,-0.47172727204471421,0,0.087263089699836538
155,10000,Boot,-0.55726273270174032,-0.46396084263435278,0,0.093301890067387538
155,10000,RS,-0.61909453706884188,-0.41162309672042308,1,0.2074714403484188
156,500,PI,-0.54666177217460421,-0.058096751557154908,1,0.48856502061744933
156,500,Boot,-0.50016363925236851,-0.0023543695485425675,1,0.49780926970382594
156,500,RS,-0.46228339268352919,-0.1424751310482299,1,0.3198082616352993
156,1000,PI,-0.51210480018720161,-0.22032001747527333,1,0.29178478271192831
156,1000,Boot,-0.49974801892330223,-0.21360426187471329,1,0.28614375704858896
156,1000,RS,-0.439648292084656,-0.29277652557781891,0,0.14687176650683709
156,2000,PI,-0.43942555556072194,-0.24891019200862394,0,0.190515363552098
156,2000,Boot,-0.41374160729807896,-0.23427441443883373,0,0.17946719285924523
156,2000,RS,-0.39572921064395633,-0.29260653692538957,0,0.10312267371856676
156,5000,PI,-0.44843087989191782,-0.32786803589357266,1,0.12056284399834516
156,5000,Boot,-0.43697526801601794,-0.31543737228388868,0,0.12153789573212925
156,5000,RS,-0.46588539780290616,-0.31041351798258432,1,0.15547187982032185
156,10000,PI,-0.48308405653265329,-0.39858343001740371,1,0.084500626515249588
156,10000,Boot,-0.4765916186273656,-0.39112568348667198,1,0.085465935140693616
156,10000,RS,-0.56995579279922093,-0.31171169375083607,1,0.25824409904838486
157,500,PI,-0.5009432087715594,-0.062902621175074835,1,0.43804058759648457
157,500,Boot,-0.46147467339519521,-0.076901330635826881,1,0.38457334275936833
157,500,RS,-0.43792374622086172,-0.12592208372577254,0,0.3120016624950892
157,1000,PI,-0.47334619887035212,-0.20111994754774662,1,0.27222625132260547
157,1000,Boot,-0.46111712905821256,-0.19846346046575819,1,0.26265366859245437
157,1000,RS,-0.48636996674256849,-0.18809617967553025,1,0.29827378706703822
157,2000,PI,-0.46702130251232232,-0.27923393211204395,1,0.18778737040027838
157,2000,Boot,-0.4687018668280144,-0.28818679436404399,1,0.18051507246397042
157,2000,RS,-0.48366288341219776,-0.26259235121216851,1,0.22107053220002926
157,5000,PI,-0.46883035558631025,-0.34977543217485074,1,0.11905492341145951
157,5000,Boot,-0.45809846454744602,-0.34249049427009315,1,0.11560797027735287
157,5000,RS,-0.50138064566107388,-0.31722514210008718,1,0.1841555035609867
157,10000,PI,-0.45405872638788969,-0.37190992908122944,1,0.082148797306660248
157,10000,Boot,-0.45076012317534114,-0.36993488422705056,1,0.080825238948290579
157,10000,RS,-0.45002085799820601,-0.37594779747091311,1,0.0740730605272929
158,500,PI,-0.6454256204193588,-0.21216037336012716,1,0.43326524705923164
158,500,Boot,-0.64237852942548035,-0.24184451946008118,1,0.40053400996539917
158,500,RS,-0.63424348089518756,-0.22334251288429835,1,0.41090096801088921
158,1000,PI,-0.51536957822749674,-0.23401104579502185,1,0.28135853243247488
158,1000,Boot,-0.51425357750267642,-0.21043101731569949,1,0.30382256018697695
158,1000,RS,-0.56832066555239291,-0.18105995847012574,1,0.38726070708226717
158,2000,PI,-0.46333752089062807,-0.27406752264431644,1,0.18926999824631163
158,2000,Boot,-0.46117618301522306,-0.2635927824700196,1,0.19758340054520346
158,2000,RS,-0.44816093499462245,-0.28924410854032206,1,0.15891682645430039
158,5000,PI,-0.49865830485244939,-0.37729505720612838,1,0.121363247646321
158,5000,Boot,-0.49066884605870886,-0.38213322497895219,1,0.10853562107975667
158,5000,RS,-0.54780686893454289,-0.32814649312403488,1,0.21966037581050801
158,10000,PI,-0.51127388202388213,-0.42577426336404178,1,0.085499618659840348
158,10000,Boot,-0.50499376116828565,-0.42983747149541496,1,0.075156289672870691
158,10000,RS,-0.55196599399250812,-0.38508215139541579,1,0.16688384259709232
159,500,PI,-0.76998679801798975,-0.22871827474301615,1,0.54126852327497366
159,500,Boot,-0.73292840069145893,-0.22901979619077362,1,0.50390860450068531
159,500,RS,-0.66740028970260945,-0.33130478305839645,1,0.336095506644213
159,1000,PI,-0.70252961655416934,-0.37315077821460074,1,0.3293788383395686
159,1000,Boot,-0.6843068396665577,-0.370895023234319,1,0.3134118164322387
159,1000,RS,-0.61324359077972912,-0.46243680398904102,0,0.1508067867906881
159,2000,PI,-0.53642560823533458,-0.33612046418978359,1,0.200305144045551
159,2000,Boot,-0.54949877345034492,-0.32609867546254367,1,0.22340009798780125
159,2000,RS,-0.638556108575006,-0.23398996385011214,1,0.40456614472489383
159,5000,PI,-0.47726494631827593,-0.35481536450031342,1,0.12244958181796251
159,5000,Boot,-0.48766662221215962,-0.35707959944197032,1,0.1305870227701893
159,5000,RS,-0.4833739833140015,-0.34870632750458785,1,0.13466765580941364
159,10000,PI,-0.45180994237294264,-0.3675882293505221,1,0.084221713022420541
159,10000,Boot,-0.46025579426301855,-0.36346867435381447,1,0.096787119909204078
159,10000,RS,-0.43582728469093424,-0.38357088703253051,0,0.05225639765840373
160,500,PI,-0.63982772526138176,-0.16368999398462497,1,0.47613773127675679
160,500,Boot,-0.60929359234593683,-0.2233133526706178,1,0.38598023967531903
160,500,RS,-0.46101275336883241,-0.34250496587717438,1,0.11850778749165802
160,1000,PI,-0.46581276555707873,-0.19531596322807535,1,0.27049680232900342
160,1000,Boot,-0.4570136447697038,-0.21416169280661951,1,0.24285195196308429
160,1000,RS,-0.43856208034139355,-0.22256664844376048,0,0.21599543189763307
160,2000,PI,-0.43940667580283888,-0.25173004539750854,0,0.18767663040533034
160,2000,Boot,-0.44623700052069831,-0.25061612187073296,0,0.19562087864996536
160,2000,RS,-0.38434630585621554,-0.30679041534413187,0,0.077555890512083669
160,5000,PI,-0.47401215556817033,-0.3563705855010797,1,0.11764157006709064
160,5000,Boot,-0.47078886137802461,-0.36075809141618881,1,0.11003076996183581
160,5000,RS,-0.53526428721994868,-0.2951184538493013,1,0.24014583337064738
160,10000,PI,-0.49534435875715604,-0.41107081612307711,1,0.084273542634078935
160,10000,Boot,-0.49176268370243298,-0.40023908907959616,1,0.091523594622836824
160,10000,RS,-0.55962783119354442,-0.34678734368668873,1,0.21284048750685569
161,500,PI,-0.80375113088527184,-0.28994993055220103,1,0.51380120033307075
161,500,Boot,-0.7471947834428746,-0.3230364945030752,1,0.4241582889397994
161,500,RS,-0.74531238504112363,-0.34838867639634929,1,0.39692370864477433
161,1000,PI,-0.68481895340054666,-0.38100477804058519,1,0.30381417535996147
161,1000,Boot,-0.67672626255630552,-0.37144355052102718,1,0.30528271203527835
161,1000,RS,-0.58780998171520438,-0.47801374972592747,0,0.1097962319892769
161,2000,PI,-0.57108235288842113,-0.36448671046851161,1,0.20659564241990952
161,2000,Boot,-0.56958326386181313,-0.36019432274568858,1,0.20938894111612455
161,2000,RS,-0.59040145916071263,-0.34516760419622017,1,0.24523385496449246
161,5000,PI,-0.51998661157983883,-0.39888117226432007,1,0.12110543931551876
161,5000,Boot,-0.50822805862191323,-0.39666866762176045,1,0.11155939100015277
161,5000,RS,-0.51509227163176419,-0.40377551221239466,1,0.11131675941936953
161,10000,PI,-0.47930277144070449,-0.39528423751150482,1,0.084018533929199668
161,10000,Boot,-0.47817574597859386,-0.39135963357521608,1,0.086816112403377776
161,10000,RS,-0.49809399990542819,-0.37649300904678112,1,0.12160099085864706
162,500,PI,-0.63716779190519235,-0.22612475597291604,1,0.41104303593227631
162,500,Boot,-0.62488364978683886,-0.17118959742557177,1,0.45369405236126709
162,500,RS,-0.51729986801912986,-0.34599267985897852,1,0.17130718816015134
162,1000,PI,-0.54161133027466302,-0.25752434591796802,1,0.28408698435669499
162,1000,Boot,-0.54490536614222917,-0.23189691421802294,1,0.31300845192420623
162,1000,RS,-0.461404052424709,-0.33773162376792204,1,0.12367242865678696
162,2000,PI,-0.45262720233596809,-0.26541963639035637,1,0.18720756594561172
162,2000,Boot,-0.46717215440407017,-0.24725842187985253,1,0.21991373252421764
162,2000,RS,-0.45446325449088987,-0.2635835842354346,1,0.19087967025545527
162,5000,PI,-0.43893708940358567,-0.32326156403900985,0,0.11567552536457582
162,5000,Boot,-0.4345544590444419,-0.31865422153989154,0,0.11590023750455036
162,5000,RS,-0.42371933999787215,-0.33847931344472337,0,0.085240026553148773
162,10000,PI,-0.46507913097697584,-0.38212451342632803,1,0.082954617550647813
162,10000,Boot,-0.47125154683320386,-0.3757632595542591,1,0.095488287278944761
162,10000,RS,-0.5224290834266957,-0.32477456097660817,1,0.19765452245008752
163,500,PI,-0.54168081963607806,-0.082703282181066012,1,0.45897753745501202
163,500,Boot,-0.52788394312835774,-0.11102838754951269,1,0.41685555557884502
163,500,RS,-0.52463060072333256,-0.099753501093811592,1,0.42487709962952097
163,1000,PI,-0.50229158697729881,-0.2081780882686049,1,0.29411349870869391
163,1000,Boot,-0.50584919017706664,-0.22724343725437904,1,0.27860575292268763
163,1000,RS,-0.55498046504345089,-0.15548921020245293,1,0.39949125484099796
163,2000,PI,-0.52824129266019826,-0.33150847275173689,1,0.19673281990846136
163,2000,Boot,-0.53167094211332921,-0.32625864784594094,1,0.20541229426738827
163,2000,RS,-0.58819262661215865,-0.2715571387997765,1,0.31663548781238215
163,5000,PI,-0.52069302976345122,-0.39895645860424828,1,0.12173657115920294
163,5000,Boot,-0.51783306359333237,-0.39654681493240257,1,0.1212862486609298
163,5000,RS,-0.5349699189193039,-0.38467956944839554,1,0.15029034947090836
163,10000,PI,-0.49267561014809852,-0.40752817060293062,1,0.085147439545167902
163,10000,Boot,-0.48997475006751834,-0.40502016354610293,1,0.084954586521415409
163,10000,RS,-0.47637968447545431,-0.42382409627557482,1,0.052555588199879488
164,500,PI,-0.7866398571038854,-0.31283073874138412,1,0.47380911836250128
164,500,Boot,-0.75395207456990809,-0.31954941177295049,1,0.43440266279695761
164,500,RS,-0.67332627810185597,-0.42614431774341355,1,0.24718196035844242
164,1000,PI,-0.63842331375820083,-0.34897228261770097,1,0.28945103114049986
164,1000,Boot,-0.62757670222228779,-0.33089779350973419,1,0.29667890871255359
164,1000,RS,-0.60053250824135418,-0.38686308813454762,1,0.21366942010680656
164,2000,PI,-0.55829958484577213,-0.35909414838549325,1,0.19920543646027888
164,2000,Boot,-0.55728943005011855,-0.35461010111076585,1,0.2026793289393527
164,2000,RS,-0.53488693892777273,-0.38250679430349266,1,0.15238014462428007
164,5000,PI,-0.54834854365706442,-0.42329335000584989,1,0.12505519365121454
164,5000,Boot,-0.54354763802318284,-0.43188318702305772,1,0.11166445100012512
164,5000,RS,-0.51980835583413387,-0.45183353782878044,0,0.067974818005353432
164,10000,PI,-0.517168477843859,-0.43190325151507031,1,0.08526522632878869
164,10000,Boot,-0.5139984872953508,-0.43729234867809696,1,0.076706138617253838
164,10000,RS,-0.50811130173718211,-0.44096042762174714,1,0.067150874115434966
165,500,PI,-0.78581353418539091,-0.2733989728156499,1,0.51241456136974106
165,500,Boot,-0.7659294499456949,-0.30985928094494147,1,0.45607016900075342
165,500,RS,-0.61574447861828097,-0.44346802838275978,1,0.17227645023552118
165,1000,PI,-0.64986865945874717,-0.34346891958899639,1,0.30639973986975078
165,1000,Boot,-0.62819073946722026,-0.3310976332268597,1,0.29709310624036056
165,1000,RS,-0.56154188191310228,-0.43179569713464128,1,0.129746184778461
165,2000,PI,-0.54765267010686403,-0.35117120360689896,1,0.19648146649996506
165,2000,Boot,-0.54520440937748305,-0.33096285435322625,1,0.21424155502425679
165,2000,RS,-0.53575366609269059,-0.36307020762107234,1,0.17268345847161826
165,5000,PI,-0.51287905566276737,-0.39317429416646765,1,0.11970476149629972
165,5000,Boot,-0.50917460649191082,-0.39295139003017493,1,0.11622321646173589
165,5000,RS,-0.48506605197535513,-0.42098729785387989,1,0.064078754121475234
165,10000,PI,-0.46580465463123155,-0.38183389067224915,1,0.083970763958982397
165,10000,Boot,-0.46641552975943446,-0.37679083822158488,1,0.089624691537849577
165,10000,RS,-0.48138504962265305,-0.36625349568082766,1,0.11513155394182539
166,500,PI,-0.67100975756138881,-0.1812047412772744,1,0.48980501628411444
166,500,Boot,-0.64693686703406106,-0.20478587115294072,1,0.44215099588112033
166,500,RS,-0.70031186165772341,-0.15190263718093977,1,0.54840922447678364
166,1000,PI,-0.59810909080872432,-0.29381733361177864,1,0.30429175719694568
166,1000,Boot,-0.57867584499578295,-0.29243324182246522,1,0.28624260317331773
166,1000,RS,-0.52195028310845148,-0.36997614131205148,1,0.15197414179640001
166,2000,PI,-0.59415187775054634,-0.39393268751394134,1,0.200219190236605
166,2000,Boot,-0.59501354140368456,-0.39694226151325229,1,0.19807127989043227
166,2000,RS,-0.57114855239071549,-0.41693601287377224,1,0.15421253951694325
166,5000,PI,-0.54806789122990685,-0.42512815091489992,1,0.12293974031500693
166,5000,Boot,-0.54851459532375602,-0.43448173031854187,1,0.11403286500521415
166,5000,RS,-0.52135495332230286,-0.45184108882250396,0,0.069513864499798905
166,10000,PI,-0.52607478010971376,-0.44033585142778164,1,0.085738928681932114
166,10000,Boot,-0.5253767503032809,-0.4444293187417927,1,0.080947431561488203
166,10000,RS,-0.50000649119481455,-0.46640414034268085,0,0.0336023508521337
167,500,PI,-0.49397015886748408,-0.0048961431849120218,1,0.48907401568257203
167,500,Boot,-0.49368005949468308,-0.010879082895714959,1,0.48280097659896815
167,500,RS,-0.34605846211478525,-0.15280783993761088,0,0.19325062217717437
167,1000,PI,-0.53266558033357803,-0.24063594409180042,1,0.29202963624177758
167,1000,Boot,-0.53963788649904498,-0.23933842491443971,1,0.3002994615846053
167,1000,RS,-0.6729250298503866,-0.10037649457499193,1,0.57254853527539473
167,2000,PI,-0.5003163949701126,-0.30479323243303297,1,0.19552316253707963
167,2000,Boot,-0.48985431499882676,-0.30320136089416538,1,0.18665295410466137
167,2000,RS,-0.50313457346749224,-0.30197505393565338,1,0.20115951953183886
167,5000,PI,-0.43673742360468659,-0.31874634400407342,0,0.11799107960061317
167,5000,Boot,-0.43284037081810683,-0.31885202991947736,0,0.11398834089862947
167,5000,RS,-0.41820757286358645,-0.33727619474517356,0,0.080931378118412889
167,10000,PI,-0.46373756485857964,-0.38009443655973474,1,0.083643128298844904
167,10000,Boot,-0.45734129052436384,-0.37715926622638263,1,0.080182024297981214
167,10000,RS,-0.51138809895844139,-0.33244390245987299,1,0.17894419649856841
168,500,PI,-0.65942259803491199,-0.15974664401614797,1,0.49967595401876402
168,500,Boot,-0.65522712000636174,-0.19071596361952611,1,0.4645111563868356
168,500,RS,-0.66226305011760522,-0.15690619193345473,1,0.50535685818415055
168,1000,PI,-0.53121531526149879,-0.25270955660161465,1,0.27850575865988414
168,1000,Boot,-0.52969682548366281,-0.24568031712508642,1,0.28401650835857639
168,1000,RS,-0.4460777469602909,-0.33784712490282254,0,0.10823062205746836
168,2000,PI,-0.4969517140085864,-0.30664532772856901,1,0.19030638628001739
168,2000,Boot,-0.48977613010630144,-0.29724234940791827,1,0.19253378069838317
168,2000,RS,-0.44032499224050747,-0.36327204949664793,0,0.077052942743859543
168,5000,PI,-0.4826411334990332,-0.36484063248471105,1,0.11780050101432216
168,5000,Boot,-0.49728520981644053,-0.3558401370969429,1,0.14144507271949763
168,5000,RS,-0.46641760440721347,-0.38106416157653078,1,0.085353442830682691
168,10000,PI,-0.46131736948102875,-0.37834385168704399,1,0.082973517793984763
168,10000,Boot,-0.46600809571609064,-0.37351867329265964,1,0.092489422423431
168,10000,RS,-0.44143990871283328,-0.39822131245523945,0,0.043218596257593833
169,500,PI,-0.75285894326702962,-0.27263680768151216,1,0.48022213558551746
169,500,Boot,-0.68517972267194371,-0.31683162794483144,1,0.36834809472711227
169,500,RS,-0.6805931457312111,-0.34490260521733068,1,0.33569054051388042
169,1000,PI,-0.66531441895826593,-0.37854265529720033,1,0.2867717636610656
169,1000,Boot,-0.68125570396089696,-0.39356970158535559,1,0.28768600237554137
169,1000,RS,-0.58325954863710916,-0.4605975256183571,0,0.12266202301875206
169,2000,PI,-0.58648155243543132,-0.39203358549211886,1,0.19444796694331246
169,2000,Boot,-0.58138952000414601,-0.38677241339766122,1,0.19461710660648479
169,2000,RS,-0.540587322213128,-0.43792781571442219,1,0.10265950649870581
169,5000,PI,-0.53540239117384025,-0.4143356492584177,1,0.12106674191542255
169,5000,Boot,-0.5427411092763873,-0.42249627081336921,1,0.12024483846301809
169,5000,RS,-0.50079822999883017,-0.44893981043342779,0,0.051858419565402381
169,10000,PI,-0.4896794393508338,-0.40605236842114478,1,0.083627070929689018
169,10000,Boot,-0.49233223294017209,-0.406603252639746,1,0.085728980300426083
169,10000,RS,-0.49341454044042976,-0.40231726733154882,1,0.091097273108880938
170,500,PI,-0.65835727559886492,-0.20342030933583449,1,0.45493696626303043
170,500,Boot,-0.60775160205293077,-0.22350156440762997,1,0.3842500376453008
170,500,RS,-0.59807929715226837,-0.26369828778243104,1,0.33438100936983733
170,1000,PI,-0.54778798817783136,-0.25547361139651131,1,0.29231437678132005
170,1000,Boot,-0.53441085916635545,-0.25884092875343268,1,0.27556993041292277
170,1000,RS,-0.49723883705490368,-0.30602276251943905,1,0.19121607453546463
170,2000,PI,-0.50253795131849788,-0.30952132407149147,1,0.19301662724700641
170,2000,Boot,-0.51114649229316289,-0.29630606172932561,1,0.21484043056383728
170,2000,RS,-0.44029251843786499,-0.37176675695212436,0,0.068525761485740633
170,5000,PI,-0.5019814525988836,-0.38536942681080788,1,0.11661202578807572
170,5000,Boot,-0.4958646116802482,-0.38274393870692036,1,0.11312067297332784
170,5000,RS,-0.50530333148761575,-0.38204754792207574,1,0.12325578356554001
170,10000,PI,-0.50465891349847269,-0.42086113419642873,1,0.083797779302043962
170,10000,Boot,-0.50059786061043765,-0.41632387712436469,1,0.084273983486072956
170,10000,RS,-0.51408714846958736,-0.41143289922531412,1,0.10265424924427324
171,500,PI,-0.56589190493664721,-0.078823606251477524,1,0.48706829868516965
171,500,Boot,-0.50775306843086954,-0.088124983677377783,1,0.41962808475349178
171,500,RS,-0.39635788743004741,-0.24835762375807735,0,0.14800026367197006
171,1000,PI,-0.51018828845611286,-0.22536171403992034,1,0.28482657441619252
171,1000,Boot,-0.48343411465368069,-0.20156500038942421,1,0.28186911426425648
171,1000,RS,-0.57433853554194425,-0.16121146695408892,1,0.41312706858785531
171,2000,PI,-0.5080841656309798,-0.31742913533907102,1,0.19065503029190878
171,2000,Boot,-0.4989087586557226,-0.299646680190642,1,0.19926207846508059
171,2000,RS,-0.53777359301058247,-0.28773970795946835,1,0.25003388505111412
171,5000,PI,-0.52651227284652469,-0.40646066226079136,1,0.12005161058573333
171,5000,Boot,-0.52058009665053162,-0.41000438992051375,1,0.11057570673001788
171,5000,RS,-0.57060393369934725,-0.36236900140796879,1,0.20823493229137846
171,10000,PI,-0.49949033410809118,-0.41641018467388868,1,0.083080149434202499
171,10000,Boot,-0.50040609998785934,-0.41708855971255421,1,0.083317540275305135
171,10000,RS,-0.50689159275721496,-0.40900892602476491,1,0.097882666732450052
172,500,PI,-0.49230549679930757,-0.066900496102702323,1,0.42540500069660525
172,500,Boot,-0.50202965751394268,-0.05846663843867092,1,0.44356301907527174
172,500,RS,-0.46610993469338158,-0.093096058208628291,1,0.37301387648475326
172,1000,PI,-0.63278986152292871,-0.35274883397286372,1,0.28004102755006499
172,1000,Boot,-0.60996279620072114,-0.36583146600179184,1,0.2441313301989293
172,1000,RS,-0.83904444681530044,-0.14649424868049193,1,0.69255019813480856
172,2000,PI,-0.56533098901950229,-0.37025237661496002,1,0.19507861240454227
172,2000,Boot,-0.55605783224806338,-0.37266206006656782,1,0.18339577218149555
172,2000,RS,-0.57964033843104323,-0.35594302720341908,1,0.22369731122762415
172,5000,PI,-0.54568895708952292,-0.42026369794923218,1,0.12542525914029073
172,5000,Boot,-0.53909892966786643,-0.41890374875061642,1,0.12019518091725001
172,5000,RS,-0.55523368060525402,-0.41071897443350103,1,0.14451470617175299
172,10000,PI,-0.50281822920592245,-0.41658289120437386,1,0.086235338001548589
172,10000,Boot,-0.50271762978583157,-0.41865048637549995,1,0.084067143410331613
172,10000,RS,-0.50782287504742152,-0.41157824536287485,1,0.096244629684546668
173,500,PI,-0.66410641205977095,-0.19895527104862895,1,0.46515114101114197
173,500,Boot,-0.60917971910631052,-0.25412788487467897,1,0.35505183423163156
173,500,RS,-0.64322539974008874,-0.21983628336831113,1,0.42338911637177762
173,1000,PI,-0.55999070726329014,-0.25889100213446192,1,0.30109970512882822
173,1000,Boot,-0.53156164968795405,-0.26060653641776421,1,0.27095511327018984
173,1000,RS,-0.49748118400269337,-0.3214005253950587,1,0.17608065860763467
173,2000,PI,-0.52544041063540547,-0.33050138797061401,1,0.19493902266479146
173,2000,Boot,-0.50653337317079827,-0.3014326170842615,1,0.20510075608653677
173,2000,RS,-0.50309101637186238,-0.35285078223415711,1,0.15024023413770526
173,5000,PI,-0.48477492260186605,-0.36566305887819128,1,0.11911186372367477
173,5000,Boot,-0.47328226140106344,-0.35228713409917295,1,0.12099512730189049
173,5000,RS,-0.4562469468138412,-0.39419103466621613,1,0.06205591214762507
173,10000,PI,-0.46679653358142531,-0.38339885173979188,1,0.083397681841633431
173,10000,Boot,-0.47009113625414278,-0.37917147256401262,1,0.090919663690130159
173,10000,RS,-0.45232820888002029,-0.3978671764411969,1,0.054461032438823387
174,500,PI,-0.75292313004425826,-0.20479313972472529,1,0.54812999031953291
174,500,Boot,-0.73522499296660293,-0.20466383402771632,1,0.53056115893888656
174,500,RS,-0.83681119625544798,-0.12090507351353552,1,0.71590612274191245
174,1000,PI,-0.6013496232469,-0.27503763055508429,1,0.32631199269181571
174,1000,Boot,-0.58056001677140867,-0.22663533292358551,1,0.35392468384782316
174,1000,RS,-0.52941130238302225,-0.34697595141896204,1,0.18243535096406022
174,2000,PI,-0.57517105987223904,-0.37093458488658115,1,0.20423647498565789
174,2000,Boot,-0.55608271503262385,-0.3621462003318181,1,0.19393651470080575
174,2000,RS,-0.54483345559572149,-0.4012721891630987,1,0.14356126643262279
174,5000,PI,-0.52617516416454924,-0.40306607569656605,1,0.12310908846798319
174,5000,Boot,-0.51828617609521443,-0.39964689091080374,1,0.11863928518441069
174,5000,RS,-0.51898567342645607,-0.41025556643465916,1,0.10873010699179692
174,10000,PI,-0.48079579005192369,-0.39670075324497595,1,0.084095036806947743
174,10000,Boot,-0.47836609217320653,-0.39900141547724033,1,0.079364676695966196
174,10000,RS,-0.4997184912871418,-0.37777805200975784,1,0.12194043927738396
175,500,PI,-0.78152997861784079,-0.28714550286509033,1,0.49438447575275046
175,500,Boot,-0.76381381776625135,-0.30748216644382254,1,0.45633165132242881
175,500,RS,-0.56225823187703927,-0.50641724960589185,0,0.055840982271147421
175,1000,PI,-0.69333232495761132,-0.38356371660995153,1,0.30976860834765979
175,1000,Boot,-0.70927954035289154,-0.392268080957756,1,0.31701145939513553
175,1000,RS,-0.57754512387606127,-0.49935091769150153,0,0.078194206184559745
175,2000,PI,-0.58165229201815849,-0.37916257027163053,1,0.20248972174652796
175,2000,Boot,-0.57815193009652288,-0.37365852015536127,1,0.20449340994116161
175,2000,RS,-0.6038989047200064,-0.35691595756978262,1,0.24698294715022379
175,5000,PI,-0.525968769835503,-0.40608002964019768,1,0.11988874019530532
175,5000,Boot,-0.52190752015737329,-0.40143438774863827,1,0.12047313240873503
175,5000,RS,-0.51578209410547249,-0.41626670537022825,1,0.099515388735244237
175,10000,PI,-0.50368180492606329,-0.41987139484364411,1,0.083810410082419184
175,10000,Boot,-0.50140670070262361,-0.41717637031541205,1,0.084230330387211561
175,10000,RS,-0.49987738116166613,-0.42367581860804127,1,0.076201562553624869
176,500,PI,-0.70544411333464696,-0.19584389904083244,1,0.50960021429381452
176,500,Boot,-0.66168171482984395,-0.2008860506367236,1,0.46079566419312035
176,500,RS,-0.56881291623760777,-0.33247509613787163,1,0.23633782009973614
176,1000,PI,-0.62346145840320732,-0.31305079765517341,1,0.31041066074803392
176,1000,Boot,-0.61156182510286494,-0.28623243919565228,1,0.32532938590721266
176,1000,RS,-0.52412413516717815,-0.41238812089120253,1,0.11173601427597563
176,2000,PI,-0.56556847198667504,-0.36947632860994772,1,0.19609214337672731
176,2000,Boot,-0.57274034924948058,-0.34211343690567986,1,0.23062691234380073
176,2000,RS,-0.51349521056309744,-0.42154959003352532,1,0.091945620529572114
176,5000,PI,-0.51132760002358968,-0.39012556602706905,1,0.12120203399652063
176,5000,Boot,-0.51700310148216277,-0.38352904685110978,1,0.133474054631053
176,5000,RS,-0.47159026760889039,-0.42986289844176834,1,0.041727369167122053
176,10000,PI,-0.49686997577645842,-0.41317280038979443,1,0.083697175386663991
176,10000,Boot,-0.49768296813227531,-0.4118498357460923,1,0.085833132386183009
176,10000,RS,-0.4816515379807933,-0.42839123818545954,1,0.053260299795333754
177,500,PI,-0.96967718379313639,-0.41102882089530524,1,0.55864836289783115
177,500,Boot,-0.92327635644104589,-0.41684733288305853,1,0.50642902355798736
177,500,RS,-0.79385377421474546,-0.58685223047369617,0,0.20700154374104929
177,1000,PI,-0.7035708209505187,-0.3759372363352998,1,0.32763358461521891
177,1000,Boot,-0.68065855462801639,-0.38754587909626415,1,0.29311267553175224
177,1000,RS,-0.86405768455869747,-0.21545037272712098,1,0.64860731183157649
177,2000,PI,-0.64216694531459162,-0.43243231585737668,1,0.20973462945721494
177,2000,Boot,-0.63643636902592293,-0.43356569930677841,1,0.20287066971914453
177,2000,RS,-0.65689844437850997,-0.41770081679345844,1,0.23919762758505153
177,5000,PI,-0.56843130504030848,-0.44375672415200501,1,0.12467458088830347
177,5000,Boot,-0.56823555112666091,-0.44143158810919703,1,0.12680396301746388
177,5000,RS,-0.55018866060337124,-0.46199936858894236,0,0.088189292014428877
177,10000,PI,-0.51433135732953805,-0.42786826807956169,1,0.086463089249976366
177,10000,Boot,-0.51530358116377939,-0.42321263796914427,1,0.092090943194635122
177,10000,RS,-0.56386289431075542,-0.37833673109834437,1,0.18552616321241105
178,500,PI,-0.80159750688776321,-0.2925118778497669,1,0.50908562903799637
178,500,Boot,-0.76213471344309269,-0.31362600096100968,1,0.44850871248208302
178,500,RS,-0.6668236934147852,-0.42728569132274485,1,0.23953800209204035
178,1000,PI,-0.60978587738916745,-0.31279044215847041,1,0.29699543523069705
178,1000,Boot,-0.5979627730331124,-0.3056636876885559,1,0.29229908534455651
178,1000,RS,-0.58165292470234298,-0.34092339484529494,1,0.24072952985704804
178,2000,PI,-0.57233575097104361,-0.36159971169548588,1,0.21073603927555773
178,2000,Boot,-0.57505828127403569,-0.34009761870241983,1,0.23496066257161585
178,2000,RS,-0.51203517436487356,-0.42190028830165593,1,0.090134886063217623
178,5000,PI,-0.49102301712707691,-0.37124208615740067,1,0.11978093096967624
178,5000,Boot,-0.49660209145569545,-0.36226941446447813,1,0.13433267699121731
178,5000,RS,-0.52340140410440661,-0.33886369918007103,1,0.18453770492433558
178,10000,PI,-0.44850499192204324,-0.36507535203221181,1,0.083429639889831431
178,10000,Boot,-0.45265685275530737,-0.36353700271162814,1,0.089119850043679227
178,10000,RS,-0.47363983819082117,-0.33994050576343388,1,0.1336993324273873
179,500,PI,-0.87543243432437279,-0.3692966968647714,1,0.50613573745960139
179,500,Boot,-0.84220292667633501,-0.42058305175340893,1,0.42161987492292607
179,500,RS,-0.72335196337024565,-0.52137716781889853,0,0.20197479555134712
179,1000,PI,-0.67879727326736994,-0.37783135514904775,1,0.30096591811832218
179,1000,Boot,-0.67261388660346477,-0.38395462698900457,1,0.28865925961446021
179,1000,RS,-0.68606262067499713,-0.37056600774142057,1,0.31549661293357656
179,2000,PI,-0.56911830073538294,-0.3743750739131157,1,0.19474322682226725
179,2000,Boot,-0.5600131381637159,-0.37546531517588222,1,0.18454782298783368
179,2000,RS,-0.59844705795103814,-0.34504631669746039,1,0.25340074125357775
179,5000,PI,-0.53829394564318178,-0.41529555644164939,1,0.12299838920153239
179,5000,Boot,-0.54012221625302148,-0.42467924304394178,1,0.1154429732090797
179,5000,RS,-0.55098422838200001,-0.40260527370283117,1,0.14837895467916884
179,10000,PI,-0.51137009534992395,-0.4250115677773848,1,0.086358527572539145
179,10000,Boot,-0.5058744452903422,-0.42417399727209765,1,0.081700448018244554
179,10000,RS,-0.50888862936066925,-0.4274930337666395,1,0.081395595594029757
180,500,PI,-0.75194405455428404,-0.29513990224548359,1,0.45680415230880045
180,500,Boot,-0.76092508510193091,-0.31252204971038133,1,0.44840303539154958
180,500,RS,-0.58793790632035248,-0.4591460504794152,0,0.12879185584093727
180,1000,PI,-0.71796662058118288,-0.42235281477900932,1,0.29561380580217356
180,1000,Boot,-0.7220661367655441,-0.38857304217074939,1,0.3334930945947947
180,1000,RS,-0.64120015218320614,-0.49911928317698606,0,0.14208086900622008
180,2000,PI,-0.5870006708207075,-0.39004097213380245,1,0.19695969868690505
180,2000,Boot,-0.59601349592598429,-0.35997590312467076,1,0.23603759280131353
180,2000,RS,-0.61851651674597485,-0.35852512620853516,1,0.25999139053743969
180,5000,PI,-0.52597125219511254,-0.40630603659558268,1,0.11966521559952986
180,5000,Boot,-0.52271063220984049,-0.39664605247719842,1,0.12606457973264207
180,5000,RS,-0.55336496346257669,-0.37891232532811858,1,0.1744526381344581
180,10000,PI,-0.5102056477101462,-0.42655329000492354,1,0.083652357705222669
180,10000,Boot,-0.50426433137357018,-0.41737405351972146,1,0.08689027785384873
180,10000,RS,-0.500703030597481,-0.43605590711758874,1,0.064647123479892266
181,500,PI,-0.57910976568189276,-0.12307150473412734,1,0.45603826094776545
181,500,Boot,-0.58657997909200432,-0.14048430367771286,1,0.44609567541429146
181,500,RS,-0.47300989371086699,-0.22917137670515311,1,0.24383851700571388
181,1000,PI,-0.66309488339553224,-0.35595443486317746,1,0.30714044853235478
181,1000,Boot,-0.66739195148629848,-0.34453329705002023,1,0.32285865443627826
181,1000,RS,-0.74619744048778525,-0.27285187777092446,1,0.47334556271686079
181,2000,PI,-0.58672796887839462,-0.38855243064968553,1,0.19817553822870909
181,2000,Boot,-0.57981205172355654,-0.39569341407917796,1,0.18411863764437858
181,2000,RS,-0.55512330903767959,-0.42015709049040068,1,0.13496621854727892
181,5000,PI,-0.52586846891508343,-0.4043382625364868,1,0.12153020637859663
181,5000,Boot,-0.52134809954597494,-0.40653227457155089,1,0.11481582497442405
181,5000,RS,-0.51538291234879041,-0.41482381910277993,1,0.10055909324601048
181,10000,PI,-0.50180454541995645,-0.41752653475393231,1,0.084278010666024139
181,10000,Boot,-0.49589399985663396,-0.41484659028421,1,0.081047409572423956
181,10000,RS,-0.48688324688360635,-0.43244783329028241,1,0.054435413593323934
182,500,PI,-0.95481890608313447,-0.47556472580892373,0,0.47925418027421074
182,500,Boot,-0.92866310668779439,-0.48406188171490322,0,0.44460122497289117
182,500,RS,-0.78153967674827707,-0.64884395514378113,0,0.13269572160449594
182,1000,PI,-0.74856717859156896,-0.44215875782895731,1,0.30640842076261166
182,1000,Boot,-0.72392631628740622,-0.44157151040703807,1,0.28235480588036815
182,1000,RS,-0.86099024518242007,-0.32973569123810614,1,0.53125455394431387
182,2000,PI,-0.6380766499836763,-0.43092916459615155,1,0.20714748538752475
182,2000,Boot,-0.64119969330403936,-0.42811307891679534,1,0.21308661438724402
182,2000,RS,-0.69643121456040524,-0.37257460001942255,1,0.32385661454098269
182,5000,PI,-0.5466780136447259,-0.42271659116758376,1,0.12396142247714215
182,5000,Boot,-0.54063506061339461,-0.41269124647009259,1,0.12794381414330203
182,5000,RS,-0.5729036300789514,-0.39649097473335826,1,0.17641265534559314
182,10000,PI,-0.51782500991368308,-0.43338574718796952,1,0.08443926272571356
182,10000,Boot,-0.51570917384609649,-0.42773885152209379,1,0.087970322324002703
182,10000,RS,-0.52347184175465244,-0.42773891534700009,1,0.095732926407652352
183,500,PI,-0.39706130611594037,0.097421502840875057,0,0.4944828089568154
183,500,Boot,-0.34863260326467449,0.084457032942763022,0,0.43308963620743751
183,500,RS,-0.23527224793219284,-0.064367555342872446,0,0.17090469258932039
183,1000,PI,-0.43510146487117729,-0.13291350903015023,0,0.30218795584102709
183,1000,Boot,-0.42268907030489244,-0.13352987393614804,0,0.28915919636874443
183,1000,RS,-0.57667561273412826,0.0086606388328007711,1,0.58533625156692903
183,2000,PI,-0.45665237378428652,-0.25806227433158796,1,0.19859009945269857
183,2000,Boot,-0.4504990342700434,-0.24631174133271211,1,0.20418729293733129
183,2000,RS,-0.54565895180437018,-0.16905569631150433,1,0.37660325549286588
183,5000,PI,-0.45034670690014228,-0.32905174370895646,1,0.12129496319118582
183,5000,Boot,-0.43845872455998453,-0.31919827935627665,0,0.11926044520370788
183,5000,RS,-0.4617490833111691,-0.31764936729792964,1,0.14409971601323945
183,10000,PI,-0.473670649183493,-0.38945205583760245,1,0.084218593345890547
183,10000,Boot,-0.46736182838245921,-0.3880673070945303,1,0.07929452128792891
183,10000,RS,-0.52664796941901226,-0.33647473560208324,1,0.19017323381692902
184,500,PI,-0.69954136366237596,-0.18737839971650755,1,0.51216296394586847
184,500,Boot,-0.62726459897979137,-0.2160030579660909,1,0.41126154101370049
184,500,RS,-0.72572415305149618,-0.16119561032738744,1,0.56452854272410868
184,1000,PI,-0.53564997120743496,-0.24612496052081942,1,0.28952501068661551
184,1000,Boot,-0.51430121767180004,-0.24640400331721524,1,0.2678972143545848
184,1000,RS,-0.48533683287706209,-0.29643809885119232,1,0.18889873402586976
184,2000,PI,-0.48404840261543008,-0.28651024413726028,1,0.1975381584781698
184,2000,Boot,-0.47769394703924989,-0.28668783796102659,1,0.1910061090782233
184,2000,RS,-0.42474059035891398,-0.34581805639377639,0,0.078922533965137598
184,5000,PI,-0.48544301896406944,-0.36439537725815335,1,0.12104764170591609
184,5000,Boot,-0.47884385659860523,-0.36109404579220677,1,0.11774981080639846
184,5000,RS,-0.51704889547753796,-0.33278950074468483,1,0.18425939473285313
184,10000,PI,-0.4681433157108007,-0.38510780588297289,1,0.083035509827827814
184,10000,Boot,-0.46668270893642094,-0.37363515798258257,1,0.093047550953838376
184,10000,RS,-0.46103720627963191,-0.39221391531414168,1,0.068823290965490225
185,500,PI,-0.65850865882888776,-0.19426664133592908,1,0.46424201749295868
185,500,Boot,-0.63495537845592309,-0.21178252570048203,1,0.42317285275544103
185,500,RS,-0.75128746254450196,-0.10148783762031488,1,0.64979962492418708
185,1000,PI,-0.61992450787501763,-0.31950971993107136,1,0.30041478794394627
185,1000,Boot,-0.62727353067722824,-0.31576708244626328,1,0.31150644823096496
185,1000,RS,-0.59701754930388151,-0.34241667850220747,1,0.25460087080167404
185,2000,PI,-0.56009594677714514,-0.36952311941683774,1,0.1905728273603074
185,2000,Boot,-0.56172035717756252,-0.36646222014281749,1,0.19525813703474504
185,2000,RS,-0.51455955403472642,-0.41505951215925641,1,0.099500041875470013
185,5000,PI,-0.52284356796188269,-0.40143930100518965,1,0.12140426695669304
185,5000,Boot,-0.52512658167596404,-0.40409761837586777,1,0.12102896330009627
185,5000,RS,-0.47792482415171145,-0.4463580448153609,1,0.031566779336350548
185,10000,PI,-0.4963780018448169,-0.41216857704865989,1,0.084209424796157006
185,10000,Boot,-0.501394622178579,-0.40707719798500724,1,0.094317424193571753
185,10000,RS,-0.47454045722543764,-0.43400612166803915,1,0.040534335557398493
186,500,PI,-0.59956259834106318,-0.10301176020587943,1,0.49655083813518375
186,500,Boot,-0.56415402073378518,-0.071366468561547602,1,0.49278755217223758
186,500,RS,-0.71126203698818891,0.0086876784412462937,1,0.7199497154294352
186,1000,PI,-0.53406414423952564,-0.23573867842336493,1,0.29832546581616071
186,1000,Boot,-0.50108349513738393,-0.2185446483001631,1,0.28253884683722086
186,1000,RS,-0.50099172573319684,-0.26881109692969374,1,0.2321806288035031
186,2000,PI,-0.46474783087965155,-0.26403645081800731,1,0.20071138006164424
186,2000,Boot,-0.46025331576447764,-0.25992979938874439,1,0.20032351637573326
186,2000,RS,-0.44100064175142645,-0.28778363994623241,0,0.15321700180519404
186,5000,PI,-0.47160445763542586,-0.35102140872542392,1,0.12058304891000193
186,5000,Boot,-0.47202833585665727,-0.33621556462340063,1,0.13581277123325664
186,5000,RS,-0.46170507301794961,-0.36092079334290017,1,0.10078427967504944
186,10000,PI,-0.48363900924224301,-0.39977113136877951,1,0.083867877873463503
186,10000,Boot,-0.48188280369388414,-0.3891067771889668,1,0.092776026504917342
186,10000,RS,-0.52266520321234711,-0.36074493739867541,1,0.16192026581367169
187,500,PI,-0.45999401060867434,-0.029930971774615511,1,0.43006303883405883
187,500,Boot,-0.40561434705268207,-0.058240103410604788,0,0.34737424364207725
187,500,RS,-0.35543342262048783,-0.134491559762802,0,0.22094186285768583
187,1000,PI,-0.52801259968668579,-0.26484050260883163,1,0.26317209707785416
187,1000,Boot,-0.52091498600184694,-0.25897066984189254,1,0.26194431615995439
187,1000,RS,-0.68549493078841262,-0.10735817150710486,1,0.57813675928130781
187,2000,PI,-0.46972101887477524,-0.28411489889692798,1,0.18560611997784726
187,2000,Boot,-0.44839821613151942,-0.27610701742436666,1,0.17229119870715276
187,2000,RS,-0.4717254429132971,-0.28211047485840612,1,0.18961496805489098
187,5000,PI,-0.43295043617232504,-0.31949515633430153,0,0.1134552798380235
187,5000,Boot,-0.41624707541296241,-0.31429450218920801,0,0.10195257322375439
187,5000,RS,-0.42319787865671121,-0.32924771384991536,0,0.093950164806795855
187,10000,PI,-0.46090465470872544,-0.37901844227301396,1,0.081886212435711481
187,10000,Boot,-0.4521791631711875,-0.37796695297424765,1,0.074212210196939854
187,10000,RS,-0.48372101844306309,-0.3562020785386763,1,0.12751893990438679
188,500,PI,-0.70161488720850285,-0.16673727799596821,1,0.53487760921253469
188,500,Boot,-0.66686714326382734,-0.23488032357122798,1,0.43198681969259933
188,500,RS,-0.58711769686050574,-0.28123446834396537,1,0.30588322851654037
188,1000,PI,-0.69844111732219338,-0.38451732340594535,1,0.31392379391624803
188,1000,Boot,-0.69965281122526679,-0.38895257297187336,1,0.31070023825339343
188,1000,RS,-0.70015375001834335,-0.38280469070979539,1,0.31734905930854795
188,2000,PI,-0.68737071824197971,-0.48168159817060213,0,0.20568912007137757
188,2000,Boot,-0.67452455701048297,-0.47443066402201828,0,0.20009389298846469
188,2000,RS,-0.68075911588865212,-0.48829320052392972,0,0.19246591536472241
188,5000,PI,-0.62358552025969272,-0.49507753490788642,0,0.1285079853518063
188,5000,Boot,-0.62623853331865764,-0.48373999506909138,0,0.14249853824956626
188,5000,RS,-0.59776060173281687,-0.52090245343476227,0,0.076858148298054596
188,10000,PI,-0.55747116775948724,-0.47083703059911697,0,0.086634137160370273
188,10000,Boot,-0.55575238091821988,-0.47295769826352335,0,0.082794682654696528
188,10000,RS,-0.60727570534748698,-0.42103249301111723,1,0.18624321233636976
189,500,PI,-0.48481684057832142,-0.02351427130375236,1,0.46130256927456903
189,500,Boot,-0.4352436715919159,-0.035062105164171631,0,0.40018156642774427
189,500,RS,-0.45827537735593005,-0.05005573452614373,1,0.40821964282978629
189,1000,PI,-0.50033444001194682,-0.2137017650911904,1,0.28663267492075639
189,1000,Boot,-0.49534959632231118,-0.19322411698697145,1,0.30212547933533973
189,1000,RS,-0.50915843056168864,-0.20487777454144859,1,0.30428065602024001
189,2000,PI,-0.47298004216807449,-0.28010117985567223,1,0.19287886231240225
189,2000,Boot,-0.46984337671711252,-0.26814428631696252,1,0.20169909040014999
189,2000,RS,-0.44401236708786868,-0.30906885493587805,0,0.13494351215199063
189,5000,PI,-0.54168629495049403,-0.41985466836534596,1,0.12183162658514807
189,5000,Boot,-0.54695717941751787,-0.40582364085144912,1,0.14113353856606875
189,5000,RS,-0.62360303580229448,-0.33793792751354546,1,0.28566510828874903
189,10000,PI,-0.50936962344588843,-0.42389213038238677,1,0.085477493063501664
189,10000,Boot,-0.51617212947807023,-0.41736676409607487,1,0.098805365381995358
189,10000,RS,-0.51574978309568975,-0.41751197073258539,1,0.09823781236310436
190,500,PI,-0.52393998972985456,-0.07585106805424649,1,0.4480889216756081
190,500,Boot,-0.48599220375220037,-0.083267430475364612,1,0.40272477327683576
190,500,RS,-0.41798482323487307,-0.18180623454922792,0,0.23617858868564515
190,1000,PI,-0.58208040307417996,-0.27790294885312322,1,0.30417745422105674
190,1000,Boot,-0.56838549818375439,-0.29250669913899841,1,0.27587879904475598
190,1000,RS,-0.62672104204448187,-0.23326230988282134,1,0.3934587321616605
190,2000,PI,-0.52773300806950085,-0.3354726577298166,1,0.19226035033968425
190,2000,Boot,-0.51990176342812133,-0.33099961019260521,1,0.18890215323551612
190,2000,RS,-0.50416984494007022,-0.35903582085924723,1,0.14513402408082299
190,5000,PI,-0.48086605155598366,-0.3615407721717267,1,0.11932527938425697
190,5000,Boot,-0.47554196075811939,-0.3522311165054845,1,0.12331084425263489
190,5000,RS,-0.46102405752391784,-0.38138276620379252,1,0.079641291320125318
190,10000,PI,-0.45337145098480447,-0.37010172531711916,1,0.083269725667685313
190,10000,Boot,-0.44759858583573836,-0.3637538446049185,1,0.083844741230819864
190,10000,RS,-0.44231766151953272,-0.3811555147823909,0,0.06116214673714182
191,500,PI,-0.82356167707278294,-0.29335793261317983,1,0.53020374445960305
191,500,Boot,-0.8114316762592213,-0.28705205946802725,1,0.52437961679119405
191,500,RS,-0.67618900670532589,-0.44073060298063693,1,0.23545840372468896
191,1000,PI,-0.6358160888749872,-0.31856964901194951,1,0.31724643986303769
191,1000,Boot,-0.62060561819900584,-0.29814939919219485,1,0.32245621900681098
191,1000,RS,-0.59679392049649127,-0.35759181739044543,1,0.23920210310604584
191,2000,PI,-0.54778976724985107,-0.35026908677678581,1,0.19752068047306526
191,2000,Boot,-0.55746172349662637,-0.33508838969297849,1,0.22237333380364788
191,2000,RS,-0.5294795185950939,-0.36857933543154303,1,0.16090018316355087
191,5000,PI,-0.4933709010243999,-0.37463511547400069,1,0.11873578555039921
191,5000,Boot,-0.50120504554397416,-0.3634209518361235,1,0.13778409370785066
191,5000,RS,-0.51636357071019712,-0.35164244578820347,1,0.16472112492199364
191,10000,PI,-0.4812160910907276,-0.39809952041296348,1,0.083116570677764123
191,10000,Boot,-0.48517327349396489,-0.39481224818076399,1,0.090361025313200893
191,10000,RS,-0.46731828724198976,-0.41199732426170133,1,0.055320962980288435
192,500,PI,-0.62750069968822442,-0.15215171630195215,1,0.47534898338627229
192,500,Boot,-0.58822367958215316,-0.13860451918580485,1,0.44961916039634831
192,500,RS,-0.83295480827814528,0.053302392287968736,1,0.88625720056611401
192,1000,PI,-0.45148119544860266,-0.1670086005374446,1,0.28447259491115806
192,1000,Boot,-0.42889560771170709,-0.13262982969794751,0,0.29626577801375958
192,1000,RS,-0.49614319054181716,-0.12234660544423009,1,0.37379658509758706
192,2000,PI,-0.46883969059483799,-0.27451286400751185,1,0.19432682658732614
192,2000,Boot,-0.46459061124659662,-0.26779209403449872,1,0.1967985172120979
192,2000,RS,-0.52067894231826928,-0.22267361228408059,1,0.29800533003418872
192,5000,PI,-0.4537412310912734,-0.33400807953806655,1,0.11973315155320685
192,5000,Boot,-0.45729572855901351,-0.33167373075820344,1,0.12562199780081007
192,5000,RS,-0.44690480111186204,-0.34084450951747791,0,0.10606029159438413
192,10000,PI,-0.46004825415300776,-0.37544288075956822,1,0.084605373393439542
192,10000,Boot,-0.46300798966053325,-0.37006798745717806,1,0.092940002203355188
192,10000,RS,-0.48329360616440165,-0.35219752874817434,1,0.13109607741622731
193,500,PI,-0.76881608502350218,-0.29282627143186019,1,0.475989813591642
193,500,Boot,-0.75188337596841892,-0.30908130012208029,1,0.44280207584633863
193,500,RS,-0.62260721357810811,-0.43903514287725426,1,0.18357207070085385
193,1000,PI,-0.6792541463838071,-0.37714389516870322,1,0.30211025121510388
193,1000,Boot,-0.68777276530324116,-0.35644342475618285,1,0.33132934054705832
193,1000,RS,-0.57893549851593051,-0.47746254303657976,0,0.10147295547935076
193,2000,PI,-0.64785240015703782,-0.44840387926661829,0,0.19944852089041953
193,2000,Boot,-0.64154621459142613,-0.416490785604887,1,0.22505542898653913
193,2000,RS,-0.58833806704538583,-0.50791821237827028,0,0.080419854667115542
193,5000,PI,-0.55896317205483337,-0.43952258489749224,1,0.11944058715734113
193,5000,Boot,-0.55882009004981581,-0.43616054864671094,1,0.12265954140310487
193,5000,RS,-0.60576913500812668,-0.39271662194419898,1,0.2130525130639277
193,10000,PI,-0.49446122651465196,-0.41121647502942515,1,0.083244751485226809
193,10000,Boot,-0.49262804231371488,-0.403917077594727,1,0.088710964718987873
193,10000,RS,-0.56762868181146287,-0.33804901973261425,1,0.22957966207884861
194,500,PI,-0.55956728116487175,-0.128976674575419,1,0.43059060658945275
194,500,Boot,-0.52972738989748103,-0.14791414017126059,1,0.38181324972622044
194,500,RS,-0.4139199323249767,-0.274624023415314,0,0.1392959089096627
194,1000,PI,-0.46614481501123561,-0.18989579157701716,1,0.27624902343421842
194,1000,Boot,-0.45758128219329852,-0.18356564131908076,1,0.27401564087421776
194,1000,RS,-0.38873545714050639,-0.26730514944774642,0,0.12143030769275998
194,2000,PI,-0.49998579208428406,-0.30857562306223951,1,0.19141016902204455
194,2000,Boot,-0.48085132752138149,-0.30756213458128556,1,0.17328919294009593
194,2000,RS,-0.53617584689552833,-0.27238556825099525,1,0.26379027864453308
194,5000,PI,-0.48994943092705356,-0.37225207916963621,1,0.11769735175741736
194,5000,Boot,-0.48085617290262839,-0.37654203265810415,1,0.10431414024452423
194,5000,RS,-0.50374279181715531,-0.35845871827953446,1,0.14528407353762085
194,10000,PI,-0.50157410907093458,-0.41761496286976951,1,0.083959146201165069
194,10000,Boot,-0.49768543267406218,-0.41376830747927823,1,0.083917125194783948
194,10000,RS,-0.53306729604722425,-0.38612177589347979,1,0.14694552015374446
195,500,PI,-0.75330913127776089,-0.28731766414799376,1,0.46599146712976713
195,500,Boot,-0.7208278467429774,-0.2381658102850695,1,0.48266203645790789
195,500,RS,-0.614781617746328,-0.42584517767942665,1,0.18893644006690136
195,1000,PI,-0.6187464004114408,-0.32457642584790902,1,0.29416997456353178
195,1000,Boot,-0.61918370696370006,-0.29768566316124423,1,0.32149804380245584
195,1000,RS,-0.54811734694815428,-0.39520547931119554,1,0.15291186763695874
195,2000,PI,-0.57968792113802758,-0.37934145756956361,1,0.20034646356846397
195,2000,Boot,-0.58109520315421648,-0.3607207280333582,1,0.22037447512085828
195,2000,RS,-0.5261835867935527,-0.43284579191403844,1,0.093337794879514269
195,5000,PI,-0.50072664061191174,-0.38266980633477371,1,0.11805683427713803
195,5000,Boot,-0.49690418211914605,-0.37768073081159137,1,0.11922345130755468
195,5000,RS,-0.48850962369063289,-0.39488682325605262,1,0.093622800434580267
195,10000,PI,-0.50498116454335173,-0.42150660124426254,1,0.083474563299089199
195,10000,Boot,-0.49745815379413572,-0.41890914199809032,1,0.078549011796045398
195,10000,RS,-0.51947615289226445,-0.40701161289534987,1,0.11246453999691458
196,500,PI,-0.6929898664384686,-0.22535699274571819,1,0.46763287369275042
196,500,Boot,-0.64687169847884141,-0.2778165279239237,1,0.36905517055491771
196,500,RS,-0.6891086766840907,-0.22923818250009612,1,0.45987049418399462
196,1000,PI,-0.61667260461294404,-0.31890031700373511,1,0.29777228760920893
196,1000,Boot,-0.59648019523101437,-0.31617421334312173,1,0.28030598188789263
196,1000,RS,-0.5298742411463162,-0.405698680470363,1,0.1241755606759532
196,2000,PI,-0.60368026875303782,-0.4036208895586389,1,0.20005937919439892
196,2000,Boot,-0.59421370076539515,-0.39689012959925213,1,0.19732357116614302
196,2000,RS,-0.56908905019279588,-0.43821210811888084,1,0.13087694207391504
196,5000,PI,-0.54246628707839606,-0.4183404410214438,1,0.12412584605695226
196,5000,Boot,-0.53868204224385385,-0.4142509959488484,1,0.12443104629500545
196,5000,RS,-0.50598879382141071,-0.45481793427842909,0,0.051170859542981617
196,10000,PI,-0.51205182643500502,-0.42667679762620081,1,0.08537502880880421
196,10000,Boot,-0.51412542994970156,-0.42280711052215375,1,0.091318319427547812
196,10000,RS,-0.50232990744867168,-0.43639871661253415,1,0.065931190836137521
197,500,PI,-0.6583402585518352,-0.19754098213886709,1,0.46079927641296814
197,500,Boot,-0.63887669526002488,-0.19089502559258431,1,0.44798166966744057
197,500,RS,-0.54954758652246116,-0.30633365416824115,1,0.24321393235422001
197,1000,PI,-0.51802267659232437,-0.22758038939818678,1,0.29044228719413756
197,1000,Boot,-0.50986263812373034,-0.22316559960898608,1,0.28669703851474426
197,1000,RS,-0.45393423990901566,-0.29166882608149552,1,0.16226541382752013
197,2000,PI,-0.5159556029564043,-0.31872589417100761,1,0.1972297087853967
197,2000,Boot,-0.51713648612800955,-0.3004229302022064,1,0.21671355592580316
197,2000,RS,-0.50791628746331452,-0.32676520966409733,1,0.18115107779921719
197,5000,PI,-0.49152202615583501,-0.36940857215455764,1,0.12211345400127738
197,5000,Boot,-0.50159157605680005,-0.37816118085182371,1,0.12343039520497634
197,5000,RS,-0.46873721696769982,-0.39219338134269283,1,0.076543835625006995
197,10000,PI,-0.50346477844891635,-0.41743445619259917,1,0.086030322256317182
197,10000,Boot,-0.50929388816087939,-0.42459522047661424,1,0.08469866768426515
197,10000,RS,-0.52051698799075319,-0.40038224665076233,1,0.12013474133999086
198,500,PI,-0.58555981574402383,-0.12701584017993756,1,0.45854397556408627
198,500,Boot,-0.51296301545644452,-0.16219102452273251,1,0.35077199093371203
198,500,RS,-0.58001064899643073,-0.13256500692753059,1,0.44744564206890014
198,1000,PI,-0.54145948625736917,-0.25352486147870834,1,0.28793462477866083
198,1000,Boot,-0.51764728481020406,-0.24666630406264287,1,0.27098098074756116
198,1000,RS,-0.5354356980118874,-0.25954864972419012,1,0.27588704828769728
198,2000,PI,-0.53725635282209439,-0.34107682548935947,1,0.19617952733273492
198,2000,Boot,-0.51674917192105096,-0.32188632425434693,1,0.19486284766670403
198,2000,RS,-0.55167114391700456,-0.32666203439444935,1,0.22500910952255521
198,5000,PI,-0.54801061527705408,-0.4245637920489852,1,0.12344682322806888
198,5000,Boot,-0.5394477913834993,-0.41643432638645766,1,0.12301346499704163
198,5000,RS,-0.58737036376677054,-0.38520404355926874,1,0.2021663202075018
198,10000,PI,-0.47964402097625886,-0.3956407481568725,1,0.084003272819386354
198,10000,Boot,-0.4798703139926328,-0.38895777810628573,1,0.090912535886347068
198,10000,RS,-0.52713495809775346,-0.3481498110353779,1,0.17898514706237556
199,500,PI,-0.51019861108605014,0.03735702276292055,1,0.54755563384897066
199,500,Boot,-0.48186660250873797,-0.0033597444129162546,1,0.47850685809582172
199,500,RS,-0.31282991815114281,-0.16001167017198678,0,0.15281824797915602
199,1000,PI,-0.50420536060334376,-0.19333106355324681,1,0.31087429705009695
199,1000,Boot,-0.49673076358048124,-0.17337987448544545,1,0.32335088909503579
199,1000,RS,-0.5306109069756495,-0.16692551718094104,1,0.36368538979470844
199,2000,PI,-0.4957993481925822,-0.29324298376388191,1,0.20255636442870029
199,2000,Boot,-0.50677673382756849,-0.2777522996790408,1,0.22902443414852769
199,2000,RS,-0.51124174158547009,-0.27780059037099403,1,0.23344115121447606
199,5000,PI,-0.48686998236319778,-0.36536064269433044,1,0.12150933966886734
199,5000,Boot,-0.48236208611095299,-0.36186741116080362,1,0.12049467495014937
199,5000,RS,-0.48990168453545901,-0.36232894052206921,1,0.1275727440133898
199,10000,PI,-0.48115048123413129,-0.39632112207621473,1,0.084829359157916562
199,10000,Boot,-0.47873847025049954,-0.39357283432018747,1,0.085165635930312067
199,10000,RS,-0.4840497972105432,-0.39342180609980282,1,0.09062799111074038
200,500,PI,-0.49303814695005721,-0.064956473360398337,1,0.42808167358965887
200,500,Boot,-0.46067667274446289,-0.05421274160504827,1,0.40646393113941459
200,500,RS,-0.38407117095638632,-0.17392344935406923,0,0.21014772160231709
200,1000,PI,-0.55656915325572576,-0.27540454677234916,1,0.2811646064833766
200,1000,Boot,-0.52432579189863782,-0.27068417920400006,1,0.25364161269463775
200,1000,RS,-0.59149509838046865,-0.24047860164760626,1,0.35101649673286239
200,2000,PI,-0.4946060296738396,-0.30921382345354675,1,0.18539220622029284
200,2000,Boot,-0.48835237184592584,-0.29511054462611169,1,0.19324182721981414
200,2000,RS,-0.4563334199698269,-0.34748643315755945,1,0.10884698681226745
200,5000,PI,-0.51300803546793472,-0.39653363547915615,1,0.11647439998877857
200,5000,Boot,-0.50690501205719518,-0.39357114405573529,1,0.11333386800145989
200,5000,RS,-0.53503216519283003,-0.37450950575426084,1,0.16052265943856919
200,10000,PI,-0.48896457008407535,-0.40617945141353307,1,0.082785118670542279
200,10000,Boot,-0.48432394625644765,-0.40605153829401541,1,0.078272407962432233
200,10000,RS,-0.47852995773545859,-0.41661406376214982,1,0.061915893973308767
201,500,PI,-0.60377029538982718,-0.11964774356806918,1,0.48412255182175801
201,500,Boot,-0.58610512295759254,-0.14180299010994021,1,0.4443021328476523
201,500,RS,-0.57576720181513841,-0.14765083714275798,1,0.42811636467238046
201,1000,PI,-0.57039028147680182,-0.27729513054978622,1,0.2930951509270156
201,1000,Boot,-0.57355175722516627,-0.27999438967203016,1,0.29355736755313611
201,1000,RS,-0.57319929448058349,-0.27448611754600455,1,0.29871317693457894
201,2000,PI,-0.5667254224628071,-0.36057729010307399,1,0.20614813235973312
201,2000,Boot,-0.57825885405676203,-0.34545281665383365,1,0.23280603740292838
201,2000,RS,-0.5767868153889868,-0.35051589717689435,1,0.22627091821209244
201,5000,PI,-0.56905030076378227,-0.44318233497310688,1,0.12586796579067538
201,5000,Boot,-0.56452556386469566,-0.4358171894086359,1,0.12870837445605976
201,5000,RS,-0.5773548163880462,-0.43487781934884295,1,0.14247699703920325
201,10000,PI,-0.53222259730530219,-0.44688572006526472,1,0.085336877240037468
201,10000,Boot,-0.53099831961046851,-0.44891587877517525,0,0.082082440835293258
201,10000,RS,-0.52236141922183199,-0.45674689814873498,0,0.06561452107309701
202,500,PI,-0.74413749043220534,-0.18917499115987269,1,0.55496249927233265
202,500,Boot,-0.68159961310421668,-0.15543581645317323,1,0.52616379665104351
202,500,RS,-0.80347531431541008,-0.129837167276668,1,0.67363814703874203
202,1000,PI,-0.62510655185740305,-0.32160738073224393,1,0.30349917112515912
202,1000,Boot,-0.60132694618428495,-0.29423042572655361,1,0.30709652045773134
202,1000,RS,-0.55397923282006956,-0.39273469976957737,1,0.16124453305049219
202,2000,PI,-0.53769232249231436,-0.33852494392040589,1,0.19916737857190847
202,2000,Boot,-0.52640317416477067,-0.34068663464559534,1,0.18571653951917533
202,2000,RS,-0.50632289969415223,-0.36989436671856801,1,0.13642853297558422
202,5000,PI,-0.50482957365688097,-0.38292608315696708,1,0.12190349049991389
202,5000,Boot,-0.49950482654880213,-0.3765664701342889,1,0.12293835641451323
202,5000,RS,-0.49218104781132255,-0.3955746090025255,1,0.096606438808797046
202,10000,PI,-0.50427193915598956,-0.41844089420803499,1,0.085831044947954571
202,10000,Boot,-0.50250144326541024,-0.42026633479895226,1,0.082235108466457985
202,10000,RS,-0.4910573602647228,-0.43165547309930175,1,0.059401887165421052
203,500,PI,-0.62649617205637842,-0.14223916394004013,1,0.48425700811633832
203,500,Boot,-0.59977093317010355,-0.14862827289692465,1,0.4511426602731789
203,500,RS,-0.58803276552810901,-0.18070257046830956,1,0.40733019505979945
203,1000,PI,-0.68023442257086142,-0.38731873279784335,1,0.29291568977301807
203,1000,Boot,-0.68368402391967353,-0.3701555141948405,1,0.31352850972483304
203,1000,RS,-0.7837234558199363,-0.28382969954876847,1,0.49989375627116783
203,2000,PI,-0.63818812336521269,-0.43589292447139982,1,0.20229519889381287
203,2000,Boot,-0.62622009517671118,-0.43843517954995004,1,0.18778491562676114
203,2000,RS,-0.618713867511135,-0.45536718032547752,0,0.16334668718565748
203,5000,PI,-0.51925467270064829,-0.39786740949527755,1,0.12138726320537074
203,5000,Boot,-0.52174490909543536,-0.38648487695554268,1,0.13526003213989268
203,5000,RS,-0.5634437830892558,-0.35367829910667009,1,0.20976548398258571
203,10000,PI,-0.4866681575215876,-0.40330844500470669,1,0.083359712516880902
203,10000,Boot,-0.49826024095354443,-0.40112430751672046,1,0.097135933436823974
203,10000,RS,-0.49995068777374874,-0.39002591475254555,1,0.10992477302120318
204,500,PI,-0.51266266504512914,-0.040553949537757539,1,0.4721087155073716
204,500,Boot,-0.48793473064209225,-0.060903256774606174,1,0.42703147386748608
204,500,RS,-0.54246560861135584,-0.01075100597153078,1,0.53171460263982506
204,1000,PI,-0.47387850588155633,-0.17783052955035131,1,0.29604797633120505
204,1000,Boot,-0.49162443032857028,-0.1722042089783343,1,0.31942022135023596
204,1000,RS,-0.47296262309720333,-0.17874641233470429,1,0.29421621076249904
204,2000,PI,-0.44256813118819521,-0.25024726501413391,0,0.1923208661740613
204,2000,Boot,-0.45275208175546777,-0.24530051701378081,1,0.20745156474168697
204,2000,RS,-0.41800600327632564,-0.27480939292600348,0,0.14319661035032216
204,5000,PI,-0.48509229286924965,-0.36690176712917583,1,0.11819052574007383
204,5000,Boot,-0.48509938031597766,-0.37066110648993311,1,0.11443827382604455
204,5000,RS,-0.56393346150791679,-0.28806059849050875,1,0.27587286301740804
204,10000,PI,-0.5194654482475749,-0.43509997001668627,1,0.084365478230888635
204,10000,Boot,-0.51350246808837186,-0.4308272324201059,1,0.082675235668265956
204,10000,RS,-0.60608626439220492,-0.3484791538720563,1,0.25760711052014862
205,500,PI,-0.76746709652012313,-0.25628791428420677,1,0.51117918223591641
205,500,Boot,-0.75447917559467881,-0.26052639430065794,1,0.49395278129402087
205,500,RS,-0.62629316424906489,-0.39746184655526495,1,0.22883131769379994
205,1000,PI,-0.6392110684825052,-0.34194618770280844,1,0.29726488077969676
205,1000,Boot,-0.63439497026900393,-0.32061934829586214,1,0.31377562197314179
205,1000,RS,-0.56442078306740961,-0.41673647311790396,1,0.14768430994950565
205,2000,PI,-0.6208537369993874,-0.41495032618264593,1,0.20590341081674146
205,2000,Boot,-0.61992399064032611,-0.39841487955947047,1,0.22150911108085564
205,2000,RS,-0.57205476742878003,-0.4637492957532533,0,0.10830547167552673
205,5000,PI,-0.54378918822925193,-0.41965856534165702,1,0.12413062288759491
205,5000,Boot,-0.53839826749513875,-0.41615922263557026,1,0.12223904485956849
205,5000,RS,-0.54142910758001428,-0.42201864599089467,1,0.11941046158911961
205,10000,PI,-0.50555509974371238,-0.42067818013012692,1,0.084876919613585455
205,10000,Boot,-0.49963736676643705,-0.41399801412690607,1,0.085639352639530986
205,10000,RS,-0.51007841785817232,-0.41615486201566698,1,0.093923555842505335
206,500,PI,-0.74044901454595524,-0.25313533149256545,1,0.48731368305338979
206,500,Boot,-0.69289494112066818,-0.26781889191477781,1,0.42507604920589037
206,500,RS,-0.67003996674145394,-0.3235443792970667,1,0.34649558744438724
206,1000,PI,-0.63616261330748802,-0.34484734672902123,1,0.29131526657846679
206,1000,Boot,-0.61226238455771109,-0.34293828683630667,1,0.26932409772140442
206,1000,RS,-0.54465434822648418,-0.43635561181002508,1,0.1082987364164591
206,2000,PI,-0.57761266881983298,-0.38543169243809822,1,0.19218097638173476
206,2000,Boot,-0.57357514707279533,-0.37203039988920461,1,0.20154474718359072
206,2000,RS,-0.57413367686370798,-0.38891068439422316,1,0.18522299246948482
206,5000,PI,-0.53536553399774234,-0.41490020721587567,1,0.12046532678186667
206,5000,Boot,-0.53608469551879367,-0.41183545438134522,1,0.12424924113744845
206,5000,RS,-0.51867285029391907,-0.43159289091969888,1,0.087079959374220195
206,10000,PI,-0.49541738317879147,-0.41150102009449963,1,0.083916363084291845
206,10000,Boot,-0.49520382407326652,-0.41159660959087657,1,0.083607214482389947
206,10000,RS,-0.50132609862151167,-0.40559230465177948,1,0.095733793969732195
207,500,PI,-0.58645781816224751,-0.10150533278476351,1,0.48495248537748403
207,500,Boot,-0.50591083554015226,-0.15233986719876522,1,0.35357096834138702
207,500,RS,-0.61270134857632907,-0.075261802370681918,1,0.53743954620564716
207,1000,PI,-0.55839214198075504,-0.27026041549197932,1,0.28813172648877572
207,1000,Boot,-0.53464781759312108,-0.27273142669604877,1,0.2619163908970723
207,1000,RS,-0.57511796825421735,-0.25353458921851701,1,0.32158337903570033
207,2000,PI,-0.53675913969872591,-0.34746756948579383,1,0.18929157021293208
207,2000,Boot,-0.5286103834355691,-0.33654717353407121,1,0.19206320990149789
207,2000,RS,-0.55160341123546563,-0.33262329794905404,1,0.21898011328641159
207,5000,PI,-0.46245307082384851,-0.34406041573092944,1,0.11839265509291907
207,5000,Boot,-0.46484020041923624,-0.32993660547420961,1,0.13490359494502663
207,5000,RS,-0.49429924787306978,-0.31221423868170817,1,0.18208500919136161
207,10000,PI,-0.46399461683308896,-0.38098358535320709,1,0.083011031479881869
207,10000,Boot,-0.46279290050998828,-0.37867540562081975,1,0.084117494889168531
207,10000,RS,-0.46126608986594447,-0.38371211232035157,1,0.0775539775455929
208,500,PI,-0.57656213922746047,-0.14146114936968271,1,0.43510098985777779
208,500,Boot,-0.56021259136709334,-0.16794025868071089,1,0.39227233268638245
208,500,RS,-0.4767946885575356,-0.24122860003960755,1,0.23556608851792804
208,1000,PI,-0.55772162268400627,-0.27786229743880586,1,0.27985932524520041
208,1000,Boot,-0.57331726241756442,-0.26490338794184465,1,0.30841387447571977
208,1000,RS,-0.62324567054771129,-0.21233824957510086,1,0.41090742097261046
208,2000,PI,-0.53786793222886387,-0.34743555924935987,1,0.19043237297950399
208,2000,Boot,-0.53253595249554631,-0.34042550721331311,1,0.1921104452822332
208,2000,RS,-0.53655137654823049,-0.34875211492999325,1,0.18779926161823723
208,5000,PI,-0.51124952426895043,-0.39092140717651885,1,0.12032811709243157
208,5000,Boot,-0.51098068115932216,-0.38990005141663336,1,0.12108062974268879
208,5000,RS,-0.48536198626618715,-0.41680894517928219,1,0.068553041086904964
208,10000,PI,-0.49095070034346522,-0.40732104758267029,1,0.083629652760794926
208,10000,Boot,-0.4912852691453537,-0.40472892445496589,1,0.08655634469038781
208,10000,RS,-0.46689994601746038,-0.43137180190867513,1,0.035528144108785242
209,500,PI,-0.81243995691462834,-0.29208412948788348,1,0.5203558274267448
209,500,Boot,-0.70331792869394971,-0.30164839251597708,1,0.40166953617797263
209,500,RS,-0.62754110960790632,-0.47698297679460555,0,0.15055813281330077
209,1000,PI,-0.56668837586470377,-0.25501234721553701,1,0.31167602864916677
209,1000,Boot,-0.54713469797919534,-0.2544146692183698,1,0.29272002876082553
209,1000,RS,-0.6490604368992442,-0.17264028618099661,1,0.47642015071824761
209,2000,PI,-0.60879863915325227,-0.40536982400975297,1,0.20342881514349931
209,2000,Boot,-0.59713476852980707,-0.40185009169102737,1,0.1952846768387797
209,2000,RS,-0.65411427100472141,-0.36005419215828383,1,0.29406007884643759
209,5000,PI,-0.54574281748947162,-0.42228695219638568,1,0.12345586529308594
209,5000,Boot,-0.53293037393568332,-0.41429949239058328,1,0.11863088154510004
209,5000,RS,-0.53830098036396834,-0.4297287893218889,1,0.10857219104207944
209,10000,PI,-0.50372658124473624,-0.41838070348191103,1,0.085345877762825206
209,10000,Boot,-0.50027086972835277,-0.42160740147869236,1,0.078663468249660418
209,10000,RS,-0.51397779192860504,-0.40812949279804228,1,0.10584829913056276
210,500,PI,-0.54197678579687714,-0.098263580332597023,1,0.44371320546428011
210,500,Boot,-0.54172350800858149,-0.11243135064635243,1,0.42929215736222903
210,500,RS,-0.40697051599975131,-0.23326985012972279,0,0.17370066587002853
210,1000,PI,-0.49500957296196091,-0.21434864237951615,1,0.28066093058244479
210,1000,Boot,-0.49813586428008366,-0.20695164341422076,1,0.29118422086586293
210,1000,RS,-0.41790159158089724,-0.29145662376057979,0,0.12644496782031744
210,2000,PI,-0.49446393311311476,-0.30644201581372688,1,0.18802191729938789
210,2000,Boot,-0.48400691460224532,-0.28721611825574672,1,0.1967907963464986
210,2000,RS,-0.50285496317762213,-0.29805098574921951,1,0.20480397742840262
210,5000,PI,-0.50977358682260088,-0.38802131733205703,1,0.12175226949054385
210,5000,Boot,-0.50950620038487726,-0.38927261267249119,1,0.12023358771238607
210,5000,RS,-0.53295008967669577,-0.36484481447796219,1,0.16810527519873358
210,10000,PI,-0.49319419662479341,-0.40876862156764687,1,0.08442557505714654
210,10000,Boot,-0.4912952738146214,-0.40839245985487671,1,0.082902813959744692
210,10000,RS,-0.48367228561546904,-0.41829053257697124,1,0.065381753038497803
211,500,PI,-0.58793261172058997,-0.08580259148171776,1,0.50213002023887221
211,500,Boot,-0.56633718460830385,-0.12108315637717212,1,0.44525402823113169
211,500,RS,-0.59081753332373443,-0.082917669878573352,1,0.50789986344516103
211,1000,PI,-0.5750224320427143,-0.2817647374843687,1,0.29325769455834561
211,1000,Boot,-0.56869212796327062,-0.27878113340660199,1,0.28991099455666863
211,1000,RS,-0.58174033866766961,-0.27504683085941334,1,0.30669350780825627
211,2000,PI,-0.51024872153111023,-0.31539104031932907,1,0.19485768121178115
211,2000,Boot,-0.51282889352239092,-0.32377775926520808,1,0.18905113425718284
211,2000,RS,-0.45779128696372617,-0.36784847488671313,1,0.089942812077013046
211,5000,PI,-0.50701620008711912,-0.38741469433424375,1,0.11960150575287537
211,5000,Boot,-0.50563089032555208,-0.3828858396325463,1,0.12274505069300579
211,5000,RS,-0.48871485066797127,-0.40571604375339154,1,0.082998806914579726
211,10000,PI,-0.50773825722796839,-0.42422949664863707,1,0.08350876057933132
211,10000,Boot,-0.50763610235298617,-0.42130045051141812,1,0.086335651841568051
211,10000,RS,-0.50779030844170991,-0.42417744543489555,1,0.083612863006814364
212,500,PI,-0.77446756990272125,-0.30530803293788611,1,0.46915953696483514
212,500,Boot,-0.76192590596728482,-0.35121835528651713,1,0.4107075506807677
212,500,RS,-0.88590124366454404,-0.19387435917606333,1,0.69202688448848071
212,1000,PI,-0.6564882325669954,-0.35928670179832051,1,0.29720153076867489
212,1000,Boot,-0.64857054630390809,-0.35646332238807354,1,0.29210722391583455
212,1000,RS,-0.58327022516999028,-0.43250470919532569,1,0.15076551597466459
212,2000,PI,-0.52270493177157662,-0.32194634581864939,1,0.20075858595292723
212,2000,Boot,-0.52199168137913476,-0.31068998921572072,1,0.21130169216341405
212,2000,RS,-0.6098173558326897,-0.2348339217575364,1,0.37498343407515333
212,5000,PI,-0.4904714533832133,-0.37186481950755435,1,0.11860663387565895
212,5000,Boot,-0.48300270198170758,-0.35793398876302063,1,0.12506871321868696
212,5000,RS,-0.47452895466756967,-0.38780731822319797,1,0.086721636444371697
212,10000,PI,-0.46875011613728773,-0.38564669784726485,1,0.083103418290022879
212,10000,Boot,-0.45898982241032249,-0.38037898877543252,1,0.078610833634889965
212,10000,RS,-0.45252037134663803,-0.40187644263791455,1,0.050643928708723474
213,500,PI,-0.70765889415713323,-0.25994464535408546,1,0.44771424880304778
213,500,Boot,-0.65689213292060056,-0.2782505979403076,1,0.37864153498029296
213,500,RS,-0.61446792012676676,-0.35313561938445193,1,0.26133230074231484
213,1000,PI,-0.63700056552587636,-0.33457906590911812,1,0.30242149961675824
213,1000,Boot,-0.61398008111446201,-0.32944468377795544,1,0.28453539733650657
213,1000,RS,-0.54751477669867366,-0.42406485473632083,1,0.12344992196235283
213,2000,PI,-0.56084155563932747,-0.35854673583204605,1,0.20229481980728142
213,2000,Boot,-0.54761736059506183,-0.33399660200139258,1,0.21362075859366925
213,2000,RS,-0.52340510567641829,-0.39598318579495517,1,0.12742191988146312
213,5000,PI,-0.51815184881846643,-0.39824475979011892,1,0.11990708902834751
213,5000,Boot,-0.51712515982072405,-0.38478170092365149,1,0.13234345889707255
213,5000,RS,-0.50164401029514827,-0.41475259831343714,1,0.086891411981711131
213,10000,PI,-0.48882814565249305,-0.40480429699104153,1,0.084023848661451517
213,10000,Boot,-0.48682381477012199,-0.40257965221473069,1,0.0842441625553913
213,10000,RS,-0.48062717581786291,-0.41300526682567168,1,0.067621908992191226
214,500,PI,-0.5498363334035401,-0.081084381123024352,1,0.46875195228051575
214,500,Boot,-0.48725210535993813,-0.1105232702780167,1,0.37672883508192145
214,500,RS,-0.48147480762759581,-0.14944590689896869,1,0.33202890072862712
214,1000,PI,-0.56236743018885837,-0.27179027395338917,1,0.2905771562354692
214,1000,Boot,-0.53266337692108379,-0.27372128262640938,1,0.25894209429467441
214,1000,RS,-0.54253386420955196,-0.29162383993269558,1,0.25091002427685638
214,2000,PI,-0.62791670590328408,-0.42602492498882133,1,0.20189178091446275
214,2000,Boot,-0.63634791148994196,-0.416778970172761,1,0.21956894131718097
214,2000,RS,-0.75031116415082499,-0.30363046674128047,1,0.44668069740954452
214,5000,PI,-0.54131656093957803,-0.41957359732615923,1,0.1217429636134188
214,5000,Boot,-0.54264131961903339,-0.4049622195835606,1,0.13767910003547279
214,5000,RS,-0.54444289950313096,-0.41644725876260624,1,0.12799564074052472
214,10000,PI,-0.52744356144278104,-0.44342404063005814,1,0.084019520812722903
214,10000,Boot,-0.52692639404676755,-0.42882703971440816,1,0.09809935433235939
214,10000,RS,-0.5173236920178812,-0.45354391005495803,0,0.063779781962923165
215,500,PI,-0.7147113562082964,-0.24473281307744302,1,0.46997854313085341
215,500,Boot,-0.65986823337288891,-0.29338764238024162,1,0.36648059099264729
215,500,RS,-0.57662974786105781,-0.38281442142468158,1,0.19381532643637622
215,1000,PI,-0.60802753907872342,-0.31408496683313414,1,0.29394257224558928
215,1000,Boot,-0.60535520392101083,-0.31885932431957564,1,0.28649587960143519
215,1000,RS,-0.51473265263144274,-0.40737985328041487,1,0.10735279935102787
215,2000,PI,-0.55324147590895623,-0.35887199153892102,1,0.19436948437003521
215,2000,Boot,-0.53634470929272349,-0.36516316104096458,1,0.17118154825175891
215,2000,RS,-0.48921355492285168,-0.42289991252502557,1,0.066313642397826111
215,5000,PI,-0.47830230318178912,-0.36165469371821513,1,0.116647609463574
215,5000,Boot,-0.47277145795982595,-0.35843516341550302,1,0.11433629454432293
215,5000,RS,-0.47268201887354611,-0.36727497802645814,1,0.10540704084708796
215,10000,PI,-0.4850209407274077,-0.40076267812252303,1,0.084258262604884671
215,10000,Boot,-0.48121556041776076,-0.40329070461461297,1,0.077924855803147786
215,10000,RS,-0.4827823868590484,-0.40300123199088234,1,0.07978115486816606
216,500,PI,-0.71542552615039723,-0.25388059176836447,1,0.46154493438203276
216,500,Boot,-0.68694697012511152,-0.22434525238421793,1,0.46260171774089359
216,500,RS,-0.60571355405521032,-0.36359256386355149,1,0.24212099019165884
216,1000,PI,-0.63898398027856995,-0.34880782115203746,1,0.2901761591265325
216,1000,Boot,-0.62299464789295533,-0.34454790060127322,1,0.27844674729168212
216,1000,RS,-0.58181802689829332,-0.40597377453231409,1,0.17584425236597923
216,2000,PI,-0.57026745746879681,-0.37388542489055904,1,0.19638203257823778
216,2000,Boot,-0.55351286212753903,-0.37643247186803486,1,0.17708039025950417
216,2000,RS,-0.5677533451692518,-0.37639953719010399,1,0.19135380797914781
216,5000,PI,-0.47981865405095353,-0.3599896647317235,1,0.11982898931923003
216,5000,Boot,-0.48012685273151784,-0.35752012299734198,1,0.12260672973417586
216,5000,RS,-0.49979879693485407,-0.34000952184782296,1,0.15978927508703111
216,10000,PI,-0.4573157659647667,-0.37313869465377209,1,0.084177071310994611
216,10000,Boot,-0.4589532012833788,-0.37556822460574363,1,0.08338497667763517
216,10000,RS,-0.44625980912923552,-0.38419465148930326,0,0.062065157639932256
217,500,PI,-0.7928307424465505,-0.30944381273039012,1,0.48338692971616037
217,500,Boot,-0.79831701629578444,-0.34504047838979657,1,0.45327653790598788
217,500,RS,-0.91442386381348184,-0.18785069136345872,1,0.72657317245002306
217,1000,PI,-0.68984550465775551,-0.3819357399430946,1,0.30790976471466092
217,1000,Boot,-0.67042816498645663,-0.3864825918547985,1,0.28394557313165814
217,1000,RS,-0.75111340264928916,-0.32066784195156089,1,0.43044556069772827
217,2000,PI,-0.5791693413771194,-0.38070377305647352,1,0.19846556832064588
217,2000,Boot,-0.56968728916198863,-0.38282283095906411,1,0.18686445820292452
217,2000,RS,-0.60812619535375678,-0.35174691907983613,1,0.25637927627392065
217,5000,PI,-0.52928501028830843,-0.40937023269156847,1,0.11991477759673996
217,5000,Boot,-0.52369892120603034,-0.40872158697497446,1,0.11497733423105588
217,5000,RS,-0.50664554983463028,-0.43200969314524656,1,0.074635856689383717
217,10000,PI,-0.47744723962508262,-0.39435491909407472,1,0.083092320531007902
217,10000,Boot,-0.47284492304531545,-0.39169125128405968,1,0.081153671761255763
217,10000,RS,-0.51152104950510147,-0.36028110921405582,1,0.15123994029104565
218,500,PI,-0.70407762423126985,-0.21695088604237936,1,0.48712673818889052
218,500,Boot,-0.64175171157157529,-0.23117082793016866,1,0.41058088364140666
218,500,RS,-0.65910838001597938,-0.2619201302576698,1,0.39718824975830958
218,1000,PI,-0.65344351348505292,-0.35113313841217386,1,0.30231037507287906
218,1000,Boot,-0.63605896757298719,-0.33021772643384195,1,0.30584124113914524
218,1000,RS,-0.58238427106187352,-0.42219238083535326,1,0.16019189022652025
218,2000,PI,-0.60152048344432152,-0.39817649687866113,1,0.20334398656566038
218,2000,Boot,-0.58027650684271936,-0.38393867593108399,1,0.19633783091163537
218,2000,RS,-0.53803878273659533,-0.46165819758638732,0,0.076380585150208014
218,5000,PI,-0.54193386951051192,-0.41895489569329064,1,0.12297897381722128
218,5000,Boot,-0.53596532395006136,-0.41647244177694126,1,0.1194928821731201
218,5000,RS,-0.51093783028037887,-0.44995093492342364,0,0.060986895356955229
218,10000,PI,-0.50245226876308158,-0.41887846750164365,1,0.08357380126143793
218,10000,Boot,-0.50067460569679423,-0.41553505132271162,1,0.085139554374082604
218,10000,RS,-0.50052188841875722,-0.42080884784596795,1,0.079713040572789273
219,500,PI,-0.56576540620712101,-0.063692447934114771,1,0.50207295827300624
219,500,Boot,-0.49910505353757406,-0.069077493544312557,1,0.43002755999326148
219,500,RS,-0.42878580211805561,-0.20067205202318017,0,0.22811375009487544
219,1000,PI,-0.48824074846456678,-0.17835341333903088,1,0.3098873351255359
219,1000,Boot,-0.46723895294692308,-0.17709931973732149,1,0.29013963320960157
219,1000,RS,-0.39860234810360518,-0.26799181369999248,0,0.1306105344036127
219,2000,PI,-0.45396346700405671,-0.2521219723883153,1,0.20184149461574141
219,2000,Boot,-0.43508577465697706,-0.23643695951820703,0,0.19864881513877003
219,2000,RS,-0.45568868370895704,-0.25039675568341496,1,0.20529192802554208
219,5000,PI,-0.48944063308401475,-0.36840125108858446,1,0.1210393819954303
219,5000,Boot,-0.48194672665559574,-0.35563524230249477,1,0.12631148435310097
219,5000,RS,-0.56026198585755105,-0.29757989831504811,1,0.26268208754250294
219,10000,PI,-0.48176542263210698,-0.39783308464975797,1,0.083932337982349003
219,10000,Boot,-0.47889710081892001,-0.39559574155609473,1,0.083301359262825281
219,10000,RS,-0.49715112289228586,-0.38244738438957909,1,0.11470373850270676
220,500,PI,-0.67096417465443514,-0.15346642226280649,1,0.51749775239162865
220,500,Boot,-0.60837854040458195,-0.16828601289705186,1,0.44009252750753008
220,500,RS,-0.54984187790274053,-0.27458871901450105,1,0.27525315888823948
220,1000,PI,-0.5428023800741798,-0.22933601873230158,1,0.31346636134187822
220,1000,Boot,-0.52116306901078524,-0.21296664503562657,1,0.30819642397515867
220,1000,RS,-0.45044148983140686,-0.32169690897507452,1,0.12874458085633234
220,2000,PI,-0.56311337801886008,-0.35285545923940564,1,0.21025791877945443
220,2000,Boot,-0.56292949958697558,-0.34927859490968005,1,0.21365090467729553
220,2000,RS,-0.59783181102224492,-0.31813702623602075,1,0.27969478478622417
220,5000,PI,-0.49834294507937199,-0.37671877432936579,1,0.1216241707500062
220,5000,Boot,-0.49885170043982136,-0.37830019738929577,1,0.12055150305052559
220,5000,RS,-0.48035737077796814,-0.39470434863076964,1,0.085653022147198499
220,10000,PI,-0.50046155681341786,-0.41539230350964607,1,0.085069253303771797
220,10000,Boot,-0.49552299486650714,-0.41503468051169418,1,0.080488314354812962
220,10000,RS,-0.49987385849235694,-0.41598000183070699,1,0.083893856661649946
221,500,PI,-0.68733412189779597,-0.15391557771806114,1,0.53341854417973478
221,500,Boot,-0.64053277411864717,-0.20722329407097415,1,0.433309480047673
221,500,RS,-0.69188009461693933,-0.14936960499891772,1,0.54251048961802162
221,1000,PI,-0.60928992466383702,-0.30896312093392003,1,0.30032680372991699
221,1000,Boot,-0.58434708874839569,-0.29137199454398122,1,0.29297509420441448
221,1000,RS,-0.55691653607106406,-0.36133650952669294,1,0.19558002654437112
221,2000,PI,-0.5251066076172044,-0.32631118759807942,1,0.19879542001912498
221,2000,Boot,-0.51819229455773985,-0.32067929908019888,1,0.19751299547754098
221,2000,RS,-0.48533947800002919,-0.36607831721525463,1,0.11926116078477456
221,5000,PI,-0.51645829531598175,-0.39340033018935322,1,0.12305796512662853
221,5000,Boot,-0.51364694164564617,-0.39483919882827806,1,0.11880774281736811
221,5000,RS,-0.5134377180709252,-0.39642090743440966,1,0.11701681063651553
221,10000,PI,-0.48535060677294645,-0.39982661884021381,1,0.085523987932732637
221,10000,Boot,-0.48823018992716222,-0.39508340538794112,1,0.093146784539221095
221,10000,RS,-0.47535001264924859,-0.40982721296391167,1,0.065522799685336919
222,500,PI,-0.64612722030854353,-0.10260499340673046,1,0.54352222690181307
222,500,Boot,-0.61327296794126129,-0.16156983130065355,1,0.45170313664060774
222,500,RS,-0.57942832953053491,-0.16930388418473905,1,0.41012444534579584
222,1000,PI,-0.56166876300595514,-0.26078841141716924,1,0.3008803515887859
222,1000,Boot,-0.56075492281850947,-0.25790731342108464,1,0.30284760939742483
222,1000,RS,-0.535440727160305,-0.28701644726281939,1,0.24842427989748561
222,2000,PI,-0.54203682230252148,-0.34130899308665941,1,0.20072782921586207
222,2000,Boot,-0.54441445514621778,-0.32941636534960961,1,0.21499808979660817
222,2000,RS,-0.51807479964990977,-0.36527101573927118,1,0.15280378391063859
222,5000,PI,-0.50735339213863528,-0.38256866659910616,1,0.12478472553952913
222,5000,Boot,-0.49852604953230845,-0.38400752060076682,1,0.11451852893154163
222,5000,RS,-0.49494020614618245,-0.39498185259155899,1,0.099958353554623458
222,10000,PI,-0.45394656654394727,-0.36961908938843735,1,0.084327477155509922
222,10000,Boot,-0.45842416005013936,-0.36501995608376631,1,0.093404203966373056
222,10000,RS,-0.47697284811775559,-0.34659280781462903,1,0.13038004030312655
223,500,PI,-0.8934467457113997,-0.41785975647416729,1,0.47558698923723242
223,500,Boot,-0.84235138987193203,-0.40922889931706719,1,0.43312249055486485
223,500,RS,-0.70120383533472663,-0.61010266685084036,0,0.091101168483886275
223,1000,PI,-0.72878247256057471,-0.41628120573868377,1,0.31250126682189094
223,1000,Boot,-0.70928580653829343,-0.41335944722499823,1,0.2959263593132952
223,1000,RS,-0.76252340485475578,-0.3825402734445027,1,0.37998313141025308
223,2000,PI,-0.59157884176581743,-0.39091807400893824,1,0.20066076775687919
223,2000,Boot,-0.58948158720640309,-0.37641745129425197,1,0.21306413591215112
223,2000,RS,-0.66210343117960069,-0.32039348459515493,1,0.34170994658444576
223,5000,PI,-0.53364530786935382,-0.41148668251538711,1,0.12215862535396671
223,5000,Boot,-0.5256322824905546,-0.3981959689380164,1,0.12743631355253821
223,5000,RS,-0.53751383709936806,-0.40761815328537288,1,0.12989568381399519
223,10000,PI,-0.49597789569681167,-0.41226008378682161,1,0.083717811909990059
223,10000,Boot,-0.49552130727280541,-0.40878950742735948,1,0.086731799845445934
223,10000,RS,-0.51108185244412174,-0.39715612703951153,1,0.11392572540461021
224,500,PI,-0.56969202663704399,-0.13674512191405491,1,0.43294690472298908
224,500,Boot,-0.55740926452712014,-0.13497973114680398,1,0.42242953338031619
224,500,RS,-0.52466751043899773,-0.18176963811210117,1,0.34289787232689656
224,1000,PI,-0.58435356559077967,-0.30794667177776325,1,0.27640689381301642
224,1000,Boot,-0.57175187801846639,-0.30644992739779714,1,0.26530195062066925
224,1000,RS,-0.6079191078908972,-0.28438112947764571,1,0.32353797841325149
224,2000,PI,-0.53264547062241974,-0.34086489323616165,1,0.19178057738625809
224,2000,Boot,-0.52400671423842482,-0.33030213592900926,1,0.19370457830941556
224,2000,RS,-0.50561357125101347,-0.36789679260756786,1,0.13771677864344561
224,5000,PI,-0.52468422613109711,-0.40234620082872158,1,0.12233802530237553
224,5000,Boot,-0.52089510587609844,-0.39359687368564078,1,0.12729823219045766
224,5000,RS,-0.50343545755232899,-0.42359496940748964,1,0.07984048814483935
224,10000,PI,-0.49675781213619713,-0.41164272578377897,1,0.085115086352418157
224,10000,Boot,-0.4894430519228361,-0.40819585071160419,1,0.081247201211231912
224,10000,RS,-0.47188353815812811,-0.43651699976184799,1,0.035366538396280123
225,500,PI,-0.58549390366316012,-0.11881362615292471,1,0.46668027751023544
225,500,Boot,-0.5556076976325095,-0.10301164196025123,1,0.45259605567225825
225,500,RS,-0.53826384696264873,-0.16604368285343607,1,0.37222016410921266
225,1000,PI,-0.55612591456928273,-0.28094850500510155,1,0.27517740956418119
225,1000,Boot,-0.53348635701487412,-0.28113890927908536,1,0.25234744773578877
225,1000,RS,-0.55943862899829888,-0.27763579057608534,1,0.28180283842221354
225,2000,PI,-0.59918644606195925,-0.39961595395387295,1,0.19957049210808631
225,2000,Boot,-0.5890201993897114,-0.39222551785650001,1,0.19679468153321139
225,2000,RS,-0.64789512869507349,-0.35090727132075872,1,0.29698785737431477
225,5000,PI,-0.53274487280308203,-0.41263316114968385,1,0.12011171165339818
225,5000,Boot,-0.53636067692876632,-0.39197718907626355,1,0.14438348785250277
225,5000,RS,-0.52056899181149774,-0.42480904214126808,1,0.09575994967022966
225,10000,PI,-0.51451047178947307,-0.43053644208562586,1,0.083974029703847208
225,10000,Boot,-0.52088679423764317,-0.42280238424207039,1,0.098084409995572774
225,10000,RS,-0.4907491026954956,-0.45429781117960338,0,0.036451291515892215
226,500,PI,-0.76505541273976441,-0.19373949680803543,1,0.57131591593172892
226,500,Boot,-0.72882524078186739,-0.20241385606865492,1,0.52641138471321247
226,500,RS,-0.72820434868266171,-0.23059056086513821,1,0.49761378781752352
226,1000,PI,-0.58101407596675148,-0.28238171495870368,1,0.2986323610080478
226,1000,Boot,-0.58148147115505289,-0.25790813308778648,1,0.3235733380672664
226,1000,RS,-0.53996938257245986,-0.3234264083529953,1,0.21654297421946456
226,2000,PI,-0.50969655211476417,-0.31479276319961719,1,0.19490378891514698
226,2000,Boot,-0.50788134234851734,-0.31112802513585575,1,0.19675331721266159
226,2000,RS,-0.48823698436765328,-0.33625233094672802,1,0.15198465342092526
226,5000,PI,-0.44922045137574473,-0.33053747929218791,1,0.11868297208355683
226,5000,Boot,-0.4535943255226812,-0.32072168509656929,1,0.13287264042611191
226,5000,RS,-0.43650646111552049,-0.34325146955241215,0,0.093254991563108347
226,10000,PI,-0.44417662000497549,-0.36039975920925826,0,0.083776860795717223
226,10000,Boot,-0.43456023044889863,-0.35373738767337148,0,0.080822842775527148
226,10000,RS,-0.43189362953528065,-0.3726827496789531,0,0.059210879856327558
227,500,PI,-0.65488694455918928,-0.13804492228219978,1,0.5168420222769895
227,500,Boot,-0.58294358614525699,-0.15524560268200185,1,0.42769798346325516
227,500,RS,-0.443627371185499,-0.34930449565589006,0,0.094322875529608941
227,1000,PI,-0.60653394486014012,-0.31091258825160256,1,0.29562135660853756
227,1000,Boot,-0.58922082792355046,-0.30797305272009845,1,0.28124777520345201
227,1000,RS,-0.63892777170081327,-0.27851876141092946,1,0.36040901028988381
227,2000,PI,-0.54995534008232583,-0.3495467091295516,1,0.20040863095277422
227,2000,Boot,-0.54211159001427189,-0.34017444731853813,1,0.20193714269573376
227,2000,RS,-0.5297340396566419,-0.36976800955523564,1,0.15996603010140625
227,5000,PI,-0.49235244230715808,-0.36986208541131832,1,0.12249035689583976
227,5000,Boot,-0.48209667420637142,-0.35813407291119753,1,0.12396260129517389
227,5000,RS,-0.46720987367541728,-0.39500465404305912,1,0.072205219632358153
227,10000,PI,-0.48445373510695566,-0.39950222774298771,1,0.084951507363967949
227,10000,Boot,-0.48040817578152767,-0.40073888995966916,1,0.079669285821858504
227,10000,RS,-0.46964654517393767,-0.41430941767600571,1,0.055337127497931959
228,500,PI,-0.53781743879314015,-0.091396060755021158,1,0.44642137803811899
228,500,Boot,-0.52231806454815566,-0.10840069714441428,1,0.41391736740374141
228,500,RS,-0.56032668087477344,-0.068886818673387834,1,0.49143986220138558
228,1000,PI,-0.56386978397021281,-0.28453325997501122,1,0.27933652399520159
228,1000,Boot,-0.55912104542724317,-0.28442441725655188,1,0.27469662817069129
228,1000,RS,-0.55380189112899691,-0.29460115281622712,1,0.2592007383127698
228,2000,PI,-0.56135999335799303,-0.36975126405899206,1,0.19160872929900097
228,2000,Boot,-0.56056501818967641,-0.33494108207151474,1,0.22562393611816167
228,2000,RS,-0.55702607287793171,-0.37408518453905332,1,0.18294088833887839
228,5000,PI,-0.51283792756085822,-0.39014525473426637,1,0.12269267282659185
228,5000,Boot,-0.50240842113075668,-0.3724216747401109,1,0.12998674639064578
228,5000,RS,-0.53284011729049285,-0.37014306500463179,1,0.16269705228586107
228,10000,PI,-0.46727191243893601,-0.38277542819802163,1,0.084496484240914382
228,10000,Boot,-0.46298386315374018,-0.37232912345129909,1,0.090654739702441089
228,10000,RS,-0.48904364988338811,-0.36100369075356953,1,0.12803995912981858
229,500,PI,-0.58857343047313948,-0.13727773385575356,1,0.45129569661738589
229,500,Boot,-0.56657334645028934,-0.15354914954879698,1,0.41302419690149239
229,500,RS,-0.66606976037390975,-0.059781403954983325,1,0.60628835641892642
229,1000,PI,-0.63772543792084646,-0.34108039776063959,1,0.29664504016020687
229,1000,Boot,-0.62407368204698843,-0.35038938941904763,1,0.27368429262794081
229,1000,RS,-0.69160183462972047,-0.28720400105176558,1,0.40439783357795489
229,2000,PI,-0.54034832486445294,-0.34571587027374429,1,0.19463245459070866
229,2000,Boot,-0.54075859629371847,-0.35156017366424719,1,0.18919842262947129
229,2000,RS,-0.52517023313128108,-0.36089396200691615,1,0.16427627112436494
229,5000,PI,-0.49745810113319772,-0.37531268019348091,1,0.12214542093971681
229,5000,Boot,-0.50429534191427106,-0.37491546798737552,1,0.12937987392689554
229,5000,RS,-0.4914193100109901,-0.38135147131568853,1,0.11006783869530157
229,10000,PI,-0.49610538283859057,-0.41115669657746251,1,0.084948686261128059
229,10000,Boot,-0.49642207030455043,-0.4152628642695449,1,0.081159206035005538
229,10000,RS,-0.49228078312389328,-0.4149812962921598,1,0.077299486831733488
230,500,PI,-0.60574198245696431,-0.12557198134748673,1,0.48017000110947761
230,500,Boot,-0.58418141459244866,-0.15615014362585941,1,0.42803127096658922
230,500,RS,-0.51994625485735946,-0.21136770894709153,1,0.3085785459102679
230,1000,PI,-0.62983518235765301,-0.33603443087142926,1,0.29380075148622375
230,1000,Boot,-0.61760198679038969,-0.34199509685232155,1,0.27560688993806814
230,1000,RS,-0.70921166084844212,-0.25665795238064015,1,0.45255370846780196
230,2000,PI,-0.53828239503624253,-0.34192202721635645,1,0.19636036781988608
230,2000,Boot,-0.53120610440155291,-0.34173149886351861,1,0.1894746055380343
230,2000,RS,-0.51837183015919241,-0.36183259209340657,1,0.15653923806578585
230,5000,PI,-0.54702531156650114,-0.42417434463558074,1,0.1228509669309204
230,5000,Boot,-0.54334632769108471,-0.41939316359343165,1,0.12395316409765306
230,5000,RS,-0.58442972751105704,-0.38676992869102494,1,0.1976597988200321
230,10000,PI,-0.52576479777302731,-0.44036413398120461,1,0.085400663791822706
230,10000,Boot,-0.52193960199205847,-0.437920053911936,1,0.084019548080122464
230,10000,RS,-0.52605703154968797,-0.44007190020454384,1,0.085985131345144128
231,500,PI,-0.78968371363601042,-0.31687706006993066,1,0.47280665356607976
231,500,Boot,-0.76512377092454564,-0.33809296166055036,1,0.42703080926399528
231,500,RS,-0.65645631772066815,-0.45010445598527293,0,0.20635186173539521
231,1000,PI,-0.6669080468424502,-0.36810172493456839,1,0.29880632190788181
231,1000,Boot,-0.64234273103455586,-0.37141029701893302,1,0.27093243401562284
231,1000,RS,-0.62067790380595678,-0.41433186797106175,1,0.20634603583489503
231,2000,PI,-0.53174463079167011,-0.33805603894743669,1,0.19368859184423343
231,2000,Boot,-0.52799646418156954,-0.33837572667435123,1,0.18962073750721831
231,2000,RS,-0.59846747131689737,-0.27133319842220949,1,0.32713427289468788
231,5000,PI,-0.48438179019206751,-0.36537781263163682,1,0.11900397756043068
231,5000,Boot,-0.48352682345505255,-0.36188132182317884,1,0.12164550163187371
231,5000,RS,-0.50815330737322151,-0.34160629545048277,1,0.16654701192273874
231,10000,PI,-0.48160901955241792,-0.39907190920502084,1,0.08253711034739708
231,10000,Boot,-0.48522578214371209,-0.39378222521997253,1,0.091443556923739566
231,10000,RS,-0.48113389396612016,-0.39954703479131859,1,0.081586859174801574
232,500,PI,-0.68817256393312043,-0.19509775077939223,1,0.4930748131537282
232,500,Boot,-0.65393510015840495,-0.19310826144124354,1,0.4608268387171614
232,500,RS,-0.61976425836910765,-0.26350605634340502,1,0.35625820202570263
232,1000,PI,-0.58943409582954287,-0.28299314945118981,1,0.30644094637835306
232,1000,Boot,-0.57395462578960399,-0.28245243761845273,1,0.29150218817115126
232,1000,RS,-0.47804353826014345,-0.39438370702058922,1,0.083659831239554228
232,2000,PI,-0.46755693263748654,-0.27945337908623136,1,0.18810355355125519
232,2000,Boot,-0.46718052147870015,-0.26376782178332153,1,0.20341269969537862
232,2000,RS,-0.48218615005078724,-0.26482416167293066,1,0.21736198837785659
232,5000,PI,-0.48826704229222473,-0.36931940262212215,1,0.11894763967010258
232,5000,Boot,-0.48492445019142283,-0.36118574720539198,1,0.12373870298603085
232,5000,RS,-0.52735197061848749,-0.33023447429585934,1,0.19711749632262815
232,10000,PI,-0.46463634739981513,-0.38055841765890058,1,0.084077929740914548
232,10000,Boot,-0.45963704914293324,-0.37872977400220842,1,0.080907275140724821
232,10000,RS,-0.46650277619837954,-0.37869198886033617,1,0.087810787338043372
233,500,PI,-0.5032100647309572,-0.033208329179597873,1,0.47000173555135932
233,500,Boot,-0.48621581870974512,-0.065929311393885304,1,0.42028650731585981
233,500,RS,-0.35589019016065876,-0.18052820374989637,0,0.17536198641076239
233,1000,PI,-0.56029005207171367,-0.27150155527701381,1,0.28878849679469987
233,1000,Boot,-0.56442404956960235,-0.27139357414486232,1,0.29303047542474003
233,1000,RS,-0.65288959275082625,-0.1789020145979012,1,0.47398757815292503
233,2000,PI,-0.55193770439041268,-0.35877988991278209,1,0.19315781447763058
233,2000,Boot,-0.55486784525741073,-0.34492558976508059,1,0.20994225549233014
233,2000,RS,-0.5717053292655333,-0.33901226503766146,1,0.23269306422787184
233,5000,PI,-0.51615933033790262,-0.39617691877722666,1,0.11998241156067596
233,5000,Boot,-0.52600869861636834,-0.3802372859228712,1,0.14577141269349714
233,5000,RS,-0.48430115703019522,-0.42803509208493412,1,0.056266064945261096
233,10000,PI,-0.48643433899688404,-0.40130211919457603,1,0.085132219802308007
233,10000,Boot,-0.48774144798401958,-0.39383319220977281,1,0.093908255774246774
233,10000,RS,-0.46943158221455461,-0.41830487597690547,1,0.051126706237649144
234,500,PI,-0.77957092620756763,-0.31259071720644793,1,0.46698020900111969
234,500,Boot,-0.76137505652261428,-0.32757682496068663,1,0.43379823156192765
234,500,RS,-0.67817890682652693,-0.41398273658748863,1,0.2641961702390383
234,1000,PI,-0.56790497084011293,-0.26326283156288049,1,0.30464213927723244
234,1000,Boot,-0.5453820410402912,-0.25968895389650032,1,0.28569308714379088
234,1000,RS,-0.61839016590386242,-0.21277763649913112,1,0.4056125294047313
234,2000,PI,-0.54973367849389887,-0.35469074526596905,1,0.19504293322792982
234,2000,Boot,-0.53133207150255046,-0.34491714233354925,1,0.18641492916900121
234,2000,RS,-0.58298079245887069,-0.32144363130099729,1,0.2615371611578734
234,5000,PI,-0.54143909317372907,-0.42123384800564467,1,0.1202052451680844
234,5000,Boot,-0.54042471655440782,-0.41577620552824834,1,0.12464851102615948
234,5000,RS,-0.55662082275641467,-0.40605211842295907,1,0.15056870433345559
234,10000,PI,-0.53038937763410965,-0.4454343862935744,1,0.084954991340535246
234,10000,Boot,-0.53268081901506881,-0.44107497395757905,1,0.091605845057489754
234,10000,RS,-0.52632481547960008,-0.44949894844808397,0,0.076825867031516115
235,500,PI,-0.71054352712237856,-0.23903168633643351,1,0.47151184078594505
235,500,Boot,-0.69037107078747351,-0.26767650277969757,1,0.42269456800777594
235,500,RS,-0.5181581477468884,-0.43141706571192368,1,0.086741082034964723
235,1000,PI,-0.57976548152414575,-0.28776934811226734,1,0.29199613341187841
235,1000,Boot,-0.53182801548615555,-0.27562367067335491,1,0.25620434481280063
235,1000,RS,-0.57619643064042647,-0.29133839899598657,1,0.2848580316444399
235,2000,PI,-0.56913804413036251,-0.37037334301799374,1,0.19876470111236877
235,2000,Boot,-0.56387086366605965,-0.3671527103373553,1,0.19671815332870435
235,2000,RS,-0.51146724393517162,-0.42804414321318468,1,0.083423100721986942
235,5000,PI,-0.52638528135439822,-0.40670928989707777,1,0.11967599145732044
235,5000,Boot,-0.52296884598780324,-0.40459247065383452,1,0.11837637533396872
235,5000,RS,-0.51517491520121372,-0.41791965605026227,1,0.097255259150951456
235,10000,PI,-0.52750933251327825,-0.44335161897087971,1,0.084157713542398538
235,10000,Boot,-0.52998632264225209,-0.44277801183125243,1,0.087208310810999667
235,10000,RS,-0.54514123015173299,-0.42571972133242503,1,0.11942150881930796
236,500,PI,-0.62428691365098365,-0.11826185904648817,1,0.50602505460449554
236,500,Boot,-0.56385525394528957,-0.12825602161099689,1,0.43559923233429265
236,500,RS,-0.53873696647457803,-0.20381180622289391,1,0.33492516025168412
236,1000,PI,-0.59174838541638453,-0.28112694053041648,1,0.31062144488596805
236,1000,Boot,-0.5543562067390444,-0.28068589775980646,1,0.27367030897923794
236,1000,RS,-0.56617031296204434,-0.30670501298475672,1,0.25946529997728762
236,2000,PI,-0.48075966567068057,-0.27975270416522174,1,0.20100696150545883
236,2000,Boot,-0.47347118616187267,-0.28880663481148006,1,0.18466455135039261
236,2000,RS,-0.47796258149577836,-0.28254978834012395,1,0.19541279315565441
236,5000,PI,-0.47864830348583504,-0.35633220003847571,1,0.12231610344735933
236,5000,Boot,-0.47381946198777675,-0.3571749946362695,1,0.11664446735150724
236,5000,RS,-0.48337993372447496,-0.35160056979983578,1,0.13177936392463918
236,10000,PI,-0.47353635883892248,-0.38863801638757384,1,0.084898342451348641
236,10000,Boot,-0.46863542524259616,-0.3786925147843298,1,0.089942910458266356
236,10000,RS,-0.47528823737087833,-0.38688613785561798,1,0.088402099515260346
237,500,PI,-0.70256527959944792,-0.2149979584500549,1,0.48756732114939305
237,500,Boot,-0.65585714962177166,-0.24472148181628586,1,0.41113566780548583
237,500,RS,-0.63700860861694497,-0.28055462943255782,1,0.35645397918438715
237,1000,PI,-0.57469923497228426,-0.27822744662366794,1,0.29647178834861632
237,1000,Boot,-0.56970894547656081,-0.25884193500030123,1,0.31086701047625959
237,1000,RS,-0.48816962095420063,-0.36475706064175156,1,0.12341256031244907
237,2000,PI,-0.62525237545149182,-0.42163322245847951,1,0.20361915299301231
237,2000,Boot,-0.61861078907158584,-0.42316220867398857,1,0.19544858039759727
237,2000,RS,-0.68183719254682373,-0.36504840536314764,1,0.31678878718367609
237,5000,PI,-0.54596803344015266,-0.42225155164003114,1,0.12371648180012151
237,5000,Boot,-0.54363659389776842,-0.41821039478958022,1,0.1254261991081882
237,5000,RS,-0.55701543491023187,-0.41120415016995193,1,0.14581128474027993
237,10000,PI,-0.51100386736673309,-0.42559091532717874,1,0.085412952039554346
237,10000,Boot,-0.51014744378787724,-0.42611074678628114,1,0.084036697001596106
237,10000,RS,-0.51828355689749317,-0.41831122579641866,1,0.099972331101074507
238,500,PI,-0.72538244504429894,-0.30147773095948405,1,0.42390471408481489
238,500,Boot,-0.67125642142480801,-0.35085489000295972,1,0.3204015314218483
238,500,RS,-0.56700012918717912,-0.45986004681660386,0,0.10714008237057526
238,1000,PI,-0.59495116127319181,-0.30548821529042436,1,0.28946294598276745
238,1000,Boot,-0.57857181609956077,-0.29100336842707408,1,0.28756844767248668
238,1000,RS,-0.57512081088709399,-0.32531856567652212,1,0.24980224521057187
238,2000,PI,-0.49806402855718707,-0.30496645659482918,1,0.19309757196235788
238,2000,Boot,-0.48116566066262201,-0.29816218854071819,1,0.18300347212190382
238,2000,RS,-0.50455983205159782,-0.29847065310041848,1,0.20608917895117934
238,5000,PI,-0.49216941065686159,-0.3711270067639092,1,0.1210424038929524
238,5000,Boot,-0.49111015161342209,-0.36317236401442599,1,0.1279377875989961
238,5000,RS,-0.49884442450684996,-0.36445199291392083,1,0.13439243159292913
238,10000,PI,-0.48269087682163103,-0.39887903270272085,1,0.083811844118910184
238,10000,Boot,-0.47813262130391121,-0.39267663969550315,1,0.08545598160840806
238,10000,RS,-0.47908843194599388,-0.402481477578358,1,0.076606954367635871
239,500,PI,-0.88879545388610004,-0.38133837214785582,1,0.50745708173824422
239,500,Boot,-0.82804355559666909,-0.42308374797397874,1,0.40495980762269035
239,500,RS,-0.77335567024583007,-0.49677815578812579,0,0.27657751445770429
239,1000,PI,-0.68534381991347204,-0.36608659412073474,1,0.3192572257927373
239,1000,Boot,-0.66322765647918458,-0.37859088789328188,1,0.2846367685859027
239,1000,RS,-0.73087587262327047,-0.32055454141093631,1,0.41032133121233416
239,2000,PI,-0.54435803005262418,-0.33981204478829807,1,0.2045459852643261
239,2000,Boot,-0.53610846617396313,-0.32925220901936458,1,0.20685625715459854
239,2000,RS,-0.63729300661521848,-0.24687706822570377,1,0.39041593838951472
239,5000,PI,-0.52337687742763195,-0.40089536808520965,1,0.1224815093424223
239,5000,Boot,-0.52332904181498618,-0.39689976460572596,1,0.12642927720926023
239,5000,RS,-0.52557199407924582,-0.39870025143359578,1,0.12687174264565004
239,10000,PI,-0.50238415968046546,-0.41660382831586878,1,0.085780331364596674
239,10000,Boot,-0.49403464984556383,-0.41507925324099948,1,0.078955396604564354
239,10000,RS,-0.4818291002503331,-0.43715888774600109,1,0.044670212504332008
240,500,PI,-0.59012316227940231,-0.072453885218050573,1,0.5176692770613518
240,500,Boot,-0.572813650541806,-0.079303723445078966,1,0.49350992709672703
240,500,RS,-0.46501527585359481,-0.19756177164385813,1,0.26745350420973668
240,1000,PI,-0.530323715898949,-0.21722950928005921,1,0.31309420661888976
240,1000,Boot,-0.52853058697185917,-0.21055995609113551,1,0.31797063088072364
240,1000,RS,-0.44424277313919225,-0.30331045203981599,0,0.14093232109937626
240,2000,PI,-0.51760392123708643,-0.3192505089876948,1,0.19835341224939163
240,2000,Boot,-0.5100759614776158,-0.32658199693796186,1,0.18349396453965394
240,2000,RS,-0.5159807879339966,-0.32087364229078463,1,0.19510714564321197
240,5000,PI,-0.46237946890049103,-0.34432538547716968,1,0.11805408342332135
240,5000,Boot,-0.45445756404022791,-0.34635546723997823,1,0.10810209680024968
240,5000,RS,-0.42661379080456213,-0.38009106357309858,0,0.046522727231463556
240,10000,PI,-0.45808867614360493,-0.37417787084660104,1,0.083910805297003899
240,10000,Boot,-0.4523788899209551,-0.37493394202027219,1,0.077444947900682903
240,10000,RS,-0.43570934326214822,-0.39655720372805775,0,0.039152139534090469
241,500,PI,-0.5709412243676848,-0.11980155654417829,1,0.45113966782350651
241,500,Boot,-0.54402978421311221,-0.16214965563774231,1,0.3818801285753699
241,500,RS,-0.45058565570040809,-0.24015712521145502,1,0.21042853048895307
241,1000,PI,-0.57113938161680944,-0.26007339751600289,1,0.31106598410080655
241,1000,Boot,-0.55012504004468177,-0.27226018400045293,1,0.27786485604422884
241,1000,RS,-0.53429743936216156,-0.29691533977065077,1,0.2373820995915108
241,2000,PI,-0.50403049634766262,-0.30133741588037694,1,0.20269308046728568
241,2000,Boot,-0.50204057321802409,-0.30630805553595081,1,0.19573251768207328
241,2000,RS,-0.43947549785063156,-0.36589241437740805,0,0.07358308347322351
241,5000,PI,-0.50087340981618533,-0.3798354138244065,1,0.12103799599177884
241,5000,Boot,-0.49937441491969026,-0.37025179733720093,1,0.12912261758248933
241,5000,RS,-0.50178376198066243,-0.37892506165992929,1,0.12285870032073315
241,10000,PI,-0.50806859384058944,-0.42365112765940471,1,0.08441746618118473
241,10000,Boot,-0.5096721171479357,-0.42334695590849741,1,0.086325161239438286
241,10000,RS,-0.52835559776900265,-0.40336412373099156,1,0.12499147403801109
242,500,PI,-0.52260036464573922,-0.091980323698637179,1,0.43062004094710205
242,500,Boot,-0.46750571481771197,-0.10626992331445601,1,0.36123579150325597
242,500,RS,-0.46036044693295097,-0.15422024141142543,1,0.30614020552152554
242,1000,PI,-0.54514110143261063,-0.26132979796326961,1,0.28381130346934103
242,1000,Boot,-0.51527756984481599,-0.26513295423535133,1,0.25014461560946466
242,1000,RS,-0.59609389778641086,-0.21037700160946937,1,0.38571689617694149
242,2000,PI,-0.51441982097889094,-0.31812470088643424,1,0.1962951200924567
242,2000,Boot,-0.50408657182261563,-0.31373162737054172,1,0.1903549444520739
242,2000,RS,-0.50416159488961121,-0.32838292697571397,1,0.17577866791389724
242,5000,PI,-0.48880091011317917,-0.36656589682462049,1,0.12223501328855868
242,5000,Boot,-0.47828951397964092,-0.35746535309763905,1,0.12082416088200187
242,5000,RS,-0.4645049029309628,-0.39086190400683685,1,0.073642998924125957
242,10000,PI,-0.49601916906861959,-0.41114708871093159,1,0.084872080357688007
242,10000,Boot,-0.48798488792437783,-0.41048515074302339,1,0.077499737181354444
242,10000,RS,-0.49804831959758372,-0.40911793818196746,1,0.088930381415616266
243,500,PI,-0.59360810589633295,-0.1587985759692859,1,0.43480952992704702
243,500,Boot,-0.55501098869187482,-0.17322175295473044,1,0.38178923573714441
243,500,RS,-0.46813612451141229,-0.28427055735420659,1,0.1838655671572057
243,1000,PI,-0.58239005284914303,-0.29655729835244787,1,0.28583275449669515
243,1000,Boot,-0.55666545687241142,-0.27557124755690876,1,0.28109420931550266
243,1000,RS,-0.547468753112204,-0.33147859808938696,1,0.21599015502281704
243,2000,PI,-0.48093832718019908,-0.28467473548994288,1,0.1962635916902562
243,2000,Boot,-0.47691680505951728,-0.26717659533804655,1,0.20974020972147073
243,2000,RS,-0.5176478034165567,-0.24796525925358526,1,0.26968254416297144
243,5000,PI,-0.53577793129535145,-0.41215740070631801,1,0.12362053058903344
243,5000,Boot,-0.53218336059808768,-0.40314615740625093,1,0.12903720319183676
243,5000,RS,-0.60242255993831861,-0.34551277206335085,1,0.25690978787496777
243,10000,PI,-0.52767163409490203,-0.44278405008149341,1,0.084887584013408623
243,10000,Boot,-0.52455443248634881,-0.43406443136281986,1,0.090490001123528951
243,10000,RS,-0.5526975834351614,-0.4177581007412341,1,0.1349394826939273
244,500,PI,-0.57756256302125264,-0.097404520558382085,1,0.48015804246287053
244,500,Boot,-0.54001210649577958,-0.10926687088775247,1,0.43074523560802713
244,500,RS,-0.44336170277337328,-0.2316053808062615,0,0.21175632196711178
244,1000,PI,-0.49430828333710025,-0.20517116954230313,1,0.28913711379479712
244,1000,Boot,-0.49305737620140955,-0.20495237212660733,1,0.28810500407480222
244,1000,RS,-0.43654344454699212,-0.26293600833241126,0,0.17360743621458086
244,2000,PI,-0.54684942537974235,-0.35029723648892885,1,0.1965521888908135
244,2000,Boot,-0.53782501709513941,-0.35146825111289776,1,0.18635676598224166
244,2000,RS,-0.62504296638224377,-0.27210369548642743,1,0.35293927089581634
244,5000,PI,-0.53734808838493775,-0.41682188189688935,1,0.1205262064880484
244,5000,Boot,-0.53647935557785376,-0.40557781795501235,1,0.1309015376228414
244,5000,RS,-0.5547326539458024,-0.39943731633602469,1,0.15529533760977771
244,10000,PI,-0.51456621038650485,-0.43012289291024253,1,0.084443317476262325
244,10000,Boot,-0.51446291607878814,-0.42494528336962534,1,0.089517632709162798
244,10000,RS,-0.49796337804568713,-0.44672572525106025,1,0.051237652794626887
245,500,PI,-0.58632739645413023,-0.149543906798213,1,0.43678348965591723
245,500,Boot,-0.57399841303200672,-0.17134719457712758,1,0.40265121845487917
245,500,RS,-0.52220660441738098,-0.21366469883496217,1,0.30854190558241879
245,1000,PI,-0.56611745835314276,-0.28834263649300784,1,0.27777482186013491
245,1000,Boot,-0.5617097079672696,-0.29988650769862013,1,0.26182320026864947
245,1000,RS,-0.52374099065303803,-0.33071910419311257,1,0.19302188645992546
245,2000,PI,-0.55953830676414718,-0.37084370136166156,1,0.18869460540248562
245,2000,Boot,-0.54881729342389574,-0.36006080297893617,1,0.18875649044495957
245,2000,RS,-0.57014453959712674,-0.36023746852868194,1,0.20990707106844481
245,5000,PI,-0.52135975940737844,-0.40145224165655108,1,0.11990751775082736
245,5000,Boot,-0.51277922605727766,-0.40539455505467498,1,0.10738467100260268
245,5000,RS,-0.49014074193826757,-0.4326712591256619,1,0.057469482812605666
245,10000,PI,-0.50307870878692795,-0.41936336796856089,1,0.083715340818367068
245,10000,Boot,-0.49567748162524805,-0.41314849713874646,1,0.082528984486501589
245,10000,RS,-0.48472443608773097,-0.43771764066775787,1,0.047006795419973102
246,500,PI,-0.70865309580595348,-0.28732109380360804,1,0.42133200200234544
246,500,Boot,-0.71278672294630763,-0.29664773667359967,1,0.41613898627270796
246,500,RS,-0.7711925007776268,-0.22478168883193467,1,0.54641081194569208
246,1000,PI,-0.57907554279601914,-0.31664091979808429,1,0.26243462299793485
246,1000,Boot,-0.59030038126575179,-0.3067436080325382,1,0.2835567732332136
246,1000,RS,-0.53743106178152167,-0.35828540081258176,1,0.17914566096893991
246,2000,PI,-0.58667514928836884,-0.39638684675951391,1,0.19028830252885492
246,2000,Boot,-0.56933230655233735,-0.40432663879634617,1,0.16500566775599118
246,2000,RS,-0.58220565474299435,-0.40085634130488851,1,0.18134931343810584
246,5000,PI,-0.49219401908045679,-0.37416878756184657,1,0.11802523151861022
246,5000,Boot,-0.4934539053780817,-0.36613327478868235,1,0.12732063058939935
246,5000,RS,-0.52900483239643403,-0.33735797424586933,1,0.1916468581505647
246,10000,PI,-0.47770672726122448,-0.39522551975106474,1,0.082481207510159749
246,10000,Boot,-0.47824666489873313,-0.38962020596757335,1,0.088626458931159779
246,10000,RS,-0.48385267808793297,-0.38907956892435624,1,0.09477310916357673
247,500,PI,-0.80424088820850015,-0.28681795399134929,1,0.5174229342171508
247,500,Boot,-0.76032848760926353,-0.34365113359209432,1,0.41667735401716921
247,500,RS,-0.59950254842487438,-0.49155629377497506,0,0.10794625464989932
247,1000,PI,-0.58203868639690481,-0.28965557296731814,1,0.29238311342958667
247,1000,Boot,-0.56369922870501021,-0.29500913555402319,1,0.26869009315098702
247,1000,RS,-0.66002760251969617,-0.21166665684452682,1,0.44836094567516938
247,2000,PI,-0.48513548248400945,-0.29572306455411895,1,0.1894124179298905
247,2000,Boot,-0.48159330615759804,-0.30188478318397582,1,0.17970852297362222
247,2000,RS,-0.50729739940076257,-0.27356114763736583,1,0.23373625176339674
247,5000,PI,-0.45604714532169122,-0.33994815579765925,1,0.11609898952403197
247,5000,Boot,-0.45595275029326798,-0.34348752171948299,1,0.11246522857378499
247,5000,RS,-0.42655695171365648,-0.36943834940569398,0,0.057118602307962507
247,10000,PI,-0.4660570756633835,-0.38338361008254895,1,0.082673465580834549
247,10000,Boot,-0.46438573983387915,-0.38223247882126005,1,0.082153261012619105
247,10000,RS,-0.49554571688423033,-0.35389496886170213,1,0.14165074802252819
248,500,PI,-0.83390907985028773,-0.34437967362414557,1,0.48952940622614216
248,500,Boot,-0.77291097230179151,-0.34029881703617282,1,0.43261215526561869
248,500,RS,-0.99790865440837107,-0.18038009906606217,1,0.81752855534230884
248,1000,PI,-0.68557191713969678,-0.39205965332751824,1,0.29351226381217854
248,1000,Boot,-0.6779658546020878,-0.34378666243362044,1,0.33417919216846736
248,1000,RS,-0.6799004142013374,-0.39773115626587768,1,0.28216925793545972
248,2000,PI,-0.59485113982642568,-0.39711933404064992,1,0.19773180578577576
248,2000,Boot,-0.59528160043022471,-0.38224395635598724,1,0.21303764407423748
248,2000,RS,-0.62441111737835575,-0.36755935648871985,1,0.25685176088963591
248,5000,PI,-0.52869470509840311,-0.4076561214668698,1,0.1210385836315333
248,5000,Boot,-0.51966250869981678,-0.39886213473093424,1,0.12080037396888255
248,5000,RS,-0.54291681246929036,-0.39343401409598255,1,0.1494827983733078
248,10000,PI,-0.49337842572946422,-0.40957715817881812,1,0.083801267550646097
248,10000,Boot,-0.48512953472834741,-0.40234947949554473,1,0.082780055232802685
248,10000,RS,-0.50009046864884288,-0.40286511525943947,1,0.097225353389403413
249,500,PI,-0.58998577500983518,-0.13631978593726407,1,0.45366598907257111
249,500,Boot,-0.56587380943248622,-0.14983609541453846,1,0.41603771401794776
249,500,RS,-0.46455179995406753,-0.26175376099303177,1,0.20279803896103576
249,1000,PI,-0.55506419348275216,-0.26106164094722095,1,0.2940025525355312
249,1000,Boot,-0.54407098312351554,-0.26513952128992035,1,0.27893146183359518
249,1000,RS,-0.48697610470501068,-0.32914972972496243,1,0.15782637498004826
249,2000,PI,-0.48619052299063914,-0.29386641843593608,1,0.19232410455470306
249,2000,Boot,-0.49039163223763443,-0.2913528806483261,1,0.19903875158930834
249,2000,RS,-0.44230712837988823,-0.337749813046687,0,0.10455731533320123
249,5000,PI,-0.50340404390435156,-0.3832754331688335,1,0.12012861073551806
249,5000,Boot,-0.50463863352520222,-0.37174170890241554,1,0.13289692462278668
249,5000,RS,-0.51320965717641087,-0.37346981989677414,1,0.13973983727963674
249,10000,PI,-0.46226130440339275,-0.38030467474803753,1,0.081956629655355218
249,10000,Boot,-0.46091047870585994,-0.37290149762521613,1,0.088008981080643811
249,10000,RS,-0.4638751654248639,-0.37869081372656638,1,0.085184351698297522
250,500,PI,-0.624605908461491,-0.18161230169371817,1,0.44299360676777283
250,500,Boot,-0.58837542074876814,-0.21362589220937633,1,0.37474952853939181
250,500,RS,-0.4768533595874363,-0.32936485056777293,1,0.14748850901966337
250,1000,PI,-0.53936170285822205,-0.25321754926712398,1,0.28614415359109807
250,1000,Boot,-0.51285029437533092,-0.23527284130216936,1,0.27757745307316156
250,1000,RS,-0.42751016806214698,-0.36506908406319899,0,0.062441083998947988
250,2000,PI,-0.51904856541020872,-0.32709668827175686,1,0.19195187713845185
250,2000,Boot,-0.51380075281584836,-0.31752924186288217,1,0.19627151095296619
250,2000,RS,-0.50477567582883376,-0.34136957785313182,1,0.16340609797570194
250,5000,PI,-0.47398986780599672,-0.35531594480288631,1,0.11867392300311042
250,5000,Boot,-0.47308305362324204,-0.34800272335104027,1,0.12508033027220178
250,5000,RS,-0.45081614991307506,-0.37848966269580797,1,0.072326487217267088
250,10000,PI,-0.47786427147646238,-0.39293382966192048,1,0.084930441814541902
250,10000,Boot,-0.4719204466264037,-0.39034537963241184,1,0.081575066993991863
250,10000,RS,-0.4692188447043753,-0.40157925643400755,1,0.067639588270367756
251,500,PI,-0.93593127379206598,-0.37483145674080065,1,0.56109981705126533
251,500,Boot,-0.85403365213301841,-0.45312045994068917,0,0.40091319219232924
251,500,RS,-0.76999429974260181,-0.54076843079026482,0,0.22922586895233699
251,1000,PI,-0.68972735932968099,-0.37147101166863339,1,0.3182563476610476
251,1000,Boot,-0.66004469346123729,-0.37877018530853268,1,0.28127450815270461
251,1000,RS,-0.74872500861037894,-0.31247336238793544,1,0.4362516462224435
251,2000,PI,-0.5888798287977367,-0.38513812514150025,1,0.20374170365623645
251,2000,Boot,-0.58828509360686509,-0.35778748931925131,1,0.23049760428761379
251,2000,RS,-0.59999199422985816,-0.37402595970937885,1,0.22596603452047931
251,5000,PI,-0.52621578090623389,-0.40245037972189196,1,0.12376540118434193
251,5000,Boot,-0.52298355100952421,-0.39585133519778953,1,0.12713221581173467
251,5000,RS,-0.5242281460959709,-0.404438014532155,1,0.1197901315638159
251,10000,PI,-0.47937404716502169,-0.39393368438323323,1,0.085440362781788459
251,10000,Boot,-0.47558660379094708,-0.39547264983942476,1,0.080113953951522321
251,10000,RS,-0.50429302774169704,-0.36901470380655793,1,0.13527832393513911
252,500,PI,-0.68877979971369674,-0.22024432116832957,1,0.46853547854536715
252,500,Boot,-0.6413142043865705,-0.24300709577453752,1,0.398307108612033
252,500,RS,-0.54660871729060401,-0.36241540359142232,1,0.18419331369918168
252,1000,PI,-0.49525445308684657,-0.22017468114181385,1,0.27507977194503275
252,1000,Boot,-0.4714558904891713,-0.21824329017765273,1,0.2532126003115186
252,1000,RS,-0.50130365400668497,-0.21412548022197544,1,0.28717817378470956
252,2000,PI,-0.56010617299033627,-0.36854438074669793,1,0.19156179224363834
252,2000,Boot,-0.55584192423004442,-0.36582946092651825,1,0.19001246330352617
252,2000,RS,-0.64324321343192592,-0.28540734030510828,1,0.35783587312681764
252,5000,PI,-0.52462280465813926,-0.40640099301398902,1,0.11822181164415024
252,5000,Boot,-0.53086110405358178,-0.38966749879853535,1,0.14119360525504643
252,5000,RS,-0.50907770790866269,-0.42194608976346559,1,0.087131618145197098
252,10000,PI,-0.51731730618119443,-0.43459464129528469,1,0.082722664885909736
252,10000,Boot,-0.51327527210726553,-0.43251249973177319,1,0.080762772375492342
252,10000,RS,-0.50915738918798015,-0.44275455828849897,1,0.06640283089948118
253,500,PI,-0.80939095301502062,-0.29557455623953854,1,0.51381639677548208
253,500,Boot,-0.74836625676300872,-0.32779512374345521,1,0.42057113301955351
253,500,RS,-0.6984433529025067,-0.40652215635205241,1,0.29192119655045429
253,1000,PI,-0.65067052073944764,-0.33865479173928104,1,0.31201572900016661
253,1000,Boot,-0.65480569114471876,-0.34752919040621399,1,0.30727650073850477
253,1000,RS,-0.64577738514608285,-0.34354792733264577,1,0.30222945781343707
253,2000,PI,-0.56989081134741137,-0.36711732018372706,1,0.20277349116368432
253,2000,Boot,-0.57352014432287546,-0.36110128207727488,1,0.21241886224560058
253,2000,RS,-0.56642733756257424,-0.37058079396856414,1,0.1958465435940101
253,5000,PI,-0.54150260517468651,-0.41806132197857865,1,0.12344128319610786
253,5000,Boot,-0.53537504946825132,-0.40398081920235251,1,0.1313942302658988
253,5000,RS,-0.53640956573580489,-0.42315436141746038,1,0.11325520431834452
253,10000,PI,-0.51069068993064715,-0.42427245853524431,1,0.086418231395402834
253,10000,Boot,-0.5069506248338016,-0.42380458970215068,1,0.083146035131650919
253,10000,RS,-0.49106999720059691,-0.44389315126529455,1,0.047176845935302358
254,500,PI,-0.75881132553997566,-0.3106542364467143,1,0.44815708909326135
254,500,Boot,-0.70240496893586801,-0.35396720473372195,1,0.34843776420214606
254,500,RS,-0.8440609823587123,-0.22540457962797766,1,0.61865640273073463
254,1000,PI,-0.63568860763499502,-0.32991207196514438,1,0.30577653566985064
254,1000,Boot,-0.62305823019478046,-0.32512119282237228,1,0.29793703737240818
254,1000,RS,-0.58942932246567747,-0.37617135713446198,1,0.21325796533121549
254,2000,PI,-0.59896716479170586,-0.39534218306815289,1,0.20362498172355298
254,2000,Boot,-0.58193800406407947,-0.37579512317414221,1,0.20614288088993726
254,2000,RS,-0.53760211086645715,-0.4567072369934016,0,0.080894873873055551
254,5000,PI,-0.5515972092143,-0.42707564577051293,1,0.12452156344378706
254,5000,Boot,-0.54246788169154114,-0.40243990509999017,1,0.14002797659155097
254,5000,RS,-0.52564101444613121,-0.45303184053868173,0,0.072609173907449476
254,10000,PI,-0.49631019456471859,-0.41044135231795642,1,0.085868842246762167
254,10000,Boot,-0.49448367258513359,-0.40801216446663885,1,0.086471508118494744
254,10000,RS,-0.53862377823539132,-0.36812776864728369,1,0.17049600958810762
255,500,PI,-0.42857206704988698,0.021438002260615485,0,0.45001006931050247
255,500,Boot,-0.4125034954286162,0.0003872979969923307,0,0.41289079342560853
255,500,RS,-0.31319591551159093,-0.093938149277680572,0,0.21925776623391036
255,1000,PI,-0.4442808190720815,-0.1669449903330211,0,0.27733582873906037
255,1000,Boot,-0.42992871770827534,-0.16595658294228369,0,0.26397213476599168
255,1000,RS,-0.48815340072804847,-0.12307240867705416,1,0.36508099205099431
255,2000,PI,-0.51501389300674338,-0.31759108043252959,1,0.19742281257421379
255,2000,Boot,-0.49908354877524885,-0.3336356392539267,1,0.16544790952132216
255,2000,RS,-0.6288012943092981,-0.20380367912997488,1,0.42499761517932322
255,5000,PI,-0.50675865983590784,-0.38641212498428634,1,0.1203465348516215
255,5000,Boot,-0.50873935931371606,-0.3900879889608454,1,0.11865137035287066
255,5000,RS,-0.53030809313383465,-0.3628626916863596,1,0.16744540144747505
255,10000,PI,-0.50062656761975155,-0.41622425171990535,1,0.084402315899846203
255,10000,Boot,-0.49294537509991077,-0.41747148176718613,1,0.07547389333272464
255,10000,RS,-0.50786355978285436,-0.4089872595568026,1,0.098876300226051761
256,500,PI,-0.53156212869445307,-0.050900595927371617,1,0.48066153276708146
256,500,Boot,-0.47842287220087787,-0.082626876791017601,1,0.39579599540986027
256,500,RS,-0.52155289439375596,-0.060909830228068729,1,0.46064306416568723
256,1000,PI,-0.48684068955036608,-0.19690000851162448,1,0.2899406810387416
256,1000,Boot,-0.45949303637473804,-0.21048361118089234,1,0.2490094251938457
256,1000,RS,-0.49782373101848576,-0.18591696704350483,1,0.31190676397498096
256,2000,PI,-0.4641532221305335,-0.2697912078145242,1,0.1943620143160093
256,2000,Boot,-0.44907272299719625,-0.27665730445144576,1,0.17241541854575049
256,2000,RS,-0.44453258653580469,-0.28941184340925302,0,0.15512074312655166
256,5000,PI,-0.46001775881871038,-0.34170455272479444,1,0.11831320609391593
256,5000,Boot,-0.45932777953350995,-0.345555732600695,1,0.11377204693281495
256,5000,RS,-0.45793041774231846,-0.34379189380118635,1,0.11413852394113211
256,10000,PI,-0.4521982880804058,-0.36951250847471778,1,0.082685779605688015
256,10000,Boot,-0.44959818721324107,-0.37138966495692571,1,0.07820852225631536
256,10000,RS,-0.4654866501650945,-0.35622414639002908,1,0.10926250377506541
257,500,PI,-0.48053293285812537,-0.037953065511995288,1,0.44257986734613008
257,500,Boot,-0.46970794502882729,-0.052740978385501014,1,0.41696696664332628
257,500,RS,-0.37135920960734525,-0.14712678876277541,0,0.22423242084456985
257,1000,PI,-0.48190008908815107,-0.18747020499722267,1,0.29442988409092841
257,1000,Boot,-0.4890559865015352,-0.18651871888395352,1,0.30253726761758171
257,1000,RS,-0.47362458154033932,-0.19574571254503442,1,0.2778788689953049
257,2000,PI,-0.49472642571851827,-0.30037433692559873,1,0.19435208879291954
257,2000,Boot,-0.5087481234938469,-0.30129606283873195,1,0.20745206065511496
257,2000,RS,-0.52183809531960135,-0.27326266732451565,1,0.2485754279950857
257,5000,PI,-0.46951382473652742,-0.34975219056784151,1,0.1197616341686859
257,5000,Boot,-0.47464384493279438,-0.34510025569671854,1,0.12954358923607584
257,5000,RS,-0.46304260570208461,-0.35622340960228432,1,0.10681919609980028
257,10000,PI,-0.46167511503528919,-0.37887361961199789,1,0.082801495423291294
257,10000,Boot,-0.46490029598827559,-0.3801886770899795,1,0.084711618898296093
257,10000,RS,-0.45336428343874791,-0.38718445120853917,1,0.066179832230208735
258,500,PI,-0.7718345688003263,-0.33084101422533907,1,0.44099355457498723
258,500,Boot,-0.74398317225698729,-0.35549378056423653,1,0.38848939169275076
258,500,RS,-0.87492468192852524,-0.22775090109714008,1,0.6471737808313851
258,1000,PI,-0.69498712059123546,-0.40798094383757366,1,0.2870061767536618
258,1000,Boot,-0.66915750467553248,-0.41541646330104964,1,0.25374104137448283
258,1000,RS,-0.66494341757156705,-0.43802464685724207,1,0.22691877071432498
258,2000,PI,-0.57858756986001403,-0.38842048246730004,1,0.19016708739271398
258,2000,Boot,-0.56969848682606328,-0.38582234739286814,1,0.18387613943319514
258,2000,RS,-0.61508125169828021,-0.35192680062903381,1,0.2631544510692464
258,5000,PI,-0.53292728979816328,-0.41334623399073517,1,0.11958105580742812
258,5000,Boot,-0.5230678639344597,-0.4121710807821925,1,0.1108967831522672
258,5000,RS,-0.52345200033141448,-0.42282152345748392,1,0.10063047687393056
258,10000,PI,-0.49551637363024575,-0.41223918027493484,1,0.083277193355310919
258,10000,Boot,-0.49165385621515301,-0.41042072605997038,1,0.081233130155182631
258,10000,RS,-0.50910514739007473,-0.39865040651510586,1,0.11045474087496887
259,500,PI,-0.71504762257711796,-0.24720051410152546,1,0.46784710847559252
259,500,Boot,-0.67151369376337033,-0.27246992411883952,1,0.39904376964453081
259,500,RS,-0.80613301439120899,-0.1561151222874344,1,0.65001789210377459
259,1000,PI,-0.6779566956616776,-0.38168048195091209,1,0.29627621371076551
259,1000,Boot,-0.66464887880067147,-0.36036146513167322,1,0.30428741366899825
259,1000,RS,-0.68147293489329597,-0.37816424271929366,1,0.3033086921740023
259,2000,PI,-0.5959075757970963,-0.39788094231226356,1,0.19802663348483274
259,2000,Boot,-0.57879735520430331,-0.39488746385126577,1,0.18390989135303754
259,2000,RS,-0.5836218162621859,-0.41016670184717396,1,0.17345511441501194
259,5000,PI,-0.50951347503479749,-0.38905074131162093,1,0.12046273372317656
259,5000,Boot,-0.50481152832801701,-0.3826680837670553,1,0.12214344456096171
259,5000,RS,-0.54146611505918596,-0.35709810128723252,1,0.18436801377195344
259,10000,PI,-0.49508182903803344,-0.41079520984964246,1,0.084286619188390977
259,10000,Boot,-0.49486110853848392,-0.41128707431671996,1,0.08357403422176396
259,10000,RS,-0.50799861863765083,-0.39787842025002507,1,0.11012019838762577
260,500,PI,-0.8779012348849301,-0.35093656325115175,1,0.52696467163377836
260,500,Boot,-0.82007691255498827,-0.35074642573044829,1,0.46933048682453998
260,500,RS,-0.69725425174902955,-0.5315835463870523,0,0.16567070536197726
260,1000,PI,-0.75803097712621181,-0.42137824611603103,1,0.33665273101018078
260,1000,Boot,-0.74434319400055848,-0.42181000142778691,1,0.32253319257277158
260,1000,RS,-0.76818759348610477,-0.41122162975613807,1,0.3569659637299667
260,2000,PI,-0.62538554106139033,-0.41348114033981548,1,0.21190440072157485
260,2000,Boot,-0.63604354664502261,-0.41468534558410203,1,0.22135820106092058
260,2000,RS,-0.66103201997723415,-0.37783466142397154,1,0.28319735855326261
260,5000,PI,-0.52710355200021852,-0.40498566105928535,1,0.12211789094093317
260,5000,Boot,-0.52541620630943453,-0.41195357773474722,1,0.11346262857468731
260,5000,RS,-0.56116615019548632,-0.37092306286401755,1,0.19024308733146877
260,10000,PI,-0.50886256682783482,-0.42486200294616533,1,0.084000563881669488
260,10000,Boot,-0.50731484772063651,-0.42849887211573823,1,0.078815975604898281
260,10000,RS,-0.50929523498996265,-0.42442933478403738,1,0.084865900205925271
261,500,PI,-0.69729358521846674,-0.2055865835886185,1,0.49170700162984826
261,500,Boot,-0.65666306534470342,-0.20591527282902755,1,0.45074779251567587
261,500,RS,-0.5072733166266451,-0.39560685218044012,1,0.11166646444620498
261,1000,PI,-0.64049959477081309,-0.34537945061321818,1,0.29512014415759491
261,1000,Boot,-0.6355860127621431,-0.33613389530301097,1,0.29945211745913214
261,1000,RS,-0.54454766121441067,-0.44133138416962059,1,0.10321627704479008
261,2000,PI,-0.57404130409263565,-0.37131545041234726,1,0.20272585368028839
261,2000,Boot,-0.56534064883808632,-0.36844423996952114,1,0.19689640886856519
261,2000,RS,-0.5730743750174272,-0.37228237948755571,1,0.20079199552987148
261,5000,PI,-0.50746250583678953,-0.38793997308222217,1,0.11952253275456737
261,5000,Boot,-0.50196508305821097,-0.39226637961461469,1,0.10969870344359628
261,5000,RS,-0.50525047672645407,-0.39015200219255763,1,0.11509847453389643
261,10000,PI,-0.50295757275820885,-0.41929059452564921,1,0.083666978232559641
261,10000,Boot,-0.50254015684368247,-0.42077491582333587,1,0.081765241020346602
261,10000,RS,-0.48505643134999848,-0.43719173593385957,1,0.047864695416138914
262,500,PI,-0.54574559221556596,-0.10154833806177488,1,0.44419725415379108
262,500,Boot,-0.52957008595995836,-0.11015904638139576,1,0.41941103957856263
262,500,RS,-0.46648843608181945,-0.18080549419552139,1,0.28568294188629806
262,1000,PI,-0.57389121871860926,-0.28524458218135063,1,0.28864663653725864
262,1000,Boot,-0.53764978790641393,-0.27967650495555008,1,0.25797328295086386
262,1000,RS,-0.64638465796940214,-0.21275114293055769,1,0.43363351503884445
262,2000,PI,-0.58611685077147835,-0.39410450197074165,1,0.1920123488007367
262,2000,Boot,-0.57802180595306396,-0.39342691210576325,1,0.18459489384730071
262,2000,RS,-0.64312526483781907,-0.33709608790440093,1,0.30602917693341813
262,5000,PI,-0.55893971470103498,-0.44066693471051716,1,0.11827277999051783
262,5000,Boot,-0.55646606403464538,-0.44271436202371289,1,0.11375170201093249
262,5000,RS,-0.54635977578081951,-0.45324687363073268,0,0.093112902150086829
262,10000,PI,-0.51185689213669361,-0.42874293161326987,1,0.083113960523423736
262,10000,Boot,-0.50778185160888478,-0.43171847187767476,1,0.076063379731210023
262,10000,RS,-0.5243434401080127,-0.41625638364195072,1,0.10808705646606198
263,500,PI,-0.88152537992326319,-0.29268404392080605,1,0.58884133600245714
263,500,Boot,-0.84183184321283955,-0.32763149644899664,1,0.51420034676384296
263,500,RS,-0.82831371212943838,-0.3458957117146309,1,0.48241800041480748
263,1000,PI,-0.68764680155242652,-0.37140743296427259,1,0.31623936858815394
263,1000,Boot,-0.65678930384387479,-0.36116665190482333,1,0.29562265193905146
263,1000,RS,-0.64039763971947483,-0.41865659479722422,1,0.22174104492225061
263,2000,PI,-0.6809082275010605,-0.46995315739139998,0,0.21095507010966053
263,2000,Boot,-0.66634223990394759,-0.45402169561452232,0,0.21232054428942526
263,2000,RS,-0.67156375083972686,-0.47929763405273362,0,0.19226611678699324
263,5000,PI,-0.54502987296622751,-0.42184860931381046,1,0.12318126365241705
263,5000,Boot,-0.53200546219715472,-0.41792158929161871,1,0.11408387290553601
263,5000,RS,-0.59338469424988083,-0.37349378803015709,1,0.21989090621972374
263,10000,PI,-0.51105033266540956,-0.4261639487079058,1,0.084886383957503753
263,10000,Boot,-0.50400791108217291,-0.42621981715069246,1,0.077788093931480451
263,10000,RS,-0.52400400781605239,-0.41321027355726303,1,0.11079373425878936
264,500,PI,-0.61306145134519752,-0.1712485961625117,1,0.44181285518268582
264,500,Boot,-0.59835495773216385,-0.18471064941165638,1,0.41364430832050747
264,500,RS,-0.45517777867866605,-0.32913226882904312,1,0.12604550984962293
264,1000,PI,-0.52456473759551003,-0.21676115190771034,1,0.3078035856877997
264,1000,Boot,-0.52541025257984753,-0.20313626012336344,1,0.32227399245648408
264,1000,RS,-0.40991825639432866,-0.33140763310889176,0,0.078510623285436898
264,2000,PI,-0.50436166943932637,-0.30737114601667626,1,0.19699052342265011
264,2000,Boot,-0.51571927004101226,-0.29771655699269528,1,0.21800271304831698
264,2000,RS,-0.47247596544279669,-0.33925685001320594,1,0.13321911542959075
264,5000,PI,-0.52035961561142408,-0.40020868192314796,1,0.12015093368827612
264,5000,Boot,-0.53087437655376468,-0.40319200498290153,1,0.12768237157086315
264,5000,RS,-0.5397986440493403,-0.38076965348523173,1,0.15902899056410857
264,10000,PI,-0.49410164869286499,-0.41039231916176477,1,0.083709329531100218
264,10000,Boot,-0.49761951016374983,-0.40603006349908854,1,0.091589446664661289
264,10000,RS,-0.48486138982374682,-0.41963257803088294,1,0.065228811792863883
265,500,PI,-0.48236764812416755,0.001635571123885432,1,0.48400321924805301
265,500,Boot,-0.4347892722023623,-0.022464012848935289,0,0.41232525935342701
265,500,RS,-0.297933448472395,-0.18279862852788709,0,0.11513481994450792
265,1000,PI,-0.49776107541586878,-0.19153569753255242,1,0.30622537788331639
265,1000,Boot,-0.45614195237327942,-0.2061233301458853,1,0.25001862222739413
265,1000,RS,-0.52612939436796924,-0.16316737858045188,1,0.36296201578751736
265,2000,PI,-0.47079179798420817,-0.26393898859056214,1,0.20685280939364603
265,2000,Boot,-0.45065588398669959,-0.26447213897603172,1,0.18618374501066787
265,2000,RS,-0.44410391867487603,-0.29062686789989428,0,0.15347705077498175
265,5000,PI,-0.4991281757153031,-0.37682604738490177,1,0.12230212833040133
265,5000,Boot,-0.490164367974745,-0.36878863971550147,1,0.12137572825924353
265,5000,RS,-0.55323006130161301,-0.32272416179859187,1,0.23050589950302114
265,10000,PI,-0.49176958932201353,-0.4071144839781401,1,0.084655105343873438
265,10000,Boot,-0.49668369053693479,-0.40033869326855182,1,0.09634499726838297
265,10000,RS,-0.5232618386451714,-0.37562223465498223,1,0.14763960399018916
266,500,PI,-0.54956554067309549,-0.087612930553642332,1,0.46195261011945316
266,500,Boot,-0.54457864687248925,-0.099475613362366461,1,0.44510303351012281
266,500,RS,-0.453186727707107,-0.18399174351963077,1,0.26919498418747623
266,1000,PI,-0.51361358147491187,-0.22118745509897125,1,0.29242612637594062
266,1000,Boot,-0.49053851432201639,-0.21943373499264596,1,0.27110477932937044
266,1000,RS,-0.46979300674679325,-0.26500802982708982,1,0.20478497691970343
266,2000,PI,-0.52528810000700976,-0.32900315156046012,1,0.19628494844654965
266,2000,Boot,-0.51918625608568536,-0.34245524066643168,1,0.17673101541925368
266,2000,RS,-0.57301993846713994,-0.28127131310032999,1,0.29174862536680995
266,5000,PI,-0.51952142331044782,-0.3962508731611199,1,0.12327055014932792
266,5000,Boot,-0.50805340962693513,-0.39251206820543666,1,0.11554134142149847
266,5000,RS,-0.52117881447930459,-0.39459348199226318,1,0.1265853324870414
266,10000,PI,-0.49143554673637913,-0.40724884442367715,1,0.084186702312701978
266,10000,Boot,-0.48887996232296521,-0.40789086648125905,1,0.08098909584170616
266,10000,RS,-0.47863296418717949,-0.42005142697287678,1,0.058581537214302704
267,500,PI,-0.62192028469004579,-0.17332366086641368,1,0.44859662382363208
267,500,Boot,-0.63530512991615562,-0.1881914541257878,1,0.44711367579036781
267,500,RS,-0.62695386552198851,-0.16829008003447099,1,0.45866378548751752
267,1000,PI,-0.59892782548557666,-0.31412148619884339,1,0.28480633928673327
267,1000,Boot,-0.62028533887637183,-0.3071849094450686,1,0.31310042943130323
267,1000,RS,-0.6299765164719423,-0.28307279521247775,1,0.34690372125946456
267,2000,PI,-0.55481598595797177,-0.35830053308962301,1,0.19651545286834876
267,2000,Boot,-0.5512839192783503,-0.34639250466380112,1,0.20489141461454918
267,2000,RS,-0.50911871097636952,-0.40399780807122515,1,0.10512090290514436
267,5000,PI,-0.5186446627925968,-0.39688869528522602,1,0.12175596750737078
267,5000,Boot,-0.51901222160964566,-0.39692213330856807,1,0.12209008830107759
267,5000,RS,-0.4988285079223187,-0.41670485015550407,1,0.082123657766814628
267,10000,PI,-0.52105991650705674,-0.43443996264697504,1,0.0866199538600817
267,10000,Boot,-0.52353670118849116,-0.43887163853027872,1,0.084665062658212442
267,10000,RS,-0.52099664364328058,-0.43450323551075121,1,0.08649340813252937
268,500,PI,-0.42489767561850744,0.087549465889777744,0,0.51244714150828519
268,500,Boot,-0.40113200611421551,0.083302286169485984,0,0.4844342922837015
268,500,RS,-0.28298917232194959,-0.054359037406780109,0,0.22863013491516948
268,1000,PI,-0.42322990220052109,-0.11872772059392928,0,0.30450218160659182
268,1000,Boot,-0.42349874226088491,-0.13086546046518585,0,0.29263328179569903
268,1000,RS,-0.45068248224449881,-0.091275140549951533,1,0.35940734169454724
268,2000,PI,-0.41467429935723898,-0.2162273490777511,0,0.19844695027948789
268,2000,Boot,-0.4137293987327143,-0.22135048637609633,0,0.19237891235661797
268,2000,RS,-0.44735322592755955,-0.1835484225074305,1,0.26380480342012902
268,5000,PI,-0.44977858399330856,-0.32975046717906148,1,0.12002811681424708
268,5000,Boot,-0.44349251531052719,-0.32432794113778451,0,0.11916457417274268
268,5000,RS,-0.52758546757891056,-0.25194358359345947,1,0.27564188398545109
268,10000,PI,-0.45810420750389191,-0.37352666023201286,1,0.08457754727187905
268,10000,Boot,-0.45470812169479452,-0.37440085711137239,1,0.080307264583422133
268,10000,RS,-0.5090261211698428,-0.32260474656606197,1,0.18642137460378083
269,500,PI,-0.76646555742957156,-0.23564951311750115,1,0.53081604431207041
269,500,Boot,-0.75745427229435225,-0.2343787157200401,1,0.52307555657431215
269,500,RS,-0.62136114193638436,-0.38075392861068835,1,0.24060721332569601
269,1000,PI,-0.5842378341214941,-0.27822871887354816,1,0.30600911524794594
269,1000,Boot,-0.58121183692038136,-0.21831091969509367,1,0.36290091722528772
269,1000,RS,-0.54512667891190214,-0.31733987408314013,1,0.22778680482876201
269,2000,PI,-0.51541013176094885,-0.31545695877239643,1,0.19995317298855242
269,2000,Boot,-0.51942440971933845,-0.29587919829149656,1,0.22354521142784189
269,2000,RS,-0.46698511589693104,-0.36388197463641425,1,0.10310314126051678
269,5000,PI,-0.49758096676967467,-0.3786035598007863,1,0.11897740696888837
269,5000,Boot,-0.49707042827359404,-0.38077857791742192,1,0.11629185035617212
269,5000,RS,-0.47368656760838729,-0.40249795896207369,1,0.0711886086463136
269,10000,PI,-0.4785069114652209,-0.39438135825840454,1,0.084125553206816361
269,10000,Boot,-0.47653647677390359,-0.39361177733453179,1,0.082924699439371807
269,10000,RS,-0.4527247863396236,-0.42016348338400183,1,0.032561302955621763
270,500,PI,-0.40020638502817119,0.015847604890916328,0,0.41605398991908749
270,500,Boot,-0.3707790205358692,0.036727917799492082,0,0.40750693833536128
270,500,RS,-0.37795520623881151,-0.0064035738984433432,0,0.37155163234036814
270,1000,PI,-0.47269092764309939,-0.19545904224022126,1,0.27723188540287813
270,1000,Boot,-0.48024548514345089,-0.18367611734208755,1,0.29656936780136334
270,1000,RS,-0.57718500250278648,-0.090964967380534195,1,0.48622003512225231
270,2000,PI,-0.47090629701086312,-0.28506455031446115,1,0.18584174669640197
270,2000,Boot,-0.47280028712938993,-0.27528765836756186,1,0.19751262876182807
270,2000,RS,-0.50664178102741575,-0.24932906629790852,1,0.25731271472950723
270,5000,PI,-0.48841387142148462,-0.37120788599670662,1,0.117205985424778
270,5000,Boot,-0.4878056221779003,-0.36999683042368525,1,0.11780879175421505
270,5000,RS,-0.54088189939587661,-0.31873985802231464,1,0.22214204137356197
270,10000,PI,-0.48444852437381192,-0.4017085625432304,1,0.082739961830581521
270,10000,Boot,-0.47831360073812934,-0.39486765143809216,1,0.083445949300037181
270,10000,RS,-0.49952196202723903,-0.38663512488980328,1,0.11288683713743575
271,500,PI,-0.56418670488402145,-0.096352335374906062,1,0.46783436950911539
271,500,Boot,-0.52724851917857762,-0.12598729352546487,1,0.40126122565311273
271,500,RS,-0.59158689668022868,-0.068952143578698888,1,0.52263475310152985
271,1000,PI,-0.6414496839753433,-0.33160125505635285,1,0.30984842891899045
271,1000,Boot,-0.61497379289470322,-0.32540299625491731,1,0.28957079663978591
271,1000,RS,-0.78021281586397184,-0.19283812316772425,1,0.58737469269624754
271,2000,PI,-0.53620714039593875,-0.33760748498461085,1,0.1985996554113279
271,2000,Boot,-0.52824947679473755,-0.3325960550021691,1,0.19565342179256845
271,2000,RS,-0.58240989737529714,-0.29140472800525252,1,0.29100516937004461
271,5000,PI,-0.46614662681611002,-0.34893065417072139,1,0.11721597264538863
271,5000,Boot,-0.46405702358171796,-0.33906084463146646,1,0.1249961789502515
271,5000,RS,-0.46869714998782824,-0.34638013099900317,1,0.12231701898882508
271,10000,PI,-0.45026946000426527,-0.36711429069474422,1,0.083155169309521049
271,10000,Boot,-0.45330833418304561,-0.36812512179507734,1,0.085183212387968277
271,10000,RS,-0.43126916144966304,-0.38611458924934644,0,0.045154572200316601
272,500,PI,-0.72235224358792904,-0.28510173239372616,1,0.43725051119420288
272,500,Boot,-0.687769674752293,-0.25650286476510709,1,0.43126680998718592
272,500,RS,-0.59419037342605407,-0.41326360255560107,1,0.180926770870453
272,1000,PI,-0.60154801046611228,-0.31764290989390165,1,0.28390510057221063
272,1000,Boot,-0.58347202341978188,-0.33199129972667757,1,0.25148072369310431
272,1000,RS,-0.53119289771059375,-0.38799802264942024,1,0.14319487506117351
272,2000,PI,-0.5416888997460575,-0.34726698902175668,1,0.19442191072430082
272,2000,Boot,-0.52974090542437668,-0.34702587246209882,1,0.18271503296227787
272,2000,RS,-0.51219562681337349,-0.37676026195444062,1,0.13543536485893287
272,5000,PI,-0.52051424284503667,-0.40176142481327959,1,0.11875281803175708
272,5000,Boot,-0.51603596738773783,-0.40315873038374933,1,0.1128772370039885
272,5000,RS,-0.48692382451381711,-0.43535184314449915,1,0.051571981369317954
272,10000,PI,-0.49921588197155775,-0.41516637434047376,1,0.084049507631083986
272,10000,Boot,-0.4966569736925544,-0.41934634392245418,1,0.077310629770100225
272,10000,RS,-0.47585141178598983,-0.43853084452604169,1,0.037320567259948145
273,500,PI,-0.6641801284432125,-0.19308323025199975,1,0.47109689819121275
273,500,Boot,-0.60984065174028756,-0.16574552538775911,1,0.44409512635252846
273,500,RS,-0.73023768319444393,-0.12702567550076826,1,0.60321200769367567
273,1000,PI,-0.53179064957221112,-0.25037014157176701,1,0.2814205080004441
273,1000,Boot,-0.53224998938080004,-0.24798822082737296,1,0.28426176855342711
273,1000,RS,-0.50563397214181405,-0.27652681900216414,1,0.22910715313964991
273,2000,PI,-0.55950688941653626,-0.36299285021209349,1,0.19651403920444277
273,2000,Boot,-0.56072380220671714,-0.36856091305017064,1,0.1921628891565465
273,2000,RS,-0.59548189913867688,-0.32701784048995286,1,0.26846405864872402
273,5000,PI,-0.55857476414349538,-0.43644456538097098,1,0.1221301987625244
273,5000,Boot,-0.55141407177688717,-0.42835940534533268,1,0.12305466643155449
273,5000,RS,-0.57060425187232555,-0.42441507765214082,1,0.14618917422018474
273,10000,PI,-0.51828597045055846,-0.43244429387578398,1,0.085841676574774484
273,10000,Boot,-0.51414578836513902,-0.43142954199996919,1,0.082716246365169832
273,10000,RS,-0.53784656575692025,-0.4128836985694222,1,0.12496286718749805
274,500,PI,-0.834458439147029,-0.40314035271417004,1,0.43131808643285896
274,500,Boot,-0.81213148660794487,-0.39574807019387354,1,0.41638341641407134
274,500,RS,-0.67453563180823628,-0.56306316005296275,0,0.11147247175527353
274,1000,PI,-0.63187791493746115,-0.34432459011665933,1,0.28755332482080181
274,1000,Boot,-0.62098185078773638,-0.33672387793942393,1,0.28425797284831245
274,1000,RS,-0.71151391337845071,-0.26468859167566977,1,0.44682532170278094
274,2000,PI,-0.5722463473826479,-0.37598316356449235,1,0.19626318381815555
274,2000,Boot,-0.57466707244518456,-0.36531478786502863,1,0.20935228458015592
274,2000,RS,-0.55908958636079209,-0.38913992458634816,1,0.16994966177444393
274,5000,PI,-0.55017831725723021,-0.42983643572434599,1,0.12034188153288422
274,5000,Boot,-0.53660691652153347,-0.42407527407070977,1,0.1125316424508237
274,5000,RS,-0.52186060666170375,-0.45815414631987245,0,0.063706460341831306
274,10000,PI,-0.53240742121168494,-0.44715577724954492,1,0.085251643962140022
274,10000,Boot,-0.52734793516153988,-0.44012101564586092,1,0.087226919515678958
274,10000,RS,-0.50558090275019829,-0.47398229571103156,0,0.031598607039166726
275,500,PI,-0.763607062509992,-0.28785035762262096,1,0.47575670488737104
275,500,Boot,-0.71696022035214535,-0.29355610939656357,1,0.42340411095558178
275,500,RS,-0.63395378328283336,-0.41750363684977965,1,0.21645014643305371
275,1000,PI,-0.56243694691979462,-0.26557393410642771,1,0.29686301281336691
275,1000,Boot,-0.55573058057618629,-0.25168161787009791,1,0.30404896270608839
275,1000,RS,-0.59359051514615058,-0.23442036588007178,1,0.35917014926607882
275,2000,PI,-0.42783281599478395,-0.23706417188401571,0,0.19076864411076824
275,2000,Boot,-0.42603997021972723,-0.21060407926374802,0,0.2154358909559792
275,2000,RS,-0.51963976417161561,-0.14525722370718405,1,0.37438254046443153
275,5000,PI,-0.47702803656404086,-0.35898033413980041,1,0.11804770242424045
275,5000,Boot,-0.47668100712537859,-0.35743197354034328,1,0.1192490335850353
275,5000,RS,-0.5776121762836397,-0.25839619442020162,1,0.31921598186343808
275,10000,PI,-0.50558628939231109,-0.42287006899588114,1,0.082716220396429951
275,10000,Boot,-0.49933032411262795,-0.42323777025484444,1,0.076092553857783518
275,10000,RS,-0.5820173061937608,-0.34643905219443144,1,0.23557825399932936
276,500,PI,-0.84542302240692935,-0.31794342787383323,1,0.52747959453309612
276,500,Boot,-0.76890699840263721,-0.3491962007083188,1,0.4197107976943184
276,500,RS,-0.70331488694902211,-0.46005156333174047,0,0.24326332361728165
276,1000,PI,-0.61837826111489402,-0.31002619976820178,1,0.30835206134669224
276,1000,Boot,-0.59837180404919099,-0.28783633088613747,1,0.31053547316305352
276,1000,RS,-0.65014041326577088,-0.27826404761732498,1,0.37187636564844589
276,2000,PI,-0.58085892398921857,-0.3745848397719862,1,0.20627408421723237
276,2000,Boot,-0.58066270697352629,-0.37423038602751479,1,0.20643232094601149
276,2000,RS,-0.53334946122024263,-0.4220943025409622,1,0.11125515867928043
276,5000,PI,-0.4894346250442197,-0.36464178500279348,1,0.12479284004142621
276,5000,Boot,-0.4880399665466485,-0.36402620459544116,1,0.12401376195120734
276,5000,RS,-0.49810357177905185,-0.35597283826796133,1,0.14213073351109051
276,10000,PI,-0.49856576200938724,-0.41217077606566638,1,0.086394985943720859
276,10000,Boot,-0.49677005054507317,-0.41123397346614754,1,0.085536077078925632
276,10000,RS,-0.50646784419462776,-0.40426869388042586,1,0.1021991503142019
277,500,PI,-0.80920679085097347,-0.37263899951064605,1,0.43656779134032742
277,500,Boot,-0.81804601830714019,-0.32517053779276839,1,0.4928754805143718
277,500,RS,-0.66257272344860629,-0.51927306691301323,0,0.14329965653559307
277,1000,PI,-0.73727401027980299,-0.44710706620272961,1,0.29016694407707339
277,1000,Boot,-0.7317000903446822,-0.43924884843511269,1,0.2924512419095695
277,1000,RS,-0.60986955932625564,-0.57451151715627702,0,0.035358042169978621
277,2000,PI,-0.66638846453433076,-0.46290944499938358,0,0.20347901953494718
277,2000,Boot,-0.6534630399913387,-0.45089669941312005,0,0.20256634057821865
277,2000,RS,-0.64906579473298842,-0.48023211480072592,0,0.1688336799322625
277,5000,PI,-0.57699782436274749,-0.45515084958591617,0,0.12184697477683132
277,5000,Boot,-0.57529393205820623,-0.44725645439734507,0,0.12803747766086115
277,5000,RS,-0.59877714425438322,-0.43337152969428039,1,0.16540561456010283
277,10000,PI,-0.54494598872621736,-0.45950909054949934,0,0.085436898176718012
277,10000,Boot,-0.54452727114086685,-0.45944730703952819,0,0.085079964101338668
277,10000,RS,-0.56477671782708638,-0.43967836144863043,1,0.12509835637845595
278,500,PI,-0.6163015949068642,-0.14304907145738469,1,0.47325252344947955
278,500,Boot,-0.59474978030722292,-0.13520029231012715,1,0.45954948799709577
278,500,RS,-0.56018172344492112,-0.1991689429193278,1,0.36101278052559332
278,1000,PI,-0.64596549604692277,-0.34275877637285884,1,0.30320671967406393
278,1000,Boot,-0.63385281610841693,-0.34577993744194047,1,0.28807287866647646
278,1000,RS,-0.70696733019907831,-0.28175694222070324,1,0.42521038797837507
278,2000,PI,-0.5808991592829057,-0.38534645147255353,1,0.19555270781035217
278,2000,Boot,-0.56695730837607461,-0.36214741966243169,1,0.20480988871364292
278,2000,RS,-0.55029531385612274,-0.41595029689933649,1,0.13434501695678625
278,5000,PI,-0.56360764359087068,-0.44362067832623675,1,0.11998696526463393
278,5000,Boot,-0.55578198654185385,-0.43571525039334852,1,0.12006673614850533
278,5000,RS,-0.55409714541384369,-0.45313117650326379,0,0.10096596891057991
278,10000,PI,-0.52038722814048954,-0.43630004544610479,1,0.084087182694384754
278,10000,Boot,-0.51529874051974789,-0.43739578582663363,1,0.077902954693114257
278,10000,RS,-0.52951018511539627,-0.42717708847119806,1,0.10233309664419821
279,500,PI,-0.64420935687597858,-0.12407582059545902,1,0.5201335362805195
279,500,Boot,-0.55825631745408111,-0.12907027835407092,1,0.42918603910001019
279,500,RS,-0.5761550969280127,-0.19213008054342484,1,0.38402501638458786
279,1000,PI,-0.5788972824264913,-0.26844099380128839,1,0.31045628862520291
279,1000,Boot,-0.57291450419603995,-0.26032332044827122,1,0.31259118374776873
279,1000,RS,-0.49886642213409021,-0.34847185409368947,1,0.15039456804040074
279,2000,PI,-0.56475758502009132,-0.35856311742323366,1,0.20619446759685767
279,2000,Boot,-0.55710427371133886,-0.35254207461908538,1,0.20456219909225348
279,2000,RS,-0.56989537813252023,-0.35342532431080476,1,0.21647005382171547
279,5000,PI,-0.49976583801295904,-0.37880072273088716,1,0.12096511528207188
279,5000,Boot,-0.50178740423794788,-0.37114263630329913,1,0.13064476793464874
279,5000,RS,-0.48214634717156146,-0.39642021357228474,1,0.085726133599276721
279,10000,PI,-0.50018610011008313,-0.41729194621011823,1,0.082894153899964906
279,10000,Boot,-0.49561669563671557,-0.40798035208739758,1,0.087636343549317985
279,10000,RS,-0.52512136156453471,-0.3923566847556666,1,0.13276467680886811
280,500,PI,-0.76957955626669461,-0.23396239568950461,1,0.53561716057719
280,500,Boot,-0.71836980594151589,-0.28538044981609151,1,0.43298935612542439
280,500,RS,-0.69106254482655149,-0.31247940712964767,1,0.37858313769690383
280,1000,PI,-0.57305418436062405,-0.25014230398941784,1,0.32291188037120622
280,1000,Boot,-0.55672246924074065,-0.2386356689976995,1,0.31808680024304115
280,1000,RS,-0.61577489541674746,-0.20742159293329446,1,0.40835330248345303
280,2000,PI,-0.50422590359729469,-0.30399100711292693,1,0.20023489648436776
280,2000,Boot,-0.5076579929998325,-0.28804469996175597,1,0.21961329303807653
280,2000,RS,-0.47542956019812621,-0.3327873505120954,1,0.14264220968603081
280,5000,PI,-0.49601822779401117,-0.37332764616176428,1,0.12269058163224689
280,5000,Boot,-0.48666963442431332,-0.36913863453282275,1,0.11753099989149057
280,5000,RS,-0.47446494431723352,-0.39488092963854193,1,0.079584014678691584
280,10000,PI,-0.47454604121022687,-0.38968134269128957,1,0.084864698518937298
280,10000,Boot,-0.47190598866321248,-0.38703916971705138,1,0.084866818946161104
280,10000,RS,-0.47782937794126512,-0.38639800596025131,1,0.091431371981013809
281,500,PI,-0.86521037987882488,-0.37102870963893797,1,0.49418167023988691
281,500,Boot,-0.8134541453778964,-0.33647277203328685,1,0.47698137334460955
281,500,RS,-0.68977390719204568,-0.54646518232571717,0,0.14330872486632851
281,1000,PI,-0.68955066271517795,-0.3802928388294855,1,0.30925782388569245
281,1000,Boot,-0.65096228394959366,-0.36150835324027664,1,0.28945393070931702
281,1000,RS,-0.71956860378858778,-0.35027489775607568,1,0.3692937060325121
281,2000,PI,-0.54087764508625236,-0.3429442012540268,1,0.19793344383222555
281,2000,Boot,-0.5258310355944722,-0.33233572658994442,1,0.19349530900452777
281,2000,RS,-0.65186428568408772,-0.23195756065619139,1,0.41990672502789633
281,5000,PI,-0.47806845841658718,-0.35978948072735584,1,0.11827897768923135
281,5000,Boot,-0.46485342663007112,-0.34554994619551721,1,0.11930348043455391
281,5000,RS,-0.48856641860376027,-0.34929152054018275,1,0.13927489806357751
281,10000,PI,-0.47693923255877552,-0.39405112912344425,1,0.082888103435331262
281,10000,Boot,-0.47006794754341219,-0.3889347848118212,1,0.081133162731590991
281,10000,RS,-0.48169545522135443,-0.38929490646086534,1,0.092400548760489087
282,500,PI,-0.78243141497243607,-0.29517584759879817,1,0.4872555673736379
282,500,Boot,-0.74264656957063324,-0.3006283420654518,1,0.44201822750518144
282,500,RS,-0.81041375046642683,-0.26719351210480752,1,0.54322023836161937
282,1000,PI,-0.63421261573199805,-0.33122887155225,1,0.30298374417974805
282,1000,Boot,-0.63015356442312265,-0.30850135666375433,1,0.32165220775936831
282,1000,RS,-0.59272544337531974,-0.37271604390892837,1,0.22000939946639136
282,2000,PI,-0.59257932742049313,-0.38691396008609236,1,0.20566536733440077
282,2000,Boot,-0.58031323248834354,-0.38014943896769715,1,0.20016379352064639
282,2000,RS,-0.59953084719298577,-0.37996244031359971,1,0.21956840687938606
282,5000,PI,-0.52928456605007035,-0.40494595788566573,1,0.12433860816440462
282,5000,Boot,-0.53208167383888194,-0.40202497541633653,1,0.13005669842254541
282,5000,RS,-0.5196274460676269,-0.41460307786810913,1,0.10502436819951777
282,10000,PI,-0.46211494513015211,-0.37813430690375899,1,0.083980638226393123
282,10000,Boot,-0.4560487385902432,-0.3730983208110657,1,0.082950417779177499
282,10000,RS,-0.50639260909550265,-0.33385664293840839,1,0.17253596615709427
283,500,PI,-0.70815234952017037,-0.23968995648909661,1,0.46846239303107373
283,500,Boot,-0.67197204308326819,-0.26634640612146732,1,0.40562563696180087
283,500,RS,-0.56473972110601012,-0.38310258490325688,1,0.18163713620275324
283,1000,PI,-0.60520928485958292,-0.307147510322964,1,0.29806177453661892
283,1000,Boot,-0.62396422834793031,-0.31254381603909642,1,0.31142041230883388
283,1000,RS,-0.56827908056508369,-0.34407771461746328,1,0.22420136594762041
283,2000,PI,-0.51487736351532454,-0.32363416144844526,1,0.19124320206687928
283,2000,Boot,-0.52646725803994532,-0.30382769023421802,1,0.2226395678057273
283,2000,RS,-0.50372764126882752,-0.33478388369494227,1,0.16894375757388524
283,5000,PI,-0.52412451889560185,-0.40636675857662996,1,0.11775776031897189
283,5000,Boot,-0.52356556645272712,-0.40641822464342381,1,0.11714734180930331
283,5000,RS,-0.56805245171802432,-0.36243882575420744,1,0.20561362596381688
283,10000,PI,-0.53312054394463571,-0.44923305687980586,0,0.083887487064829847
283,10000,Boot,-0.53256668582068722,-0.45099969285724373,0,0.081566992963443496
283,10000,RS,-0.56320615033466659,-0.41914745048977498,1,0.14405869984489161
284,500,PI,-0.39231882350754377,0.077118450126987176,0,0.46943727363453092
284,500,Boot,-0.34694214164375176,0.045390465569105087,0,0.39233260721285684
284,500,RS,-0.38029938167960153,0.065099008299044941,0,0.44539838997864645
284,1000,PI,-0.58374785455731115,-0.282722929936851,1,0.30102492462046015
284,1000,Boot,-0.56989440482858023,-0.28547521820324862,1,0.28441918662533161
284,1000,RS,-0.88735793688646225,0.020887152392300101,1,0.90824508927876235
284,2000,PI,-0.51334764587464743,-0.31689061700834104,1,0.19645702886630639
284,2000,Boot,-0.50128861007010095,-0.31559250314609982,1,0.18569610692400113
284,2000,RS,-0.56142067526977324,-0.26881758761321534,1,0.2926030876565579
284,5000,PI,-0.51728841759503075,-0.39514226158826038,1,0.12214615600677037
284,5000,Boot,-0.52187209685642721,-0.38526790459044913,1,0.13660419226597809
284,5000,RS,-0.53209146394571594,-0.38033921523757519,1,0.15175224870814075
284,10000,PI,-0.49505555252736788,-0.41055475068357095,1,0.084500801843796935
284,10000,Boot,-0.49311207429269072,-0.40641426525978069,1,0.086697809032910023
284,10000,RS,-0.48496278622129951,-0.42064751698963931,1,0.064315269231660199
285,500,PI,-0.58988975336966631,-0.14029100628430946,1,0.44959874708535685
285,500,Boot,-0.59830282039953531,-0.17330212433928591,1,0.42500069606024937
285,500,RS,-0.46747932907224166,-0.26270143058173412,1,0.20477789849050754
285,1000,PI,-0.55947253628599247,-0.26575745140208606,1,0.29371508488390641
285,1000,Boot,-0.53475843627249309,-0.2746197497688132,1,0.26013868650367988
285,1000,RS,-0.48210287390995621,-0.34312711377812233,1,0.13897576013183388
285,2000,PI,-0.54925345084838884,-0.34957012896736567,1,0.19968332188102317
285,2000,Boot,-0.53501883847607967,-0.35775685442828198,1,0.17726198404779769
285,2000,RS,-0.52958484595370314,-0.36923873386205147,1,0.16034611209165167
285,5000,PI,-0.48715244068689501,-0.36618981356211233,1,0.12096262712478267
285,5000,Boot,-0.47667932805454377,-0.35887551390321248,1,0.11780381415133129
285,5000,RS,-0.46893763230796903,-0.3844046219410383,1,0.084533010366930728
285,10000,PI,-0.46931737119162104,-0.38602827162715619,1,0.083289099564464841
285,10000,Boot,-0.46104311646919238,-0.38420135953425932,1,0.076841756934933059
285,10000,RS,-0.44638336379357324,-0.40896227902520399,0,0.03742108476836925
286,500,PI,-0.69305179626321778,-0.19842321990977693,1,0.49462857635344082
286,500,Boot,-0.6755352852745764,-0.13567735832538697,1,0.53985792694918944
286,500,RS,-0.64958587067221751,-0.24188914550077717,1,0.40769672517144034
286,1000,PI,-0.57580033508747941,-0.27553693603495427,1,0.30026339905252514
286,1000,Boot,-0.54828094243036629,-0.26955361374928033,1,0.27872732868108596
286,1000,RS,-0.52900936219506367,-0.32232790892737012,1,0.20668145326769355
286,2000,PI,-0.49667513930742685,-0.29800020841700564,1,0.19867493089042121
286,2000,Boot,-0.49926787502278419,-0.27794835200065887,1,0.22131952302212532
286,2000,RS,-0.47685690388628066,-0.31781844383815183,1,0.15903846004812883
286,5000,PI,-0.50410985520034335,-0.38355301369208611,1,0.12055684150825724
286,5000,Boot,-0.50302803227914361,-0.37594458260977615,1,0.12708344966936747
286,5000,RS,-0.52946774083387238,-0.35819512805855708,1,0.1712726127753153
286,10000,PI,-0.50018566116276164,-0.41577816402135792,1,0.08440749714140372
286,10000,Boot,-0.50004533340212198,-0.40617227448133342,1,0.093873058920788566
286,10000,RS,-0.50498774040627759,-0.41097608477784203,1,0.094011655628435553
287,500,PI,-0.63868307156827964,-0.19554145185407845,1,0.44314161971420118
287,500,Boot,-0.63037518603194509,-0.21080568793947471,1,0.41956949809247035
287,500,RS,-0.57787656193666548,-0.25634796148569261,1,0.32152860045097287
287,1000,PI,-0.57532962836031132,-0.28316233224851051,1,0.29216729611180081
287,1000,Boot,-0.54708391935646039,-0.27527916545391151,1,0.27180475390254888
287,1000,RS,-0.47184279934484008,-0.38664916126398174,1,0.085193638080858336
287,2000,PI,-0.46517685453864105,-0.27525570193506904,1,0.18992115260357201
287,2000,Boot,-0.45405472197409896,-0.28038231166980843,1,0.17367241030429054
287,2000,RS,-0.48885039035543115,-0.25158216611827894,1,0.23726822423715221
287,5000,PI,-0.45399595806802784,-0.33591043934851872,1,0.11808551871950912
287,5000,Boot,-0.45916311910767366,-0.33454962590397763,1,0.12461349320369602
287,5000,RS,-0.43397539249044625,-0.3559310049261003,0,0.078044387564345952
287,10000,PI,-0.44196613560986586,-0.35901151387454078,0,0.082954621735325085
287,10000,Boot,-0.44199170978268731,-0.35981461241895391,0,0.082177097363733409
287,10000,RS,-0.42523689402246423,-0.37574075546194241,0,0.049496138560521818
288,500,PI,-0.75669226924510757,-0.28766920303682608,1,0.46902306620828149
288,500,Boot,-0.70729642787109426,-0.28306402211515425,1,0.42423240575594001
288,500,RS,-0.68145299470694098,-0.36290847757499267,1,0.31854451713194831
288,1000,PI,-0.55467218675892327,-0.26160585133514958,1,0.29306633542377369
288,1000,Boot,-0.54205451184138398,-0.23766879210136396,1,0.30438571974002004
288,1000,RS,-0.63708637863306439,-0.17919165946100843,1,0.45789471917205593
288,2000,PI,-0.50589090795629599,-0.31137987539140732,1,0.19451103256488866
288,2000,Boot,-0.48981540356782721,-0.30395991049465065,1,0.18585549307317656
288,2000,RS,-0.49110731278004816,-0.32616347056765516,1,0.164943842212393
288,5000,PI,-0.50710387531827483,-0.38751053721164558,1,0.11959333810662925
288,5000,Boot,-0.50682846736176534,-0.38691419476446631,1,0.11991427259729903
288,5000,RS,-0.56165819712787635,-0.33295621540204406,1,0.22870198172583228
288,10000,PI,-0.4652745096841141,-0.38181321457102047,1,0.083461295113093636
288,10000,Boot,-0.46745868327274742,-0.383876459840721,1,0.083582223432026426
288,10000,RS,-0.49461671014415765,-0.35247101411097692,1,0.14214569603318072
289,500,PI,-0.3917439038714825,0.071139997662868021,0,0.46288390153435055
289,500,Boot,-0.40069423904494195,0.077507978821254209,0,0.47820221786619616
289,500,RS,-0.3190327038511761,-0.001571202357438406,0,0.3174615014937377
289,1000,PI,-0.44002454761781173,-0.16182613205804031,0,0.27819841555977143
289,1000,Boot,-0.42342392381883442,-0.15113413893405556,0,0.27228978488477884
289,1000,RS,-0.50897625589638051,-0.092874423779471527,1,0.41610183211690899
289,2000,PI,-0.49787714629327784,-0.3081950554960492,1,0.18968209079722864
289,2000,Boot,-0.48907945389061208,-0.30448875932455494,1,0.18459069456605715
289,2000,RS,-0.58968812335163112,-0.21638407843769586,1,0.37330404491393526
289,5000,PI,-0.47315423353532482,-0.35228582870665415,1,0.12086840482867067
289,5000,Boot,-0.46998417576466223,-0.35530516543479107,1,0.11467901032987116
289,5000,RS,-0.46886763173921731,-0.35657243050276166,1,0.11229520123645564
289,10000,PI,-0.48136703983151413,-0.39637210515854565,1,0.084994934672968481
289,10000,Boot,-0.4780360507886639,-0.39833673870935998,1,0.079699312079303919
289,10000,RS,-0.50245906606782198,-0.3752800789222378,1,0.12717898714558418
290,500,PI,-0.36056367053492999,0.085751184471351466,0,0.44631485500628143
290,500,Boot,-0.33727112938443249,0.073028308677407949,0,0.41029943806184044
290,500,RS,-0.40652020444156267,0.1317077183779842,0,0.5382279228195469
290,1000,PI,-0.4608039854112353,-0.17537314207770965,1,0.28543084333352564
290,1000,Boot,-0.4793869784600498,-0.15837628864518158,1,0.32101068981486824
290,1000,RS,-0.64468167805514409,0.0085045505661990872,1,0.65318622862134323
290,2000,PI,-0.46227561720515509,-0.26855262043636974,1,0.19372299676878535
290,2000,Boot,-0.4524850744065102,-0.25728756040549944,1,0.19519751400101076
290,2000,RS,-0.52037435566973655,-0.21045388197178824,1,0.30992047369794828
290,5000,PI,-0.4676434233598688,-0.34983609503504703,1,0.11780732832482177
290,5000,Boot,-0.46816240571960516,-0.34759036635759305,1,0.12057203936201211
290,5000,RS,-0.49790735241418221,-0.31957216598073362,1,0.17833518643344859
290,10000,PI,-0.45744082607939962,-0.37518492940194448,1,0.082255896677455143
290,10000,Boot,-0.45534067719363447,-0.37445929769877551,1,0.080881379494858963
290,10000,RS,-0.45860714340528197,-0.37401861207606213,1,0.08458853132921984
291,500,PI,-0.77693787894052346,-0.25069408532691945,1,0.52624379361360396
291,500,Boot,-0.75689642582472161,-0.26819182919452572,1,0.48870459663019589
291,500,RS,-0.78876575615679878,-0.23886620811064418,1,0.5498995480461546
291,1000,PI,-0.71088588132647734,-0.40228464154100724,1,0.30860123978547011
291,1000,Boot,-0.70169490568789816,-0.41104858905425645,1,0.29064631663364171
291,1000,RS,-0.63444870545513266,-0.47872181741235192,0,0.15572688804278073
291,2000,PI,-0.50366206719768991,-0.3074282976571866,1,0.19623376954050331
291,2000,Boot,-0.51130044076704095,-0.2979017923424413,1,0.21339864842459966
291,2000,RS,-0.74261109922201674,-0.068479265632859831,1,0.67413183358915685
291,5000,PI,-0.44921853938231449,-0.33093789062833101,1,0.11828064875398347
291,5000,Boot,-0.44702778138714677,-0.32453477582425933,0,0.12249300556288745
291,5000,RS,-0.49856276655420034,-0.28159366345644515,1,0.21696910309775519
291,10000,PI,-0.44152122507947728,-0.35868033233733115,0,0.082840892742146122
291,10000,Boot,-0.44528038369016198,-0.35221735443519997,0,0.093063029254962015
291,10000,RS,-0.4490439035881178,-0.35115765382869063,1,0.097886249759427169
292,500,PI,-0.75146640835577005,-0.28184452466875198,1,0.46962188368701807
292,500,Boot,-0.70818495970625273,-0.26793111604273956,1,0.44025384366351317
292,500,RS,-0.62775838502822756,-0.40555254799629453,1,0.22220583703193303
292,1000,PI,-0.57838796255029423,-0.28804231777197675,1,0.29034564477831748
292,1000,Boot,-0.57103975925856953,-0.30643793243034245,1,0.26460182682822708
292,1000,RS,-0.58462506446571982,-0.28180521585655116,1,0.30281984860916866
292,2000,PI,-0.54994348945099558,-0.35157166236193615,1,0.19837182708905943
292,2000,Boot,-0.54147037536419018,-0.34878305112702757,1,0.19268732423716262
292,2000,RS,-0.50253045334854407,-0.39898469846438772,1,0.10354575488415635
292,5000,PI,-0.53496559352866024,-0.41670390824617076,1,0.11826168528248948
292,5000,Boot,-0.52866416861573495,-0.41891275233507164,1,0.10975141628066332
292,5000,RS,-0.52153978928381128,-0.43012971249101967,1,0.091410076792791617
292,10000,PI,-0.50450577360115079,-0.42081204671612199,1,0.083693726885028796
292,10000,Boot,-0.50341202137096153,-0.41821055326747231,1,0.08520146810348922
292,10000,RS,-0.49617831658545558,-0.42913950373181725,1,0.06703881285363833
293,500,PI,-0.60926856169711507,-0.14753597538689536,1,0.46173258631021974
293,500,Boot,-0.576571477665629,-0.15790182816162263,1,0.41866964950400637
293,500,RS,-0.43513444491556352,-0.32167009216844689,0,0.11346435274711664
293,1000,PI,-0.52218162733346196,-0.23136337178699828,1,0.29081825554646368
293,1000,Boot,-0.52143683330395363,-0.22165437100041802,1,0.29978246230353561
293,1000,RS,-0.44034054188703686,-0.31320445723342338,0,0.12713608465361348
293,2000,PI,-0.45874723927568561,-0.26648169622106743,1,0.19226554305461818
293,2000,Boot,-0.45378877675932572,-0.27411250435076062,1,0.1796762724085651
293,2000,RS,-0.39792824567543705,-0.32730068982131599,0,0.07062755585412106
293,5000,PI,-0.45318747793355235,-0.33437671265464902,1,0.11881076527890333
293,5000,Boot,-0.44821150954620792,-0.32765759238542486,1,0.12055391716078306
293,5000,RS,-0.45432576507271855,-0.33323842551548283,1,0.12108733955723572
293,10000,PI,-0.46554647942351851,-0.38146472576577312,1,0.084081753657745395
293,10000,Boot,-0.46213685855284048,-0.37186579473666687,1,0.090271063816173613
293,10000,RS,-0.48869893998804614,-0.35831226520124548,1,0.13038667478680066
294,500,PI,-0.66439450174511716,-0.18605598476542787,1,0.47833851697968932
294,500,Boot,-0.60749686025970917,-0.17785089591781655,1,0.42964596434189262
294,500,RS,-0.5217104661396077,-0.3287400203709373,1,0.1929704457686704
294,1000,PI,-0.60608574844797336,-0.31558740046859435,1,0.29049834797937901
294,1000,Boot,-0.58635682828829949,-0.30069560109428273,1,0.28566122719401676
294,1000,RS,-0.51814967613395613,-0.40352347278261158,1,0.11462620335134455
294,2000,PI,-0.52940016214343777,-0.34248435362968499,1,0.18691580851375278
294,2000,Boot,-0.52172864868884106,-0.32162508719503802,1,0.20010356149380304
294,2000,RS,-0.48315939374865513,-0.38872512202446763,1,0.094434271724187502
294,5000,PI,-0.5238546767990121,-0.40699903466681114,1,0.11685564213220095
294,5000,Boot,-0.51768710996397904,-0.39792644794935561,1,0.11976066201462343
294,5000,RS,-0.49832730892698979,-0.4325264025388334,1,0.065800906388156388
294,10000,PI,-0.48436527746694669,-0.40198648774807877,1,0.082378789718867917
294,10000,Boot,-0.47883438882079582,-0.40183027656431758,1,0.077004112256478241
294,10000,RS,-0.48878589540988704,-0.39756586980513842,1,0.091220025604748622
295,500,PI,-0.64285101776483522,-0.089057761992145656,1,0.55379325577268956
295,500,Boot,-0.58450977883569843,-0.088660037090908583,1,0.49584974174478985
295,500,RS,-0.64553315887727591,-0.086375620879705017,1,0.55915753799757084
295,1000,PI,-0.55944315487651775,-0.25221381304610219,1,0.30722934183041556
295,1000,Boot,-0.56239395066476761,-0.25985836427091624,1,0.30253558639385136
295,1000,RS,-0.50593578388411498,-0.30572118403850501,1,0.20021459984560996
295,2000,PI,-0.52501033676558728,-0.3225661282415111,1,0.20244420852407619
295,2000,Boot,-0.50541080137784178,-0.31058992223312393,1,0.19482087914471785
295,2000,RS,-0.47411229726117332,-0.37346416774592506,1,0.10064812951524826
295,5000,PI,-0.54418676869581573,-0.41924824194444088,1,0.12493852675137485
295,5000,Boot,-0.54188642228108441,-0.40927962496070541,1,0.132606797320379
295,5000,RS,-0.57023793516631527,-0.39319707547394134,1,0.17704085969237393
295,10000,PI,-0.53754737403380071,-0.45148660986538436,0,0.086060764168416348
295,10000,Boot,-0.5345325483513258,-0.45016112081888821,0,0.084371427532437593
295,10000,RS,-0.53966498166819199,-0.44936900223099308,0,0.090295979437198914
296,500,PI,-0.75076997587972616,-0.2598871111122758,1,0.49088286476745036
296,500,Boot,-0.71455950555604986,-0.260171605886445,1,0.45438789966960486
296,500,RS,-0.6097525906242961,-0.40090449636770586,1,0.20884809425659023
296,1000,PI,-0.61462369727580457,-0.32114870137671708,1,0.29347499589908749
296,1000,Boot,-0.60008648144965282,-0.32435607346470008,1,0.27573040798495274
296,1000,RS,-0.64894443776752953,-0.28682796088499213,1,0.3621164768825374
296,2000,PI,-0.55781008020847422,-0.35419310914171265,1,0.20361697106676158
296,2000,Boot,-0.5578614139899859,-0.35776589060917463,1,0.20009552338081127
296,2000,RS,-0.56747106172249795,-0.34453212762768887,1,0.22293893409480908
296,5000,PI,-0.51747702140856777,-0.39636325692570168,1,0.12111376448286609
296,5000,Boot,-0.51109116078979,-0.39951480395334649,1,0.11157635683644351
296,5000,RS,-0.48985771683702506,-0.42398256149724445,1,0.065875155339780611
296,10000,PI,-0.49187566212644362,-0.40815500921160108,1,0.083720652914842542
296,10000,Boot,-0.4883694882877333,-0.40660208331326347,1,0.081767404974469826
296,10000,RS,-0.47391741798019416,-0.42611325335785055,1,0.047804164622343603
297,500,PI,-0.57423984402067796,-0.12599457266563238,1,0.44824527135504555
297,500,Boot,-0.54887099187829469,-0.101041574338296,1,0.44782941753999872
297,500,RS,-0.79571593180930766,0.095481515122997296,1,0.89119744693230496
297,1000,PI,-0.57748615768131928,-0.28896194095708566,1,0.28852421672423362
297,1000,Boot,-0.55906960537196682,-0.28346827181386902,1,0.27560133355809779
297,1000,RS,-0.61880702544093191,-0.24764107319747303,1,0.37116595224345889
297,2000,PI,-0.55945106687599266,-0.36767688858428316,1,0.19177417829170951
297,2000,Boot,-0.55918898022246366,-0.34916333233805369,1,0.21002564788440997
297,2000,RS,-0.57115615676874609,-0.35597179869152973,1,0.21518435807721636
297,5000,PI,-0.52106236800832761,-0.40053017584963985,1,0.12053219215868777
297,5000,Boot,-0.52734556522690945,-0.40875813549215911,1,0.11858742973475034
297,5000,RS,-0.5244038508265686,-0.39718869303139898,1,0.12721515779516962
297,10000,PI,-0.51989908085963044,-0.43513082730315317,1,0.084768253556477269
297,10000,Boot,-0.5153390619103847,-0.43565375561193098,1,0.079685306298453717
297,10000,RS,-0.54025044890487317,-0.41477945925791043,1,0.12547098964696274
298,500,PI,-0.5312689530703798,-0.064155269609696031,1,0.46711368346068377
298,500,Boot,-0.50606546414947018,-0.074109318011905595,1,0.43195614613756461
298,500,RS,-0.48894727346881828,-0.10647694921125753,1,0.38247032425756078
298,1000,PI,-0.48753924383415193,-0.19667961979311732,1,0.2908596240410346
298,1000,Boot,-0.48984764995830382,-0.19580761687326195,1,0.2940400330850419
298,1000,RS,-0.46640333897470376,-0.21781552465256546,1,0.24858781432213831
298,2000,PI,-0.50722407984485085,-0.30521359184637653,1,0.20201048799847432
298,2000,Boot,-0.50767635662235988,-0.30332894578433311,1,0.20434741083802677
298,2000,RS,-0.54877015465861212,-0.26366751703261526,1,0.28510263762599686
298,5000,PI,-0.52582951024410018,-0.40452150541534193,1,0.12130800482875825
298,5000,Boot,-0.52146980499458495,-0.40535193001976139,1,0.11611787497482357
298,5000,RS,-0.57628351225987762,-0.3540675033995645,1,0.22221600886031312
298,10000,PI,-0.50882662853009508,-0.42468611673835582,1,0.084140511791739259
298,10000,Boot,-0.50701431927220386,-0.42518756786558548,1,0.081826751406618381
298,10000,RS,-0.50835294753067417,-0.42515979773777673,1,0.083193149792897436
299,500,PI,-0.7446408133804201,-0.24857264156354958,1,0.49606817181687052
299,500,Boot,-0.69440325754850485,-0.29039588519427417,1,0.40400737235423068
299,500,RS,-0.67583941356532651,-0.31737404137864328,1,0.35846537218668323
299,1000,PI,-0.65913303974166804,-0.34925022552891172,1,0.30988281421275632
299,1000,Boot,-0.63714541180395834,-0.3367590077526077,1,0.30038640405135064
299,1000,RS,-0.56541426610096346,-0.44296899916961624,1,0.12244526693134722
299,2000,PI,-0.59020486795243088,-0.38764206882707208,1,0.20256279912535879
299,2000,Boot,-0.57159527130922461,-0.37865456548592885,1,0.19294070582329576
299,2000,RS,-0.51756006126522791,-0.46028687551427505,0,0.05727318575095286
299,5000,PI,-0.51482350331384275,-0.39261440490447252,1,0.12220909840937022
299,5000,Boot,-0.50972548572083942,-0.39387369024194052,1,0.1158517954788989
299,5000,RS,-0.50528228694689359,-0.40215562127142168,1,0.10312666567547191
299,10000,PI,-0.46865518343747331,-0.38630775129152423,1,0.082347432145949084
299,10000,Boot,-0.47026137320044481,-0.38459296110922037,1,0.085668412091224444
299,10000,RS,-0.47457295975856995,-0.38038997497042759,1,0.094182984788142354
300,500,PI,-0.87413550188013622,-0.37691772664370493,1,0.49721777523643129
300,500,Boot,-0.82563201291266775,-0.38401061736907116,1,0.44162139554359658
300,500,RS,-0.75822928546327439,-0.4928239430605667,0,0.26540534240270769
300,1000,PI,-0.6881194089768583,-0.38877261688240528,1,0.29934679209445303
300,1000,Boot,-0.67296385750651677,-0.39416527155305281,1,0.27879858595346396
300,1000,RS,-0.68773008809593172,-0.38916193776333186,1,0.29856815033259987
300,2000,PI,-0.51928720911712445,-0.31708258303936487,1,0.20220462607775957
300,2000,Boot,-0.50565577285307595,-0.32486976238471571,1,0.18078601046836024
300,2000,RS,-0.68693391730689557,-0.1494358748495937,1,0.53749804245730193
300,5000,PI,-0.49081683548691829,-0.37017592482148881,1,0.12064091066542948
300,5000,Boot,-0.48433994189270091,-0.37207187721501833,1,0.11226806467768258
300,5000,RS,-0.48690383201922005,-0.37408892828918705,1,0.112814903730033
300,10000,PI,-0.47404240783147877,-0.39053840988006838,1,0.083503997951410391
300,10000,Boot,-0.47663466256910397,-0.39194183824642792,1,0.084692824322676052
300,10000,RS,-0.4586634159642628,-0.40591740174728436,1,0.052746014216978443
301,500,PI,-0.46793607362103695,0.0021097627176259459,1,0.47004583633866293
301,500,Boot,-0.44208046629561676,-0.043543618741004708,0,0.39853684755461205
301,500,RS,-0.28355979794931885,-0.18226651295409219,0,0.10129328499522666
301,1000,PI,-0.50659119732698943,-0.21165978634645621,1,0.29493141098053322
301,1000,Boot,-0.48589841075434415,-0.21311857438444037,1,0.27277983636990377
301,1000,RS,-0.56103290865412658,-0.15721807501931903,1,0.40381483363480752
301,2000,PI,-0.46792086919029025,-0.27288827915005404,1,0.19503259004023621
301,2000,Boot,-0.45190957243575292,-0.26733732795239834,1,0.18457224448335458
301,2000,RS,-0.44468036020405027,-0.29612878813629401,0,0.14855157206775627
301,5000,PI,-0.47586507079400969,-0.35607580942011502,1,0.11978926137389467
301,5000,Boot,-0.47409116734953105,-0.35633655210725196,1,0.11775461524227909
301,5000,RS,-0.47435341672196774,-0.35758746349215698,1,0.11676595322981076
301,10000,PI,-0.47524276980045882,-0.39063548000748732,1,0.084607289792971496
301,10000,Boot,-0.47123833587214176,-0.39450236962856688,1,0.076735966243574871
301,10000,RS,-0.47299197885287286,-0.39288627095507328,1,0.080105707897799583
302,500,PI,-0.7587995583703715,-0.23650054563807704,1,0.5222990127322944
302,500,Boot,-0.78022887669056784,-0.23888845946588871,1,0.54134041722467918
302,500,RS,-0.60281199419464515,-0.39248810981380333,1,0.21032388438084182
302,1000,PI,-0.58874505078645045,-0.27894870452613524,1,0.30979634626031521
302,1000,Boot,-0.57697151898861776,-0.27466320749037287,1,0.30230831149824489
302,1000,RS,-0.53740332722839068,-0.3302904280841949,1,0.20711289914419578
302,2000,PI,-0.49434391739592293,-0.29396835920071768,1,0.20037555819520525
302,2000,Boot,-0.47919536055920997,-0.28915658878978101,1,0.19003877176942896
302,2000,RS,-0.48215322984843673,-0.30615904674820388,1,0.17599418310023285
302,5000,PI,-0.47123709244053918,-0.35011443983060725,1,0.12112265260993194
302,5000,Boot,-0.46364669602154301,-0.3381309709486201,1,0.12551572507292291
302,5000,RS,-0.45016084319702909,-0.37119068907411734,1,0.078970154122911751
302,10000,PI,-0.48761970343807109,-0.40262182851120737,1,0.084997874926863726
302,10000,Boot,-0.48589932932806007,-0.39927423297089193,1,0.086625096357168141
302,10000,RS,-0.53603279566991358,-0.35420873627936489,1,0.18182405939054869
303,500,PI,-0.48838322322035599,-0.032987517124724447,1,0.45539570609563151
303,500,Boot,-0.48320607939129934,-0.060310947381554236,1,0.4228951320097451
303,500,RS,-0.36165953177058285,-0.15971120857449761,0,0.20194832319608524
303,1000,PI,-0.54830113034116468,-0.24898980540761298,1,0.29931132493355173
303,1000,Boot,-0.52055539926821082,-0.24847022450001072,1,0.2720851747682001
303,1000,RS,-0.66813782033019309,-0.12915311541858449,1,0.53898470491160855
303,2000,PI,-0.54031208321006163,-0.33832315876805574,1,0.20198892444200589
303,2000,Boot,-0.53404776646373375,-0.33760631014671943,1,0.19644145631701432
303,2000,RS,-0.565817157437005,-0.31281808454111232,1,0.25299907289589268
303,5000,PI,-0.50163171638541615,-0.37942401370319173,1,0.12220770268222442
303,5000,Boot,-0.49795832323490508,-0.38382713256022877,1,0.11413119067467631
303,5000,RS,-0.48031973139066592,-0.40073599869794191,1,0.079583732692724007
303,10000,PI,-0.51562023180614325,-0.43105943823608245,1,0.084560793570060799
303,10000,Boot,-0.50970371721754293,-0.42658338045024974,1,0.08312033676729319
303,10000,RS,-0.54276715990975977,-0.40391251013246587,1,0.13885464977729389
304,500,PI,-0.73336677414816964,-0.27563434136995857,1,0.45773243277821107
304,500,Boot,-0.70139128893070057,-0.27581402413955114,1,0.42557726479114943
304,500,RS,-0.61821761950838194,-0.39078349600974627,1,0.22743412349863568
304,1000,PI,-0.67711506027467339,-0.37135224437703718,1,0.30576281589763621
304,1000,Boot,-0.69369344994667248,-0.38939591693966497,1,0.30429753300700751
304,1000,RS,-0.59285814919295543,-0.45560915545875508,0,0.13724899373420035
304,2000,PI,-0.5654807056686022,-0.36598359321166962,1,0.19949711245693258
304,2000,Boot,-0.58756155209117633,-0.35500116991480407,1,0.23256038217637226
304,2000,RS,-0.56778342823265282,-0.363680870647619,1,0.20410255758503382
304,5000,PI,-0.50973644724577427,-0.38722232175698712,1,0.12251412548878715
304,5000,Boot,-0.51747952387853957,-0.37818203740260142,1,0.13929748647593815
304,5000,RS,-0.5064576796242819,-0.39050108937847955,1,0.11595659024580235
304,10000,PI,-0.50222247977597867,-0.41629066346326959,1,0.085931816312709075
304,10000,Boot,-0.50027572474099713,-0.40841310401994702,1,0.091862620721050114
304,10000,RS,-0.48007038137117442,-0.43844276186807385,1,0.041627619503100566
305,500,PI,-0.60752078455289338,-0.14065149398868509,1,0.46686929056420828
305,500,Boot,-0.58011094776936356,-0.15447225349442154,1,0.42563869427494205
305,500,RS,-0.571407430875569,-0.17676484766600958,1,0.39464258320955942
305,1000,PI,-0.55692114727816611,-0.23803221809931108,1,0.31888892917885503
305,1000,Boot,-0.54990931919311903,-0.24381118885456401,1,0.30609813033855504
305,1000,RS,-0.47018841628689673,-0.32476494909058046,1,0.14542346719631627
305,2000,PI,-0.51265302099443555,-0.31123293510077443,1,0.20142008589366112
305,2000,Boot,-0.52006845752725817,-0.30675998804156829,1,0.21330846948568988
305,2000,RS,-0.48455146909626662,-0.33933448699894336,1,0.14521698209732326
305,5000,PI,-0.47125860081539916,-0.35205829877058759,1,0.11920030204481158
305,5000,Boot,-0.47013435556584721,-0.33983679706598968,1,0.13029755849985752
305,5000,RS,-0.45154148276295314,-0.37177541682303361,1,0.079766065939919528
305,10000,PI,-0.49861398682545316,-0.41600230654288967,1,0.082611680282563493
305,10000,Boot,-0.49713943279534667,-0.42059886477754949,1,0.076540568017797184
305,10000,RS,-0.5700251806753075,-0.34459111269303533,1,0.22543406798227217
306,500,PI,-0.60408577102747207,-0.18281133956369247,1,0.42127443146377963
306,500,Boot,-0.58777876893442027,-0.22157756917706564,1,0.36620119975735466
306,500,RS,-0.52085033394916214,-0.26604677664200233,1,0.25480355730715981
306,1000,PI,-0.59131743892078426,-0.29756233074704463,1,0.29375510817373962
306,1000,Boot,-0.59786072676597524,-0.30068230587497102,1,0.29717842089100421
306,1000,RS,-0.53289973802150958,-0.35598003164631925,1,0.17691970637519033
306,2000,PI,-0.54879804728488746,-0.347215279235293,1,0.20158276804959446
306,2000,Boot,-0.53860798791618925,-0.3466280522442805,1,0.19197993567190874
306,2000,RS,-0.48160595951433638,-0.41440736700584402,1,0.067198592508492361
306,5000,PI,-0.52310146550424896,-0.40079770312405211,1,0.12230376238019686
306,5000,Boot,-0.52024715046713854,-0.39561526702884586,1,0.12463188343829268
306,5000,RS,-0.48350107388371077,-0.44039809474459035,1,0.043102979139120423
306,10000,PI,-0.51756057407874834,-0.43233799600328071,1,0.085222578075467625
306,10000,Boot,-0.51227101851693546,-0.42827229382558801,1,0.083998724691347448
306,10000,RS,-0.52262227372362013,-0.42727629635840897,1,0.095345977365211165
307,500,PI,-0.46507003579978101,-0.052954726168871896,1,0.41211530963090914
307,500,Boot,-0.46522435571044207,-0.076905681916568214,1,0.38831867379387386
307,500,RS,-0.52023085890780862,0.0022060969391557994,1,0.52243695584696437
307,1000,PI,-0.57572305454159511,-0.29565065595360263,1,0.28007239858799249
307,1000,Boot,-0.55847825980280075,-0.27857896905977941,1,0.27989929074302133
307,1000,RS,-0.75941653577049284,-0.1119571747247049,1,0.64745936104578794
307,2000,PI,-0.55598481703242619,-0.35625154323149222,1,0.19973327380093397
307,2000,Boot,-0.54347359349321345,-0.35662218268571649,1,0.18685141080749695
307,2000,RS,-0.57467773754434304,-0.33755862271957543,1,0.23711911482476761
307,5000,PI,-0.47994777646792641,-0.36105579287025102,1,0.11889198359767539
307,5000,Boot,-0.48439171981638501,-0.35960917408163201,1,0.124782545734753
307,5000,RS,-0.49548393329897955,-0.34551963603919789,1,0.14996429725978166
307,10000,PI,-0.46627474814181014,-0.38287885892433038,1,0.083395889217479757
307,10000,Boot,-0.45745654386148993,-0.38036910967396154,1,0.077087434187528392
307,10000,RS,-0.45720387439979926,-0.39194973266634126,1,0.065254141733458004
308,500,PI,-0.8490671817942127,-0.35759613210827224,1,0.49147104968594046
308,500,Boot,-0.80720710690242903,-0.33183671932636666,1,0.47537038757606237
308,500,RS,-0.6882077740690874,-0.51845553983339754,0,0.16975223423568986
308,1000,PI,-0.66879423447264608,-0.36489604475867593,1,0.30389818971397015
308,1000,Boot,-0.67058420287025833,-0.34269158254999499,1,0.32789262032026334
308,1000,RS,-0.65388145600680636,-0.3798088232245157,1,0.27407263278229066
308,2000,PI,-0.62703518745089426,-0.4288573471970743,1,0.19817784025381996
308,2000,Boot,-0.6267839197021764,-0.42230513708395567,1,0.20447878261822072
308,2000,RS,-0.57214276676902287,-0.4837497678789458,0,0.088392998890077068
308,5000,PI,-0.57344122814382426,-0.4523176058014074,0,0.12112362234241686
308,5000,Boot,-0.56532784528290092,-0.44062365565137196,1,0.12470418963152896
308,5000,RS,-0.54032548688911242,-0.48543334705611924,0,0.054892139832993181
308,10000,PI,-0.54567171966719608,-0.4604181948430191,0,0.085253524824176974
308,10000,Boot,-0.54591275466457234,-0.45017134408074388,0,0.095741410583828457
308,10000,RS,-0.53759164217767341,-0.46849827233254177,0,0.069093369845131647
309,500,PI,-0.66330732206781362,-0.20939803535562634,1,0.45390928671218728
309,500,Boot,-0.62833415283872784,-0.25343959636335539,1,0.37489455647537245
309,500,RS,-0.71087774199859932,-0.16182761542484059,1,0.54905012657375873
309,1000,PI,-0.67106554187865264,-0.37617314492198117,1,0.29489239695667147
309,1000,Boot,-0.63098230495524399,-0.39142469055279527,1,0.23955761440244872
309,1000,RS,-0.68175135898469752,-0.36548732781593635,1,0.31626403116876117
309,2000,PI,-0.58756045263820611,-0.39448851889491526,1,0.19307193374329085
309,2000,Boot,-0.56658521332497092,-0.39537982897000257,1,0.17120538435496835
309,2000,RS,-0.54883915059718247,-0.43320982093593896,1,0.11562932966124351
309,5000,PI,-0.54177805810466428,-0.42336818730021974,1,0.11840987080444454
309,5000,Boot,-0.5305039281242,-0.42372050754252721,1,0.10678342058167278
309,5000,RS,-0.51914880561036902,-0.44599743979451506,1,0.073151365815853964
309,10000,PI,-0.48023413794613556,-0.39753191590164771,1,0.08270222204448785
309,10000,Boot,-0.47445686164974316,-0.39741219169246372,1,0.077044669957279432
309,10000,RS,-0.51504204436321577,-0.36272400948456746,1,0.15231803487864831
310,500,PI,-0.77179985324071976,-0.28043858763131646,1,0.4913612656094033
310,500,Boot,-0.70201398333808351,-0.31773454294537962,1,0.3842794403927039
310,500,RS,-0.77199729848021548,-0.2802411423918208,1,0.49175615608839468
310,1000,PI,-0.59950765678041995,-0.31249519029518646,1,0.28701246648523349
310,1000,Boot,-0.57253398386124343,-0.30684075042856818,1,0.26569323343267526
310,1000,RS,-0.58127309915073411,-0.33072974792487231,1,0.2505433512258618
310,2000,PI,-0.53153803682265821,-0.33504774643484669,1,0.19649029038781152
310,2000,Boot,-0.51306190282239594,-0.33862399633909046,1,0.17443790648330548
310,2000,RS,-0.49384831954289321,-0.37273746371461169,1,0.12111085582828152
310,5000,PI,-0.51369918450723473,-0.39207381427120608,1,0.12162537023602865
310,5000,Boot,-0.49812200386869665,-0.39570039919344968,1,0.10242160467524697
310,5000,RS,-0.49457177724981832,-0.41120122152862243,1,0.083370555721195894
310,10000,PI,-0.49293361794192725,-0.40884428850492149,1,0.084089329437005755
310,10000,Boot,-0.49032313657854643,-0.40781697271520168,1,0.08250616386334475
310,10000,RS,-0.46888133262904541,-0.43289657381780333,1,0.035984758811242079
311,500,PI,-0.50043158827456524,-0.038525216495051029,1,0.46190637177951421
311,500,Boot,-0.48878365821582859,-0.076223314305427781,1,0.41256034391040081
311,500,RS,-0.35597368038260857,-0.18298312438700767,0,0.1729905559956009
311,1000,PI,-0.4515961782782259,-0.17005357663572401,1,0.28154260164250189
311,1000,Boot,-0.43574168461668239,-0.14071282966256923,0,0.29502885495411313
311,1000,RS,-0.39773581024880039,-0.22391394466514952,0,0.17382186558365087
311,2000,PI,-0.41825865607292978,-0.2236791110519549,0,0.19457954502097488
311,2000,Boot,-0.42487161256230477,-0.23189103026829436,0,0.19298058229401041
311,2000,RS,-0.36704328275010506,-0.27489448437477965,0,0.092148798375325414
311,5000,PI,-0.4796059506411175,-0.36064103630814232,1,0.11896491433297518
311,5000,Boot,-0.46956747219295936,-0.36042735515054147,1,0.10914011704241788
311,5000,RS,-0.57769009092475065,-0.26255689602450916,1,0.3151331949002415
311,10000,PI,-0.48973011740587791,-0.40571849941740834,1,0.084011617988469567
311,10000,Boot,-0.48207708214980982,-0.41233346890602851,1,0.069743613243781311
311,10000,RS,-0.54304208042624591,-0.35240653639704034,1,0.19063554402920557
312,500,PI,-0.82044043578587034,-0.30760017869077871,1,0.51284025709509162
312,500,Boot,-0.73805846533936648,-0.34235280685418135,1,0.39570565848518513
312,500,RS,-0.8455101380324247,-0.28253047644422435,1,0.56297966158820034
312,1000,PI,-0.62804714664658257,-0.32098202532636622,1,0.30706512132021635
312,1000,Boot,-0.61302781438275844,-0.31506092194786411,1,0.29796689243489433
312,1000,RS,-0.64482775319241636,-0.30420141878053242,1,0.34062633441188395
312,2000,PI,-0.54493720765354214,-0.34530409971109111,1,0.19963310794245104
312,2000,Boot,-0.545874736292842,-0.34416328166889654,1,0.20171145462394546
312,2000,RS,-0.53878602292250144,-0.35145528444213175,1,0.18733073848036969
312,5000,PI,-0.56467227982137913,-0.44213285454301249,1,0.12253942527836664
312,5000,Boot,-0.57064338335988984,-0.43208485899330307,1,0.13855852436658678
312,5000,RS,-0.60617304684880557,-0.40063208751558604,1,0.20554095933321953
312,10000,PI,-0.53170667566559737,-0.44563604032072685,1,0.086070635344870527
312,10000,Boot,-0.5297387231687043,-0.44354671315975214,1,0.086192010008952158
312,10000,RS,-0.5222529424102258,-0.45508977357609848,0,0.067163168834127318
313,500,PI,-0.65670232648907501,-0.11142759723611323,1,0.54527472925296183
313,500,Boot,-0.60005093956941535,-0.15356670435470843,1,0.44648423521470693
313,500,RS,-0.48609233076321406,-0.28203759296197412,1,0.20405473780123995
313,1000,PI,-0.44959460511909116,-0.16136421031971809,1,0.28823039479937307
313,1000,Boot,-0.42958446500922554,-0.15978456276719646,0,0.2697999022420291
313,1000,RS,-0.42193360018211318,-0.18902521525669608,0,0.2329083849254171
313,2000,PI,-0.45930101113217481,-0.26653642107890263,1,0.19276459005327218
313,2000,Boot,-0.44863775775854497,-0.27774516071265193,1,0.17089259704589305
313,2000,RS,-0.4990428400111897,-0.22679459219988771,1,0.27224824781130197
313,5000,PI,-0.46241074493392248,-0.34481158198697898,1,0.1175991629469435
313,5000,Boot,-0.45245862709106549,-0.3405822830122095,1,0.11187634407885599
313,5000,RS,-0.50499410748394524,-0.30222821943695627,1,0.20276588804698897
313,10000,PI,-0.46932499415155093,-0.3862064468676929,1,0.083118547283858035
313,10000,Boot,-0.46301541223445691,-0.37976614111165574,1,0.083249271122801172
313,10000,RS,-0.49708836639310061,-0.35844307462614322,1,0.13864529176695739
314,500,PI,-0.68127637345208958,-0.19025153710260834,1,0.49102483634948124
314,500,Boot,-0.64684012587234718,-0.20767619605028381,1,0.43916392982206337
314,500,RS,-0.60789594099739064,-0.26363196955730728,1,0.34426397144008336
314,1000,PI,-0.56682057809102493,-0.26258397795735033,1,0.3042366001336746
314,1000,Boot,-0.54258251030610083,-0.25125654813329124,1,0.29132596217280959
314,1000,RS,-0.46512323847083203,-0.36428131757754323,1,0.10084192089328881
314,2000,PI,-0.5926659867409283,-0.39250961317536265,1,0.20015637356556565
314,2000,Boot,-0.59220178083492303,-0.37739200868961287,1,0.21480977214531016
314,2000,RS,-0.61406754540874053,-0.37110805450755047,1,0.24295949090119007
314,5000,PI,-0.5585757458392514,-0.43637391867777303,1,0.12220182716147837
314,5000,Boot,-0.55880940517623257,-0.42390906207933265,1,0.13490034309689991
314,5000,RS,-0.53443078270676525,-0.46051888181025924,0,0.073911900896506011
314,10000,PI,-0.50052817849434594,-0.41687585277582639,1,0.083652325718519549
314,10000,Boot,-0.50238500150026577,-0.41688119324901685,1,0.085503808251248925
314,10000,RS,-0.52409816949564525,-0.39330586177452703,1,0.13079230772111822
315,500,PI,-0.64945070627510049,-0.17138260265474131,1,0.47806810362035917
315,500,Boot,-0.60620587433891404,-0.21606899667525811,1,0.3901368776636559
315,500,RS,-0.55407828151792482,-0.26675502741191703,1,0.28732325410600779
315,1000,PI,-0.68456775074259824,-0.38244306840575715,1,0.30212468233684109
315,1000,Boot,-0.66349028786324515,-0.36514218666287701,1,0.29834810120036814
315,1000,RS,-0.71262608250903625,-0.35438473663931913,1,0.35824134586971712
315,2000,PI,-0.62418359857251293,-0.41757826097846429,1,0.20660533759404864
315,2000,Boot,-0.62036143418747791,-0.40099635707666359,1,0.21936507711081432
315,2000,RS,-0.58047710860910307,-0.46128475094187416,0,0.11919235766722891
315,5000,PI,-0.53062028182902932,-0.40939969270381271,1,0.1212205891252166
315,5000,Boot,-0.52971825927571858,-0.40271412841326903,1,0.12700413086244955
315,5000,RS,-0.56481701602142498,-0.375202958511417,1,0.18961405751000798
315,10000,PI,-0.49322744957853271,-0.40914584733800352,1,0.084081602240529185
315,10000,Boot,-0.48545715738859951,-0.4059279796450605,1,0.079529177743539015
315,10000,RS,-0.51209344546189128,-0.39027985145464494,1,0.12181359400724634
316,500,PI,-0.57218050560958034,-0.12339496858545124,1,0.4487855370241291
316,500,Boot,-0.53498567298027888,-0.15281456007738736,1,0.38217111290289152
316,500,RS,-0.57135896585808688,-0.12421650833694459,1,0.44714245752114229
316,1000,PI,-0.60911205475274022,-0.29662138007299554,1,0.31249067467974467
316,1000,Boot,-0.58378663093845917,-0.29565916449485874,1,0.28812746644360043
316,1000,RS,-0.62594637936857533,-0.27978705545716043,1,0.34615932391141491
316,2000,PI,-0.5443573170362479,-0.34329509713827661,1,0.20106221989797129
316,2000,Boot,-0.53564904900636323,-0.3284933079960024,1,0.20715574101036083
316,2000,RS,-0.49339439111952427,-0.39425802305500018,1,0.099136368064524083
316,5000,PI,-0.51108865441425333,-0.38803147167117508,1,0.12305718274307825
316,5000,Boot,-0.50913038778427022,-0.38825574464203105,1,0.12087464314223917
316,5000,RS,-0.49066146196815164,-0.40845866411727672,1,0.08220279785087492
316,10000,PI,-0.51661442924655121,-0.4302543354821125,1,0.086360093764438706
316,10000,Boot,-0.51760949672465095,-0.42828233295607204,1,0.08932716376857891
316,10000,RS,-0.54755257169347571,-0.39931619303518806,1,0.14823637865828765
317,500,PI,-0.62671251019134455,-0.14155803730467933,1,0.48515447288666524
317,500,Boot,-0.58355596179858049,-0.095126493053985239,1,0.48842946874459525
317,500,RS,-0.42695077116709734,-0.34131977632892652,0,0.085630994838170826
317,1000,PI,-0.52468257839144483,-0.2347895013511318,1,0.28989307704031303
317,1000,Boot,-0.50602653179662938,-0.23546804577725866,1,0.27055848601937071
317,1000,RS,-0.49250557343041729,-0.2669665063121594,1,0.22553906711825789
317,2000,PI,-0.50142181740972913,-0.30786634676559849,1,0.19355547064413064
317,2000,Boot,-0.50077998050100192,-0.30077122754406388,1,0.20000875295693804
317,2000,RS,-0.47860558559029631,-0.33068257858503125,1,0.14792300700526506
317,5000,PI,-0.47641616300163298,-0.353168904208992,1,0.12324725879264098
317,5000,Boot,-0.47718052518331711,-0.33837412157041091,1,0.13880640361290619
317,5000,RS,-0.44795950305843357,-0.3816255641521914,1,0.066333938906242174
317,10000,PI,-0.47544889330356893,-0.38980519037844336,1,0.085643702925125575
317,10000,Boot,-0.47180721206726617,-0.38144850488662091,1,0.090358707180645259
317,10000,RS,-0.4820529149854863,-0.38320116869652598,1,0.098851746288960318
318,500,PI,-0.44715229485722574,0.035412903007121133,0,0.48256519786434687
318,500,Boot,-0.43485541448486487,0.064392991964194374,0,0.49924840644905921
318,500,RS,-0.34228166791606063,-0.06945772393404398,0,0.27282394398201665
318,1000,PI,-0.6135456343451392,-0.31509504628708673,1,0.29845058805805247
318,1000,Boot,-0.59290497902286399,-0.30459367626012079,1,0.28831130276274319
318,1000,RS,-0.84236729974951574,-0.086273380882710193,1,0.75609391886680555
318,2000,PI,-0.59680507010416872,-0.39347165622003555,1,0.20333341388413317
318,2000,Boot,-0.58370046805077824,-0.38268832921410989,1,0.20101213883666835
318,2000,RS,-0.63781517513984898,-0.35246155118435529,1,0.28535362395549368
318,5000,PI,-0.52038411995604683,-0.40020092304832366,1,0.12018319690772317
318,5000,Boot,-0.5064392123433471,-0.38585746555395739,1,0.12058174678938971
318,5000,RS,-0.52998243630634267,-0.39060260669802777,1,0.13937982960831491
318,10000,PI,-0.4671953540846101,-0.38367760269815054,1,0.08351775138645956
318,10000,Boot,-0.45795804500415888,-0.38240318243013949,1,0.075554862574019388
318,10000,RS,-0.50195223276594048,-0.34892072401682012,1,0.15303150874912036
319,500,PI,-0.73544725747503525,-0.21238748959420212,1,0.52305976788083308
319,500,Boot,-0.65654890302301971,-0.24249800355158069,1,0.41405089947143903
319,500,RS,-0.77525372269721693,-0.17258102437202039,1,0.60267269832519654
319,1000,PI,-0.64458461918826893,-0.32526909668424731,1,0.31931552250402162
319,1000,Boot,-0.60839043758871458,-0.32857759522471952,1,0.27981284236399506
319,1000,RS,-0.56151537808130014,-0.40833833779121609,1,0.15317704029008405
319,2000,PI,-0.55902304127982161,-0.35905069505370868,1,0.19997234622611293
319,2000,Boot,-0.54823519457656644,-0.35925459836148649,1,0.18898059621507995
319,2000,RS,-0.52163049908668435,-0.39644323724684594,1,0.12518726183983842
319,5000,PI,-0.52557698705960398,-0.40488653911012285,1,0.12069044794948114
319,5000,Boot,-0.52978965131748457,-0.40244016247465786,1,0.12734948884282671
319,5000,RS,-0.49027133012401802,-0.44019219604570881,1,0.050079134078309218
319,10000,PI,-0.47424214733545311,-0.39156673677081544,1,0.082675410564637675
319,10000,Boot,-0.47502587150202286,-0.38651419446794705,1,0.088511677034075809
319,10000,RS,-0.48397399374432759,-0.38183489036194096,1,0.10213910338238663
320,500,PI,-0.60959469428061241,-0.11872588704384268,1,0.49086880723676973
320,500,Boot,-0.52884029209885741,-0.12190763311058803,1,0.40693265898826936
320,500,RS,-0.68930190190099405,-0.039018679423461045,1,0.65028322247753301
320,1000,PI,-0.56293216033021232,-0.27329050750992501,1,0.28964165282028731
320,1000,Boot,-0.52123785722224991,-0.25969287329809365,1,0.26154498392415626
320,1000,RS,-0.51319277262646301,-0.32302989521367431,1,0.1901628774127887
320,2000,PI,-0.55729752092129514,-0.35782760352351717,1,0.19946991739777797
320,2000,Boot,-0.5374357670204406,-0.36272619699489139,1,0.17470957002554921
320,2000,RS,-0.54114150875048717,-0.37398361569432514,1,0.16715789305616202
320,5000,PI,-0.48526468166129133,-0.36608102582429547,1,0.11918365583699586
320,5000,Boot,-0.48945188572085052,-0.36344782416008314,1,0.12600406156076738
320,5000,RS,-0.47301851362903086,-0.37832719385655594,1,0.094691319772474913
320,10000,PI,-0.47031553190597031,-0.38762167995212948,1,0.082693851953840825
320,10000,Boot,-0.47132936921193297,-0.38404087866264491,1,0.087288490549288056
320,10000,RS,-0.46215216514277985,-0.39578504671531994,1,0.066367118427459904
321,500,PI,-0.70741093684128953,-0.18998017731808103,1,0.51743075952320849
321,500,Boot,-0.61746663583259154,-0.19456296369838594,1,0.4229036721342056
321,500,RS,-0.50289897591779409,-0.39449213824157647,1,0.10840683767621762
321,1000,PI,-0.61736577425023342,-0.31212766877562015,1,0.30523810547461327
321,1000,Boot,-0.58581564589005508,-0.30032109158173825,1,0.28549455430831683
321,1000,RS,-0.50920731804445296,-0.42028612498140061,1,0.088921193063052351
321,2000,PI,-0.62029063839705678,-0.41809117215534042,1,0.20219946624171636
321,2000,Boot,-0.61111374193307977,-0.40041454813878757,1,0.21069919379429219
321,2000,RS,-0.65729253819749767,-0.38108927235489953,1,0.27620326584259813
321,5000,PI,-0.53603243025000613,-0.41304280625159162,1,0.12298962399841451
321,5000,Boot,-0.52808358383360454,-0.4027128386553851,1,0.12537074517821944
321,5000,RS,-0.53926423773948229,-0.40981099876211546,1,0.12945323897736682
321,10000,PI,-0.50564520645766797,-0.41992047831194745,1,0.085724728145720519
321,10000,Boot,-0.50501500310311198,-0.41788008039124047,1,0.08713492271187151
321,10000,RS,-0.50051746243434259,-0.42504822233527284,1,0.075469240099069745
322,500,PI,-0.7791297882475593,-0.2829050642633365,1,0.49622472398422279
322,500,Boot,-0.72552024334391463,-0.30713488356475294,1,0.41838535977916169
322,500,RS,-0.66229360460299158,-0.39974124790790422,1,0.26255235669508736
322,1000,PI,-0.64832011868255179,-0.34893202379767724,1,0.29938809488487456
322,1000,Boot,-0.64827126583394357,-0.35556340632403272,1,0.29270785950991085
322,1000,RS,-0.59132918013800451,-0.40592296234222452,1,0.18540621779577998
322,2000,PI,-0.59289744338337347,-0.3933178441556332,1,0.19957959922774027
322,2000,Boot,-0.59686023028126955,-0.39812499897669745,1,0.1987352313045721
322,2000,RS,-0.54460599084011563,-0.44160929669889099,1,0.10299669414122464
322,5000,PI,-0.52094594915669357,-0.40169663002741141,1,0.11924931912928216
322,5000,Boot,-0.52657148265220599,-0.39053355368676407,1,0.13603792896544192
322,5000,RS,-0.51390075802050106,-0.40874182116360386,1,0.1051589368568972
322,10000,PI,-0.50989936148702442,-0.42522348813606126,1,0.08467587335096316
322,10000,Boot,-0.51148963595271713,-0.41960842980878071,1,0.091881206143936411
322,10000,RS,-0.49469585607961775,-0.44042699354346793,1,0.05426886253614982
323,500,PI,-0.89311662954253479,-0.43298612828391603,1,0.46013050125861876
323,500,Boot,-0.88211190434580844,-0.44858974256018708,0,0.43352216178562136
323,500,RS,-0.79001202247849156,-0.53609073534795926,0,0.2539212871305323
323,1000,PI,-0.64694120503950159,-0.3415497976698712,1,0.30539140736963039
323,1000,Boot,-0.62858035222559527,-0.33406916556671129,1,0.29451118665888398
323,1000,RS,-0.7516119354117119,-0.23687906729766089,1,0.51473286811405106
323,2000,PI,-0.50047858024424396,-0.30123837838944478,1,0.19924020185479918
323,2000,Boot,-0.4880979960256171,-0.30310553934249712,1,0.18499245668311998
323,2000,RS,-0.64214513134932916,-0.15957182728435962,1,0.48257330406496957
323,5000,PI,-0.49384473070802365,-0.37343535715027459,1,0.12040937355774906
323,5000,Boot,-0.49022996945751662,-0.37041910768645048,1,0.11981086177106615
323,5000,RS,-0.51288869897682066,-0.35439138888147753,1,0.15849731009534312
323,10000,PI,-0.46584445565750032,-0.3822794215870875,1,0.083565034070412825
323,10000,Boot,-0.46276876454328386,-0.38202826922789423,1,0.080740495315389627
323,10000,RS,-0.45884047073068418,-0.38928340651390364,1,0.06955706421678054
324,500,PI,-0.57647076827268873,-0.14112794901630096,1,0.43534281925638774
324,500,Boot,-0.59538472667920517,-0.13351565959771672,1,0.46186906708148845
324,500,RS,-0.43912864376259714,-0.27847007352639258,0,0.16065857023620456
324,1000,PI,-0.58232767816301467,-0.29966592505021095,1,0.28266175311280373
324,1000,Boot,-0.56190644224935582,-0.29629706883960005,1,0.26560937340975577
324,1000,RS,-0.64578249602974114,-0.23621110718348445,1,0.40957138884625666
324,2000,PI,-0.58970938469338097,-0.38917014618118623,1,0.20053923851219474
324,2000,Boot,-0.58495124975608848,-0.38035805510860038,1,0.2045931946474881
324,2000,RS,-0.61561965988596024,-0.36325987098860701,1,0.25235978889735322
324,5000,PI,-0.54187154528141179,-0.41897296816007734,1,0.12289857712133445
324,5000,Boot,-0.53364262164427334,-0.41121905105334045,1,0.1224235705909329
324,5000,RS,-0.51987827752465976,-0.44096623591682932,1,0.078912041607830441
324,10000,PI,-0.4926251251796509,-0.40860428807076882,1,0.084020837108882085
324,10000,Boot,-0.49233463988915782,-0.40647548467947869,1,0.085859155209679128
324,10000,RS,-0.5214101263551032,-0.37981928689531652,1,0.14159083945978668
325,500,PI,-0.75939359086564406,-0.31254599550034035,1,0.44684759536530372
325,500,Boot,-0.78313217744551333,-0.29117122582978872,1,0.49196095161572462
325,500,RS,-0.5907335703589599,-0.48120601600702456,0,0.10952755435193534
325,1000,PI,-0.66574866546530309,-0.37612547512281852,1,0.28962319034248457
325,1000,Boot,-0.68468937162730126,-0.36282362486321951,1,0.32186574676408175
325,1000,RS,-0.59752770663992427,-0.44434643394819728,1,0.15318127269172699
325,2000,PI,-0.59082472103505734,-0.39421326571264798,1,0.19661145532240937
325,2000,Boot,-0.5880985166360807,-0.3832413390030569,1,0.2048571776330238
325,2000,RS,-0.58192695807234329,-0.40311102867536197,1,0.17881592939698132
325,5000,PI,-0.50946824547808822,-0.387823276827158,1,0.12164496865093022
325,5000,Boot,-0.50957140345328478,-0.37721729323511194,1,0.13235411021817284
325,5000,RS,-0.53951691253883183,-0.3577746097664144,1,0.18174230277241743
325,10000,PI,-0.51065835669717352,-0.42547335940687919,1,0.085184997290294329
325,10000,Boot,-0.50997109069067192,-0.4259962405209507,1,0.083974850169721227
325,10000,RS,-0.54135718971769409,-0.39477452638635874,1,0.14658266333133535
326,500,PI,-0.70480232097441364,-0.14526200072379386,1,0.55954032025061973
326,500,Boot,-0.65969180541324712,-0.14369189341313854,1,0.51599991200010864
326,500,RS,-0.47714533459670849,-0.37291898710149907,1,0.10422634749520943
326,1000,PI,-0.57936053781913088,-0.26927726280579273,1,0.31008327501333816
326,1000,Boot,-0.58109887956584516,-0.26004922301505617,1,0.32104965655078899
326,1000,RS,-0.46875922461004405,-0.37987857601487962,1,0.088880648595164424
326,2000,PI,-0.46692435510095398,-0.27301704209565814,1,0.19390731300529584
326,2000,Boot,-0.47459641285861243,-0.26490650368548546,1,0.20968990917312696
326,2000,RS,-0.45251042186278345,-0.28743097533382866,1,0.16507944652895479
326,5000,PI,-0.45836938445076308,-0.34077674550117437,1,0.11759263894958871
326,5000,Boot,-0.45172024531032845,-0.32515239045889838,1,0.12656785485143007
326,5000,RS,-0.45836335933132116,-0.34078277062061629,1,0.11758058871070487
326,10000,PI,-0.47085368630127711,-0.38888723548499382,1,0.081966450816283287
326,10000,Boot,-0.46407933268808638,-0.37999150883226923,1,0.084087823855817145
326,10000,RS,-0.50705289290055955,-0.35268802888571138,1,0.15436486401484817
327,500,PI,-0.82983376217284177,-0.29474716935944278,1,0.53508659281339899
327,500,Boot,-0.77651882601902078,-0.32111308336130229,1,0.45540574265771849
327,500,RS,-0.80475845176248217,-0.31982247976980244,1,0.48493597199267974
327,1000,PI,-0.74036300877394046,-0.43480850922173453,1,0.30555449955220593
327,1000,Boot,-0.72349545492548439,-0.4186368982647799,1,0.30485855666070449
327,1000,RS,-0.66646056164349587,-0.50871095635217911,0,0.15774960529131676
327,2000,PI,-0.62058665730860818,-0.41775871078681537,1,0.20282794652179281
327,2000,Boot,-0.60898544652353581,-0.40374127578723273,1,0.20524417073630308
327,2000,RS,-0.6750354284944301,-0.36330993960099345,1,0.31172548889343665
327,5000,PI,-0.51184427945407274,-0.39063794245225258,1,0.12120633700182015
327,5000,Boot,-0.508500484623438,-0.37961347261674971,1,0.12888701200668828
327,5000,RS,-0.5562441601944057,-0.34623806171191956,1,0.21000609848248614
327,10000,PI,-0.50863640999155657,-0.42351840185818546,1,0.085118008133371115
327,10000,Boot,-0.50667894603832941,-0.41870539662984424,1,0.087973549408485174
327,10000,RS,-0.51085137467736585,-0.42130343717237612,1,0.089547937504989739
328,500,PI,-0.52851967713771297,-0.049309685109415247,1,0.47920999202829773
328,500,Boot,-0.49828742344676791,-0.09836050252344597,1,0.39992692092332194
328,500,RS,-0.40631770320629107,-0.17151165904083715,0,0.23480604416545392
328,1000,PI,-0.53834004166233351,-0.24222241742462849,1,0.29611762423770505
328,1000,Boot,-0.52632766528730135,-0.22466825360603809,1,0.30165941168126326
328,1000,RS,-0.52465296130529904,-0.25590949778166294,1,0.26874346352363609
328,2000,PI,-0.55616036830851834,-0.36162436981178792,1,0.19453599849673042
328,2000,Boot,-0.55187811385267649,-0.35417756169224762,1,0.19770055216042887
328,2000,RS,-0.60781578396544711,-0.30996895415485914,1,0.29784682981058797
328,5000,PI,-0.52026631971982018,-0.40032644556615182,1,0.11993987415366836
328,5000,Boot,-0.52305334227628075,-0.3992782433382896,1,0.12377509893799116
328,5000,RS,-0.4989623916773604,-0.42163037360861161,1,0.077332018068748787
328,10000,PI,-0.4759216002418124,-0.39304704127826307,1,0.082874558963549338
328,10000,Boot,-0.4727162612018409,-0.39452490148033659,1,0.078191359721504317
328,10000,RS,-0.48900756239800219,-0.37996107912207328,1,0.10904648327592892
329,500,PI,-0.72903299414023603,-0.23786159493135123,1,0.49117139920888481
329,500,Boot,-0.64622185068342208,-0.23697097154256325,1,0.40925087914085884
329,500,RS,-0.66758944207393123,-0.29930514699765604,1,0.36828429507627519
329,1000,PI,-0.60015188271961262,-0.3069476848335207,1,0.29320419788609192
329,1000,Boot,-0.57864886570557306,-0.29220524916933421,1,0.28644361653623884
329,1000,RS,-0.55917340595916498,-0.34792616159396828,1,0.21124724436519671
329,2000,PI,-0.53487479550335115,-0.33414079867644553,1,0.20073399682690563
329,2000,Boot,-0.52118379673876114,-0.31907853442061856,1,0.20210526231814258
329,2000,RS,-0.48576844889693849,-0.38324714528285819,1,0.10252130361408029
329,5000,PI,-0.52327723542931293,-0.40086180998083204,1,0.12241542544848089
329,5000,Boot,-0.51529687185991202,-0.40073151326004491,1,0.11456535859986711
329,5000,RS,-0.49983396086271731,-0.42430508454742771,1,0.075528876315289595
329,10000,PI,-0.48412566887217773,-0.40012553502275566,1,0.084000133849422065
329,10000,Boot,-0.4752328086434619,-0.40027707540205504,1,0.074955733241406863
329,10000,RS,-0.48884352766679501,-0.39540767622813838,1,0.093435851438656625
330,500,PI,-0.64919628310078326,-0.17450748661606286,1,0.4746887964847204
330,500,Boot,-0.61651950798978117,-0.20518870431148462,1,0.41133080367829655
330,500,RS,-0.50265318617249566,-0.3210505835443504,1,0.18160260262814526
330,1000,PI,-0.57383233053339966,-0.27724661793087602,1,0.29658571260252364
330,1000,Boot,-0.57803952805120384,-0.29175644108271853,1,0.28628308696848531
330,1000,RS,-0.48441022551977764,-0.36666872294449804,1,0.1177415025752796
330,2000,PI,-0.50534056654716986,-0.31226941340416747,1,0.19307115314300238
330,2000,Boot,-0.51206433638188031,-0.31953750465465736,1,0.19252683172722296
330,2000,RS,-0.50387934364727927,-0.31373063630405806,1,0.1901487073432212
330,5000,PI,-0.46084799729471232,-0.34362802761147876,1,0.11721996968323356
330,5000,Boot,-0.45826342035221107,-0.34969423266169747,1,0.1085691876905136
330,5000,RS,-0.44828877916058951,-0.35618724574560157,1,0.092101533414987946
330,10000,PI,-0.46167454682722253,-0.37980501989727333,1,0.081869526929949199
330,10000,Boot,-0.46659541243097236,-0.38361652149864123,1,0.082978890932331129
330,10000,RS,-0.48207737129569506,-0.35940219542880081,1,0.12267517586689425
331,500,PI,-0.6603763536990197,-0.22466079638479594,1,0.43571555731422373
331,500,Boot,-0.6013514137748428,-0.25224749011148295,1,0.34910392366335985
331,500,RS,-0.55136189096125632,-0.33367525912255935,1,0.21768663183869696
331,1000,PI,-0.56304412806503956,-0.26981063488012824,1,0.29323349318491132
331,1000,Boot,-0.53303402012650625,-0.27940713689682117,1,0.25362688322968507
331,1000,RS,-0.51390298496918441,-0.3189517779759834,1,0.19495120699320101
331,2000,PI,-0.47165488984455611,-0.27607726778371816,1,0.19557762206083795
331,2000,Boot,-0.4722446472082642,-0.28027167079028803,1,0.19197297641797617
331,2000,RS,-0.48361030014823764,-0.26412185748003664,1,0.219488442668201
331,5000,PI,-0.48339907063473886,-0.36213428033723183,1,0.12126479029750703
331,5000,Boot,-0.47776894512198631,-0.36008912984452102,1,0.11767981527746529
331,5000,RS,-0.50466917697210079,-0.3408641739998699,1,0.16380500297223088
331,10000,PI,-0.49842383490865444,-0.41330342443195395,1,0.085120410476700492
331,10000,Boot,-0.49356514077299657,-0.41192628528027009,1,0.081638855492726481
331,10000,RS,-0.53283003676208318,-0.37889722257852515,1,0.15393281418355803
332,500,PI,-0.69639730239207787,-0.28345508025520982,1,0.41294222213686804
332,500,Boot,-0.656567318166281,-0.3112755008137712,1,0.3452918173525098
332,500,RS,-0.66621115301949418,-0.31364122962779351,1,0.35256992339170068
332,1000,PI,-0.53274686467938448,-0.2559820272170048,1,0.27676483746237968
332,1000,Boot,-0.52514394181820889,-0.26657256337694074,1,0.25857137844126815
332,1000,RS,-0.55772691142865627,-0.23100198046773307,1,0.3267249309609232
332,2000,PI,-0.4966209883726671,-0.30484541673107901,1,0.19177557164158809
332,2000,Boot,-0.50279700499605462,-0.32118799829927447,1,0.18160900669678015
332,2000,RS,-0.47567615337623981,-0.32579025172750631,1,0.1498859016487335
332,5000,PI,-0.48818430276819241,-0.36734541589637898,1,0.12083888687181343
332,5000,Boot,-0.48037219856922381,-0.36459358691665544,1,0.11577861165256836
332,5000,RS,-0.47787063844290567,-0.37765908022166572,1,0.10021155822123995
332,10000,PI,-0.49634924262679303,-0.41250069079825136,1,0.083848551828541673
332,10000,Boot,-0.4934449792044584,-0.41747907248136962,1,0.075965906723088783
332,10000,RS,-0.50839753427298795,-0.40045239915205644,1,0.10794513512093151
333,500,PI,-0.55443389788278241,-0.026509387267564244,1,0.52792451061521817
333,500,Boot,-0.50999193996435399,-0.042859760656464907,1,0.46713217930788908
333,500,RS,-0.46079959360205719,-0.12014369154828947,1,0.34065590205376772
333,1000,PI,-0.50946014107651405,-0.20168602248288142,1,0.30777411859363263
333,1000,Boot,-0.51044574954929589,-0.21343755875978704,1,0.29700819078950885
333,1000,RS,-0.51472184600523141,-0.19642431755416395,1,0.31829752845106746
333,2000,PI,-0.5305608500312835,-0.32845250270139392,1,0.20210834732988958
333,2000,Boot,-0.52032975554177252,-0.31121428468990175,1,0.20911547085187077
333,2000,RS,-0.57111944728542929,-0.28789390544724808,1,0.28322554183818122
333,5000,PI,-0.52903911255558089,-0.40483452330480862,1,0.12420458925077227
333,5000,Boot,-0.52758060342415858,-0.39244007884208165,1,0.13514052458207693
333,5000,RS,-0.57010462909308313,-0.36376900676730634,1,0.20633562232577679
333,10000,PI,-0.52458356944083728,-0.43893916716315684,1,0.085644402277680443
333,10000,Boot,-0.52330662707358622,-0.43608876041206185,1,0.087217866661524368
333,10000,RS,-0.5425267181338933,-0.42099601847010082,1,0.12153069966379249
334,500,PI,-0.74849967150961638,-0.22018195695342857,1,0.52831771455618781
334,500,Boot,-0.73009002904659959,-0.26645685617347104,1,0.46363317287312855
334,500,RS,-0.6348455289565712,-0.33383609950647375,1,0.30100942945009745
334,1000,PI,-0.63491819584269082,-0.33618989604839933,1,0.2987282997942915
334,1000,Boot,-0.62471223827095157,-0.33745731029540488,1,0.28725492797554669
334,1000,RS,-0.59758694084030628,-0.37352115105078387,1,0.22406578978952241
334,2000,PI,-0.54199647014729457,-0.34686690794773783,1,0.19512956219955674
334,2000,Boot,-0.53428296123683661,-0.35254333620104461,1,0.181739625035792
334,2000,RS,-0.53008967001701635,-0.35877370807801606,1,0.17131596193900028
334,5000,PI,-0.51015432123501359,-0.38998797909308791,1,0.12016634214192567
334,5000,Boot,-0.50295103362671978,-0.39334443902246541,1,0.10960659460425437
334,5000,RS,-0.47919886143182061,-0.42094343889628089,1,0.058255422535539725
334,10000,PI,-0.50034772868822386,-0.41604181078313346,1,0.0843059179050904
334,10000,Boot,-0.49437360034156091,-0.41668519157346307,1,0.07768840876809785
334,10000,RS,-0.47900590442392649,-0.43738363504743077,1,0.041622269376495713
335,500,PI,-0.62942557078849037,-0.098726706514842222,1,0.5306988642736481
335,500,Boot,-0.61987899788435674,-0.1213492544351896,1,0.49852974344916712
335,500,RS,-0.47416197045397074,-0.2539903068493618,1,0.22017166360460894
335,1000,PI,-0.54474950147137868,-0.24180951540566567,1,0.30293998606571304
335,1000,Boot,-0.53068829344167645,-0.20248026117608506,1,0.32820803226559137
335,1000,RS,-0.46113014620276033,-0.325428870674284,1,0.13570127552847633
335,2000,PI,-0.46170345657731615,-0.26147224199762065,1,0.2002312145796955
335,2000,Boot,-0.45688723420253086,-0.23809100973975361,1,0.21879622446277724
335,2000,RS,-0.44277156160104214,-0.28040413697389466,0,0.16236742462714748
335,5000,PI,-0.45394956067685399,-0.33534827571306203,1,0.11860128496379196
335,5000,Boot,-0.45862790448464974,-0.32489550067678274,1,0.133732403807867
335,5000,RS,-0.43852450351335814,-0.35077333287655788,0,0.087751170636800269
335,10000,PI,-0.47441401536353967,-0.39079279957508106,1,0.083621215788458603
335,10000,Boot,-0.47788870201129707,-0.38843283802469586,1,0.089455863986601214
335,10000,RS,-0.52585309007942294,-0.33935372485919779,1,0.18649936522022514
336,500,PI,-0.40472507359038079,0.067322566912694864,0,0.47204764050307568
336,500,Boot,-0.35929131554904953,0.051682458430344386,0,0.41097377397939394
336,500,RS,-0.21930546082461203,-0.11809704585307387,0,0.10120841497153815
336,1000,PI,-0.49169629319235797,-0.19583172607530955,1,0.29586456711704845
336,1000,Boot,-0.48185999739148644,-0.20697697881071953,1,0.27488301858076691
336,1000,RS,-0.62833061208750229,-0.059197407180165196,1,0.5691332049073371
336,2000,PI,-0.51530305836878032,-0.31918509977014853,1,0.19611795859863179
336,2000,Boot,-0.50787395354152653,-0.31714590981234242,1,0.19072804372918412
336,2000,RS,-0.60224712937432689,-0.23224102876460193,1,0.37000610060972494
336,5000,PI,-0.46116149312972488,-0.34608593620225803,1,0.11507555692746685
336,5000,Boot,-0.45909177431611481,-0.33658666555643763,1,0.12250510875967718
336,5000,RS,-0.46814214673012572,-0.33910528260185718,1,0.12903686412826854
336,10000,PI,-0.47240894785862186,-0.39037110654927776,1,0.082037841309344106
336,10000,Boot,-0.47911893183295401,-0.38659109081636422,1,0.092527841016589785
336,10000,RS,-0.49900307602756705,-0.36377697838033257,1,0.13522609764723448
337,500,PI,-0.56756790654711087,-0.17345463200400382,1,0.39411327454310707
337,500,Boot,-0.58055506389195199,-0.12142614955792921,1,0.45912891433402281
337,500,RS,-0.49564838749792267,-0.24537415105319199,1,0.25027423644473068
337,1000,PI,-0.49463520172375725,-0.22476518093081482,1,0.26987002079294242
337,1000,Boot,-0.48166801928801006,-0.19636284535558676,1,0.28530517393242327
337,1000,RS,-0.43956716280095776,-0.27983321985361431,0,0.15973394294734344
337,2000,PI,-0.46194502209760024,-0.27987221284525066,1,0.18207280925234959
337,2000,Boot,-0.45337658265296543,-0.27338914255800734,1,0.1799874400949581
337,2000,RS,-0.39574088758753345,-0.34607634735531745,0,0.049664540232216003
337,5000,PI,-0.45226601327742638,-0.33741722001001268,1,0.11484879326741371
337,5000,Boot,-0.44490241296882216,-0.33867453867787178,0,0.10622787429095037
337,5000,RS,-0.47718362447738127,-0.31249960881005778,1,0.16468401566732349
337,10000,PI,-0.4698347376393513,-0.38683624351290374,1,0.082998494126447553
337,10000,Boot,-0.46579746490229285,-0.38807224893570724,1,0.077725215966585603
337,10000,RS,-0.51174658264773543,-0.34492439850451961,1,0.16682218414321581
338,500,PI,-0.55882525421687468,-0.14286275838594051,1,0.41596249583093414
338,500,Boot,-0.52620324448519196,-0.15676153825113232,1,0.36944170623405964
338,500,RS,-0.55247214633647335,-0.1492158662663419,1,0.40325628007013148
338,1000,PI,-0.51401010538715353,-0.23977766437958467,1,0.27423244100756883
338,1000,Boot,-0.5051380592001492,-0.2376478341337169,1,0.26749022506643227
338,1000,RS,-0.45879397740557532,-0.29499379236116291,1,0.16380018504441241
338,2000,PI,-0.54122243147484217,-0.351525154155929,1,0.18969727731891317
338,2000,Boot,-0.5323302650176458,-0.35890805960424649,1,0.17342220541339931
338,2000,RS,-0.59314003187328834,-0.29960755375748283,1,0.29353247811580552
338,5000,PI,-0.57750078988664522,-0.4554491440178377,0,0.12205164586880751
338,5000,Boot,-0.57741610036419766,-0.46559193657163728,0,0.11182416379256038
338,5000,RS,-0.63414719944579545,-0.39880273445868758,1,0.23534446498710787
338,10000,PI,-0.53512502105878768,-0.44880427842456777,0,0.086320742634219905
338,10000,Boot,-0.53387617473909321,-0.44407443922776463,1,0.089801735511328584
338,10000,RS,-0.54199511770028341,-0.44193418178307198,1,0.10006093591721144
339,500,PI,-0.58619584035296146,-0.11742974239177559,1,0.46876609796118585
339,500,Boot,-0.5750262534724957,-0.095488133952193244,1,0.47953811952030245
339,500,RS,-0.40009435112119801,-0.30353123162353907,0,0.096563119497658945
339,1000,PI,-0.56357489372499459,-0.28220455189439364,1,0.28137034183060095
339,1000,Boot,-0.54616719575382178,-0.27531714788792599,1,0.27085004786589578
339,1000,RS,-0.58807923223907288,-0.25770021338031529,1,0.33037901885875759
339,2000,PI,-0.54863451868157498,-0.35031093910808275,1,0.19832357957349223
339,2000,Boot,-0.53354301187428854,-0.33670858232922402,1,0.19683442954506453
339,2000,RS,-0.53907605418059346,-0.35986940360906428,1,0.17920665057152918
339,5000,PI,-0.5342609400921301,-0.4119280856211891,1,0.122332854470941
339,5000,Boot,-0.53533220442994045,-0.40248762172399899,1,0.13284458270594146
339,5000,RS,-0.52040544501158181,-0.42578358070173733,1,0.094621864309844483
339,10000,PI,-0.50338984910233975,-0.41906765637271093,1,0.08432219272962882
339,10000,Boot,-0.50172059632820454,-0.4153286151699212,1,0.086391981158283337
339,10000,RS,-0.49027983556558286,-0.43217766990946782,1,0.058102165656115035
340,500,PI,-0.70311126820692915,-0.23134869556171439,1,0.47176257264521476
340,500,Boot,-0.65330062084835516,-0.22928842363467489,1,0.42401219721368028
340,500,RS,-0.56548400134326804,-0.36897596242537556,1,0.19650803891789248
340,1000,PI,-0.625924373939301,-0.32142183357147269,1,0.30450254036782831
340,1000,Boot,-0.59197628463420393,-0.30510812729663939,1,0.28686815733756454
340,1000,RS,-0.5352934588997692,-0.41205274861100444,1,0.12324071028876477
340,2000,PI,-0.55570666516267386,-0.35503080813361898,1,0.20067585702905488
340,2000,Boot,-0.54021182899382902,-0.34626067766493746,1,0.19395115132889157
340,2000,RS,-0.53295251418977119,-0.37778495910652166,1,0.15516755508324953
340,5000,PI,-0.52423461973998509,-0.40232023231958319,1,0.12191438742040189
340,5000,Boot,-0.51046271506255969,-0.39663294060231991,1,0.11382977446023979
340,5000,RS,-0.48901251920150174,-0.4375423328580666,1,0.051470186343435143
340,10000,PI,-0.47995464208618971,-0.39522237537010146,1,0.084732266716088245
340,10000,Boot,-0.47769781744081963,-0.38822868577397185,1,0.089469131666847779
340,10000,RS,-0.49675091203381638,-0.37842610542247479,1,0.11832480661134159
341,500,PI,-0.87265586250087246,-0.3482113534650475,1,0.52444450903582496
341,500,Boot,-0.81845800597642704,-0.37317085941579181,1,0.44528714656063523
341,500,RS,-0.66478825098575578,-0.55607896498016418,0,0.1087092860055916
341,1000,PI,-0.62446846758341401,-0.32838527207842927,1,0.29608319550498474
341,1000,Boot,-0.60922298627256255,-0.33783545142378912,1,0.27138753484877343
341,1000,RS,-0.71514499326946035,-0.23770874639238296,1,0.47743624687707742
341,2000,PI,-0.51311052162714743,-0.31783514851686689,1,0.19527537311028054
341,2000,Boot,-0.52283519094931952,-0.30340573136621407,1,0.21942945958310545
341,2000,RS,-0.57634270899795148,-0.25460296114606285,1,0.32173974785188864
341,5000,PI,-0.44430385686172169,-0.32677262978240085,0,0.11753122707932084
341,5000,Boot,-0.45275892843813242,-0.31985048703004904,1,0.13290844140808339
341,5000,RS,-0.44987989029621644,-0.32119659634790609,1,0.12868329394831035
341,10000,PI,-0.45056207934672904,-0.36917380752744428,1,0.081388271819284763
341,10000,Boot,-0.44856101107704477,-0.37000930064417559,1,0.078551710432869182
341,10000,RS,-0.46010573568369306,-0.35963015119048025,1,0.10047558449321281
342,500,PI,-0.56928711228475615,-0.13513532901094141,1,0.43415178327381476
342,500,Boot,-0.51854543012683674,-0.13843794604810167,1,0.38010748407873507
342,500,RS,-0.53686771500969233,-0.16755472628600518,1,0.36931298872368712
342,1000,PI,-0.57092406188949185,-0.27037443609357503,1,0.30054962579591682
342,1000,Boot,-0.53342020765079223,-0.24200794998741837,1,0.29141225766337386
342,1000,RS,-0.53655441390382519,-0.30474408407924164,1,0.23181032982458355
342,2000,PI,-0.56622037869761555,-0.36535099249470604,1,0.20086938620290951
342,2000,Boot,-0.54937529147101305,-0.35461621617233419,1,0.19475907529867886
342,2000,RS,-0.5604654257493964,-0.37110594544292519,1,0.18935948030647121
342,5000,PI,-0.5151093217791417,-0.39307134713663194,1,0.12203797464250976
342,5000,Boot,-0.50164882568507219,-0.40044007266353998,1,0.10120875302153221
342,5000,RS,-0.48501717834068009,-0.42316349057509356,1,0.061853687765586529
342,10000,PI,-0.49044424199674869,-0.40650734073011779,1,0.083936901266630892
342,10000,Boot,-0.47974091472296621,-0.40705041341776033,1,0.072690501305205879
342,10000,RS,-0.49445375968625288,-0.4024978230406136,1,0.09195593664563928
343,500,PI,-0.63864386890084268,-0.22144723137344741,1,0.41719663752739528
343,500,Boot,-0.6438681158435442,-0.26000392838755815,1,0.38386418745598605
343,500,RS,-0.55299159589689251,-0.30709950437739747,1,0.24589209151949504
343,1000,PI,-0.64776590282669622,-0.35615345981109248,1,0.29161244301560374
343,1000,Boot,-0.68206178734049416,-0.37455218943350355,1,0.30750959790699062
343,1000,RS,-0.60927529305602923,-0.39464406958175952,1,0.21463122347426972
343,2000,PI,-0.53796780987251125,-0.34356404473208918,1,0.19440376514042207
343,2000,Boot,-0.54982634364679961,-0.35162949183545888,1,0.19819685181134072
343,2000,RS,-0.53268422982141272,-0.34884762478318765,1,0.18383660503822508
343,5000,PI,-0.52044423862630274,-0.40096359361157241,1,0.11948064501473032
343,5000,Boot,-0.51861060637072576,-0.40331589409241064,1,0.11529471227831511
343,5000,RS,-0.49098393706613475,-0.4304238951717404,1,0.060560041894394345
343,10000,PI,-0.4911236653335197,-0.40730714898476528,1,0.083816516348754422
343,10000,Boot,-0.48995962031909662,-0.40326574097623774,1,0.086693879342858882
343,10000,RS,-0.46602139757229927,-0.43240941674598571,1,0.033611980826313559
344,500,PI,-0.71843875842413463,-0.251239089377717,1,0.46719966904641763
344,500,Boot,-0.67249279414276675,-0.25666405754995159,1,0.41582873659281516
344,500,RS,-0.80883026257840429,-0.16084758522344728,1,0.64798267735495707
344,1000,PI,-0.63366323885312958,-0.34786313193332086,1,0.28580010691980873
344,1000,Boot,-0.64625650601215923,-0.32229798561827594,1,0.32395852039388329
344,1000,RS,-0.59801457333120811,-0.38351179745524239,1,0.21450277587596572
344,2000,PI,-0.58910747504221994,-0.39717766791822451,1,0.19192980712399543
344,2000,Boot,-0.59380551790264102,-0.39318326132712089,1,0.20062225657552013
344,2000,RS,-0.52491756399503209,-0.46136757896541242,0,0.063549985029619671
344,5000,PI,-0.50656177155980642,-0.38772697976260173,1,0.11883479179720469
344,5000,Boot,-0.51112479363765195,-0.39304841216995806,1,0.11807638146769389
344,5000,RS,-0.51749255560203899,-0.3767961957203691,1,0.1406963598816699
344,10000,PI,-0.50230253897867561,-0.41913105708944881,1,0.083171481889226795
344,10000,Boot,-0.49725119950191665,-0.41850054514755591,1,0.078750654354360738
344,10000,RS,-0.5043084648453684,-0.41712513122275591,1,0.087183333622612491
345,500,PI,-0.40669108356978556,0.017182911635673231,0,0.42387399520545876
345,500,Boot,-0.40163922845823075,0.0099577612077086097,0,0.41159698966593938
345,500,RS,-0.40869183044996127,0.019183658515848939,0,0.42787548896581018
345,1000,PI,-0.55746665106019011,-0.27678103340921523,1,0.28068561765097488
345,1000,Boot,-0.54383852912738218,-0.29098606514899972,1,0.25285246397838246
345,1000,RS,-0.79266824609961395,-0.041579438369791444,1,0.75108880772982256
345,2000,PI,-0.49383986417382675,-0.2984559254887994,1,0.19538393868502735
345,2000,Boot,-0.49171602837144013,-0.29748589149018634,1,0.19423013688125379
345,2000,RS,-0.49914338225205734,-0.2931524074105688,1,0.20599097484148854
345,5000,PI,-0.48332019003771531,-0.36399834445797974,1,0.11932184557973557
345,5000,Boot,-0.4911667147504008,-0.35909033201118051,1,0.13207638273922029
345,5000,RS,-0.48798822462805408,-0.35933030986764097,1,0.12865791476041311
345,10000,PI,-0.47097417891454885,-0.3856274174669666,1,0.085346761447582242
345,10000,Boot,-0.47153496760177815,-0.37938308717649077,1,0.09215188042528738
345,10000,RS,-0.45590581627415411,-0.40069578010736134,1,0.055210036166792764
346,500,PI,-0.5648502291479689,-0.062320032756495336,1,0.50253019639147356
346,500,Boot,-0.54038162745254625,-0.095853888597627335,1,0.44452773885491892
346,500,RS,-0.35847405444484648,-0.26869620745961775,0,0.089777846985228726
346,1000,PI,-0.5485346383063382,-0.24745206763972435,1,0.30108257066661381
346,1000,Boot,-0.53637910054948312,-0.25530847146763497,1,0.28107062908184816
346,1000,RS,-0.56283535707224863,-0.233151348873814,1,0.32968400819843463
346,2000,PI,-0.51745043285168058,-0.31835922459090626,1,0.19909120826077431
346,2000,Boot,-0.51124183348618324,-0.31145229636266458,1,0.19978953712351866
346,2000,RS,-0.49031765703720614,-0.34549200040538069,1,0.14482565663182545
346,5000,PI,-0.46077918119353251,-0.34003229086010373,1,0.12074689033342878
346,5000,Boot,-0.45604772521136755,-0.33855649941306698,1,0.11749122579830057
346,5000,RS,-0.44282385904415178,-0.35798761300948445,0,0.084836246034667329
346,10000,PI,-0.47455012591909057,-0.38950236244866204,1,0.085047763470428528
346,10000,Boot,-0.4743844646226274,-0.3931775010759529,1,0.081206963546674504
346,10000,RS,-0.47709195954024913,-0.38696052882750348,1,0.090131430712745653
347,500,PI,-0.80286552446778703,-0.30937246429593512,1,0.4934930601718519
347,500,Boot,-0.75527721023973815,-0.31685914105640872,1,0.43841806918332943
347,500,RS,-0.75172521507223888,-0.36051277369148327,1,0.39121244138075562
347,1000,PI,-0.55947486097620791,-0.26004308721430985,1,0.29943177376189806
347,1000,Boot,-0.56642689909569621,-0.26301236790420379,1,0.30341453119149242
347,1000,RS,-0.68102601569083088,-0.13849193249968694,1,0.54253408319114393
347,2000,PI,-0.50455461082647746,-0.31395267296893614,1,0.19060193785754131
347,2000,Boot,-0.49907263861376239,-0.31415633138775823,1,0.18491630722600416
347,2000,RS,-0.49835514425145333,-0.32015213954396027,1,0.17820300470749306
347,5000,PI,-0.49773229947939618,-0.37843263820273337,1,0.11929966127666281
347,5000,Boot,-0.50189775068016551,-0.37071154018509178,1,0.13118621049507373
347,5000,RS,-0.48282400890221794,-0.39334092877991161,1,0.089483080122306324
347,10000,PI,-0.47886575336361126,-0.39430974725342949,1,0.084556006110181769
347,10000,Boot,-0.47889445250615009,-0.38475809751112799,1,0.094136354995022098
347,10000,RS,-0.45535404191452755,-0.41782145870251319,1,0.037532583212014359
348,500,PI,-0.7116569964680044,-0.19079769165870136,1,0.52085930480930309
348,500,Boot,-0.67626631275954563,-0.21220899181011979,1,0.46405732094942587
348,500,RS,-0.68364436373689419,-0.21881032438981152,1,0.46483403934708267
348,1000,PI,-0.54335317697437491,-0.24273552766835649,1,0.30061764930601842
348,1000,Boot,-0.55023973955496785,-0.24180375308522431,1,0.30843598646974357
348,1000,RS,-0.51985945514031862,-0.26622924950241278,1,0.25363020563790584
348,2000,PI,-0.47820530148540796,-0.28264380526546073,1,0.19556149621994723
348,2000,Boot,-0.4815760493761243,-0.28785974912464179,1,0.19371630025148251
348,2000,RS,-0.43444844681489669,-0.326400659935972,0,0.10804778687892469
348,5000,PI,-0.49484531406768706,-0.37613763906163056,1,0.1187076750060565
348,5000,Boot,-0.49981104233421592,-0.3746803575542596,1,0.12513068477995631
348,5000,RS,-0.56474292041204166,-0.30624003271727596,1,0.2585028876947657
348,10000,PI,-0.49187884368621676,-0.40684449748357326,1,0.085034346202643496
348,10000,Boot,-0.49283826344909909,-0.41155689915514038,1,0.081281364293958713
348,10000,RS,-0.51069639024476032,-0.38802695092502965,1,0.12266943931973068
349,500,PI,-0.60749789641290308,-0.14980450837138279,1,0.45769338804152027
349,500,Boot,-0.59844542183111649,-0.12064417264412919,1,0.4778012491869873
349,500,RS,-0.43380638838933516,-0.32349601639495074,0,0.11031037199438443
349,1000,PI,-0.50662207800484604,-0.21759424903936861,1,0.28902782896547741
349,1000,Boot,-0.4921114747799652,-0.21725956442365491,1,0.27485191035631029
349,1000,RS,-0.41947128466559191,-0.30474504237862277,0,0.11472624228696915
349,2000,PI,-0.50962603535101969,-0.3092629735487894,1,0.20036306180223029
349,2000,Boot,-0.50750597521772411,-0.2815879727084647,1,0.22591800250925942
349,2000,RS,-0.49619254676782382,-0.32269646213198527,1,0.17349608463583854
349,5000,PI,-0.47513811983719362,-0.35583535792156101,1,0.1193027619156326
349,5000,Boot,-0.4695086911963382,-0.34686549472915923,1,0.12264319646717897
349,5000,RS,-0.46747260270806479,-0.36350087505068984,1,0.10397172765737495
349,10000,PI,-0.47460559130735752,-0.39094239311259077,1,0.083663198194766752
349,10000,Boot,-0.47212313957115448,-0.38948193956006771,1,0.082641200011086768
349,10000,RS,-0.47605571158384641,-0.38949227283610188,1,0.086563438747744526
350,500,PI,-0.84045634440983952,-0.39739165377120711,1,0.44306469063863241
350,500,Boot,-0.82537506600973232,-0.4124541384764232,1,0.41292092753330911
350,500,RS,-0.69862879338247708,-0.53921920479856955,0,0.15940958858390752
350,1000,PI,-0.6859853510590066,-0.37900916528126327,1,0.30697618577774333
350,1000,Boot,-0.67536261572157863,-0.38317109023335577,1,0.29219152548822286
350,1000,RS,-0.7230214280967866,-0.34197308824348327,1,0.38104833985330333
350,2000,PI,-0.52657156970452745,-0.32482309502081719,1,0.20174847468371027
350,2000,Boot,-0.52611592258896067,-0.33042627907619193,1,0.19568964351276874
350,2000,RS,-0.64821253236342335,-0.20318213236192129,1,0.44503040000150207
350,5000,PI,-0.45089365373278983,-0.33185837170151816,1,0.11903528203127167
350,5000,Boot,-0.44511161097304452,-0.32281903837578307,0,0.12229257259726145
350,5000,RS,-0.4691744394392664,-0.3135775859950416,1,0.1555968534442248
350,10000,PI,-0.44647708932627894,-0.36478547050474952,0,0.081691618821529421
350,10000,Boot,-0.44477386179145495,-0.35662327391787274,0,0.088150587873582209
350,10000,RS,-0.4434819095964922,-0.36778065023453627,0,0.07570125936195593
351,500,PI,-0.8329391137385227,-0.34693154934667092,1,0.48600756439185178
351,500,Boot,-0.78152842645759146,-0.36279673401218909,1,0.41873169244540237
351,500,RS,-0.685677968030734,-0.49419269505445962,0,0.19148527297627438
351,1000,PI,-0.6616529561592408,-0.35742180059694778,1,0.30423115556229302
351,1000,Boot,-0.65898358464875784,-0.3522094037510034,1,0.30677418089775443
351,1000,RS,-0.6377355163683478,-0.38133924038784084,1,0.25639627598050696
351,2000,PI,-0.5639840810689476,-0.36505937829774765,1,0.19892470277119995
351,2000,Boot,-0.55213940807179773,-0.35686038537510784,1,0.1952790226966899
351,2000,RS,-0.56058668354981145,-0.36845677581688385,1,0.1921299077329276
351,5000,PI,-0.52882423334645912,-0.40686906339572515,1,0.12195516995073397
351,5000,Boot,-0.53101786992511046,-0.4034692452448036,1,0.12754862468030687
351,5000,RS,-0.50991652134289955,-0.42577677539928471,1,0.084139745943614841
351,10000,PI,-0.51235011673273934,-0.42838582076517429,1,0.08396429596756505
351,10000,Boot,-0.51172372863809801,-0.42766959685131628,1,0.084054131786781727
351,10000,RS,-0.48989166475261436,-0.45084427274529926,0,0.039047392007315107
352,500,PI,-0.68364054059830792,-0.25412805339253197,1,0.42951248720577595
352,500,Boot,-0.65219940359247164,-0.26128631139022657,1,0.39091309220224507
352,500,RS,-0.57950213813040097,-0.35826645586043893,1,0.22123568226996204
352,1000,PI,-0.61431874654748664,-0.3131328519620839,1,0.30118589458540274
352,1000,Boot,-0.59323619139270667,-0.32532111469998715,1,0.26791507669271952
352,1000,RS,-0.52933148564476529,-0.39812011286480514,1,0.13121137277996014
352,2000,PI,-0.53958213464841154,-0.33807923415162044,1,0.20150290049679109
352,2000,Boot,-0.53537564070344534,-0.30370182066216223,1,0.23167382004128312
352,2000,RS,-0.49338690259384638,-0.38427446620618561,1,0.10911243638766077
352,5000,PI,-0.49882750684799637,-0.37928141682231109,1,0.11954609002568528
352,5000,Boot,-0.50907641932948977,-0.3632329512783769,1,0.14584346805111287
352,5000,RS,-0.48578246381155243,-0.39232645985875503,1,0.093456003952797406
352,10000,PI,-0.47507216057571772,-0.39195854293655835,1,0.083113617639159365
352,10000,Boot,-0.4785569873426142,-0.38446876650447614,1,0.094088220838138059
352,10000,RS,-0.46380026927069101,-0.40323043424158506,1,0.060569835029105956
353,500,PI,-0.46825139444825559,-0.047026357630396504,1,0.42122503681785906
353,500,Boot,-0.46261857323896027,-0.021233052556662468,1,0.44138552068229781
353,500,RS,-0.59947811406881235,0.084200361990160177,1,0.68367847605897247
353,1000,PI,-0.53776041916042838,-0.26119490424022651,1,0.27656551492020187
353,1000,Boot,-0.51390632795374214,-0.25481796247748345,1,0.25908836547625869
353,1000,RS,-0.6242371955491316,-0.17471812785152327,1,0.4495190676976083
353,2000,PI,-0.50893423550752281,-0.3153895497348731,1,0.19354468577264972
353,2000,Boot,-0.48514622754948084,-0.32473422604990254,1,0.16041200149957829
353,2000,RS,-0.52338339198936423,-0.30094039325303168,1,0.22244299873633255
353,5000,PI,-0.47065876520789623,-0.35197228581960643,1,0.1186864793882898
353,5000,Boot,-0.4626851865694151,-0.33998124967575527,1,0.12270393689365983
353,5000,RS,-0.45177835306139491,-0.37085269796610776,1,0.080925655095287152
353,10000,PI,-0.48626225302571502,-0.40197527058828153,1,0.084286982437433489
353,10000,Boot,-0.48208564219698358,-0.39793034252129317,1,0.084155299675690409
353,10000,RS,-0.52248213813803024,-0.36575538547596637,1,0.15672675266206387
354,500,PI,-0.4496216848713197,0.0086425248327226534,1,0.45826420970404236
354,500,Boot,-0.42817683434871667,-0.037235489436857255,0,0.39094134491185939
354,500,RS,-0.5051835168745985,0.064204356836001453,1,0.56938787371059996
354,1000,PI,-0.412688357454015,-0.13147652200178531,0,0.28121183545222972
354,1000,Boot,-0.39433182087676555,-0.13473366226956465,0,0.25959815860720092
354,1000,RS,-0.38352509990382111,-0.16063977955197917,0,0.22288532035184194
354,2000,PI,-0.41472460874011063,-0.22324228279058933,0,0.1914823259495213
354,2000,Boot,-0.40195502385875603,-0.21879711551875713,0,0.1831579083399989
354,2000,RS,-0.41897298272085748,-0.21899390880984251,0,0.19997907391101497
354,5000,PI,-0.4358869120300346,-0.3213772846136963,0,0.1145096274163383
354,5000,Boot,-0.43208171363630643,-0.31663523902798885,0,0.11544647460831758
354,5000,RS,-0.47642157433033899,-0.28084262231339191,1,0.19557895201694708
354,10000,PI,-0.44798298112239177,-0.36629060859377782,1,0.081692372528613943
354,10000,Boot,-0.44844691175944018,-0.36703666727966988,1,0.0814102444797703
354,10000,RS,-0.48516415966496584,-0.32910943005120374,1,0.1560547296137621
355,500,PI,-0.70502085646672152,-0.24287533628658933,1,0.46214552018013222
355,500,Boot,-0.68148122224888485,-0.25420809830144364,1,0.42727312394744121
355,500,RS,-0.85574787213433434,-0.092148320618976487,1,0.76359955151535786
355,1000,PI,-0.6750081687361873,-0.36675445307545235,1,0.30825371566073495
355,1000,Boot,-0.66505185577509707,-0.36134945923725303,1,0.30370239653784403
355,1000,RS,-0.61827659456688522,-0.42348602724475443,1,0.19479056732213079
355,2000,PI,-0.63881465993171715,-0.43689085405109063,1,0.20192380588062653
355,2000,Boot,-0.6219514436053285,-0.44112171912991394,1,0.18082972447541457
355,2000,RS,-0.59292434217301626,-0.48278117180979152,0,0.11014317036322474
355,5000,PI,-0.51775122322914413,-0.39510909351993673,1,0.1226421297092074
355,5000,Boot,-0.50366187858423317,-0.39806125982101503,1,0.10560061876321813
355,5000,RS,-0.58386344568060244,-0.32899687106847847,1,0.25486657461212398
355,10000,PI,-0.52171788596725666,-0.43584928094576719,1,0.085868605021489464
355,10000,Boot,-0.52210355753595261,-0.43154741466090735,1,0.090556142875045265
355,10000,RS,-0.52874844980660629,-0.42881871710641745,1,0.099929732700188845
356,500,PI,-0.66851763209351267,-0.16232722238847314,1,0.50619040970503959
356,500,Boot,-0.65420606143889093,-0.20175209444126088,1,0.45245396699763007
356,500,RS,-0.54763656872810806,-0.28320828575387769,1,0.26442828297423038
356,1000,PI,-0.50965114509680176,-0.22228365400257177,1,0.28736749109422999
356,1000,Boot,-0.52372154222931666,-0.23073568677449335,1,0.29298585545482331
356,1000,RS,-0.46784796311157173,-0.2640868359878018,1,0.20376112712376993
356,2000,PI,-0.54195964646609796,-0.34963047147099824,1,0.19232917499509972
356,2000,Boot,-0.55550529279997307,-0.33599698028857394,1,0.21950831251139913
356,2000,RS,-0.58390241495720019,-0.30768770297989601,1,0.27621471197730418
356,5000,PI,-0.50363458278911566,-0.38441503188413217,1,0.11921955090498348
356,5000,Boot,-0.49917688630919693,-0.38189513362583771,1,0.11728175268335922
356,5000,RS,-0.48848722206073625,-0.39956239261251159,1,0.088924829448224663
356,10000,PI,-0.49988555323381584,-0.41613577771674432,1,0.083749775517071523
356,10000,Boot,-0.49961273028030251,-0.42030281599821634,1,0.079309914282086169
356,10000,RS,-0.49043087527071189,-0.42559045567984827,1,0.064840419590863618
357,500,PI,-0.55637792874496572,-0.0457511765503687,1,0.51062675219459708
357,500,Boot,-0.51741326067528237,-0.033991395680256942,1,0.48342186499502543
357,500,RS,-0.59604859876587879,-0.0060805065294555205,1,0.58996809223642321
357,1000,PI,-0.4831571439758004,-0.18729029018456494,1,0.29586685379123545
357,1000,Boot,-0.47605579253957175,-0.17790991331038564,1,0.29814587922918612
357,1000,RS,-0.47267570894789723,-0.19777172521246808,1,0.27490398373542912
357,2000,PI,-0.46950687975452654,-0.27758648657384588,1,0.19192039318068066
357,2000,Boot,-0.46372711658559385,-0.2824233824559147,1,0.18130373412967915
357,2000,RS,-0.46051442703210588,-0.28657893929626654,1,0.17393548773583933
357,5000,PI,-0.48209041087418053,-0.36355605894700033,1,0.1185343519271802
357,5000,Boot,-0.47924430955481323,-0.35843675780989298,1,0.12080755174492025
357,5000,RS,-0.49447152496048813,-0.35117494486069273,1,0.1432965800997954
357,10000,PI,-0.48208240963375637,-0.39920515212620522,1,0.08287725750755115
357,10000,Boot,-0.48209163462067944,-0.39828403103402904,1,0.083807603586650403
357,10000,RS,-0.4868499621317553,-0.39443759962820629,1,0.092412362503549006
358,500,PI,-0.83155388867068958,-0.36730414504905207,1,0.46424974362163751
358,500,Boot,-0.78522587365294438,-0.35775807583545138,1,0.427467797817493
358,500,RS,-0.70335849097151748,-0.49549954274822422,0,0.20785894822329326
358,1000,PI,-0.72084815778719191,-0.42797664005252206,1,0.29287151773466985
358,1000,Boot,-0.70971732206982463,-0.40720838829318462,1,0.30250893377664001
358,1000,RS,-0.73581628905376306,-0.41300850878595086,1,0.32280778026781221
358,2000,PI,-0.64486437757393644,-0.45080327217626359,0,0.19406110539767285
358,2000,Boot,-0.66466537477053889,-0.43141077836406572,1,0.23325459640647317
358,2000,RS,-0.64208101203380574,-0.45358663771639429,0,0.18849437431741145
358,5000,PI,-0.58142414810680809,-0.45963503766002334,0,0.12178911044678475
358,5000,Boot,-0.57294657188019271,-0.44653993425703187,1,0.12640663762316084
358,5000,RS,-0.55953137346403836,-0.48152781230279301,0,0.078003561161245349
358,10000,PI,-0.52804708615360318,-0.44252311959341684,1,0.085523966560186349
358,10000,Boot,-0.5259705283687659,-0.43664225742967017,1,0.089328270939095733
358,10000,RS,-0.57315201331959609,-0.39741819242742393,1,0.17573382089217215
359,500,PI,-0.50414046919813837,0.033999520151865414,1,0.53813998935000384
359,500,Boot,-0.4574008125401775,0.0041436986945657672,1,0.46154451123474327
359,500,RS,-0.31937059488071251,-0.15077035416556051,0,0.16860024071515201
359,1000,PI,-0.4854319882893624,-0.19607666342290711,1,0.28935532486645532
359,1000,Boot,-0.46264163454167867,-0.16769280648102736,1,0.29494882806065131
359,1000,RS,-0.52924436390884799,-0.15226428780342155,1,0.37698007610542644
359,2000,PI,-0.43844753776101691,-0.24785427222031026,0,0.19059326554070666
359,2000,Boot,-0.43206735993237722,-0.24210079027142428,0,0.18996656966095293
359,2000,RS,-0.40532719731706129,-0.28097461266426588,0,0.12435258465279542
359,5000,PI,-0.46130142592573431,-0.34295590884192462,1,0.11834551708380969
359,5000,Boot,-0.44861341810828193,-0.33655449402273607,1,0.11205892408554585
359,5000,RS,-0.53102265948816529,-0.27323467527949363,1,0.25778798420867166
359,10000,PI,-0.4608113839800877,-0.37727543674271125,1,0.083535947237376451
359,10000,Boot,-0.45359732213418746,-0.37219829425708029,1,0.081399027877107177
359,10000,RS,-0.48895712400887326,-0.34912969671392569,1,0.13982742729494757
360,500,PI,-0.64307168835919981,-0.14340077591562922,1,0.49967091244357059
360,500,Boot,-0.60585076759315837,-0.10733110526295059,1,0.49851966233020778
360,500,RS,-0.47120407826270666,-0.31526838601212243,1,0.15593569225058423
360,1000,PI,-0.54006431019188605,-0.24643223046136373,1,0.2936320797305223
360,1000,Boot,-0.52284324177884689,-0.22441120843972198,1,0.29843203333912494
360,1000,RS,-0.46203126897213076,-0.32446527168111905,1,0.13756599729101171
360,2000,PI,-0.46017384498343089,-0.27200013194642342,1,0.18817371303700747
360,2000,Boot,-0.46450756580460945,-0.26527287625364926,1,0.19923468955096019
360,2000,RS,-0.41131696031049714,-0.32085701661935717,0,0.090459943691139966
360,5000,PI,-0.48990519520262177,-0.37058312088053269,1,0.11932207432208908
360,5000,Boot,-0.49005772181006996,-0.36952942273241618,1,0.12052829907765378
360,5000,RS,-0.52601293864126331,-0.33447537744189121,1,0.1915375611993721
360,10000,PI,-0.49109929044356077,-0.40666864284060328,1,0.084430647602957487
360,10000,Boot,-0.48304523655469994,-0.40543337452402484,1,0.077611862030675105
360,10000,RS,-0.50667903066169317,-0.39108890262247087,1,0.11559012803922231
361,500,PI,-0.56031019986560371,-0.08539361000699508,1,0.47491658985860863
361,500,Boot,-0.53092300542304138,-0.10696720805138987,1,0.42395579737165151
361,500,RS,-0.38173265011916818,-0.26397115975343061,0,0.11776149036573758
361,1000,PI,-0.52579092833008878,-0.23352812152800762,1,0.29226280680208117
361,1000,Boot,-0.53544766238491692,-0.2133436574659022,1,0.3221040049190147
361,1000,RS,-0.48185735619263165,-0.27746169366546475,1,0.2043956625271669
361,2000,PI,-0.44484547528659102,-0.25724793215987796,0,0.18759754312671306
361,2000,Boot,-0.44375623204777342,-0.24870246829123621,0,0.19505376375653721
361,2000,RS,-0.41973697937740961,-0.28235642806905936,0,0.13738055130835025
361,5000,PI,-0.4467155875541251,-0.3300979525555654,0,0.1166176349985597
361,5000,Boot,-0.44272803671427607,-0.32519704257601328,0,0.11753099413826279
361,5000,RS,-0.43224744354069089,-0.34456609656899961,0,0.087681346971691276
361,10000,PI,-0.46873666346255777,-0.38549648511171636,1,0.083240178350841409
361,10000,Boot,-0.46316186032209777,-0.38639931482203049,1,0.076762545500067281
361,10000,RS,-0.50881681555824476,-0.34541633301602942,1,0.16340048254221534
362,500,PI,-0.55606481665734631,-0.11791249401467641,1,0.4381523226426699
362,500,Boot,-0.55748392155425264,-0.15606259782701137,1,0.40142132372724126
362,500,RS,-0.45884091920717313,-0.21513639146484959,1,0.24370452774232354
362,1000,PI,-0.57897998437734732,-0.30300116748549605,1,0.27597881689185128
362,1000,Boot,-0.56637585267994284,-0.3033562004330469,1,0.26301965224689594
362,1000,RS,-0.61542547962228644,-0.26655567224055682,1,0.34886980738172962
362,2000,PI,-0.52888547795899687,-0.33738842713502698,1,0.19149705082396989
362,2000,Boot,-0.52332609751787496,-0.34410035739054218,1,0.17922574012733278
362,2000,RS,-0.50928516058562201,-0.3569887445084019,1,0.15229641607722011
362,5000,PI,-0.51765665860865151,-0.39823541073712626,1,0.11942124787152525
362,5000,Boot,-0.51088659635626854,-0.38697441866017923,1,0.12391217769608931
362,5000,RS,-0.52285046238950295,-0.39304160695627494,1,0.12980885543322801
362,10000,PI,-0.492960267466725,-0.40946924305542715,1,0.083491024411297854
362,10000,Boot,-0.48887112846349978,-0.41004587542278687,1,0.078825253040712917
362,10000,RS,-0.47484364291131453,-0.42758586761083761,1,0.047257775300476923
363,500,PI,-0.61140904066227675,-0.14251826971906689,1,0.46889077094320986
363,500,Boot,-0.57051738577426447,-0.12555207706204718,1,0.44496530871221729
363,500,RS,-0.48029628421381682,-0.27363102616752683,1,0.20666525804628999
363,1000,PI,-0.59020821484120389,-0.29490930548799899,1,0.29529890935320491
363,1000,Boot,-0.59806776130855477,-0.28056950552684323,1,0.31749825578171154
363,1000,RS,-0.58228450372621998,-0.3028330166029829,1,0.27945148712323709
363,2000,PI,-0.62876311693641518,-0.43418175948707888,1,0.1945813574493363
363,2000,Boot,-0.63863211539324649,-0.43209089681965845,1,0.20654121857358804
363,2000,RS,-0.70084775061009308,-0.36209712581340103,1,0.33875062479669205
363,5000,PI,-0.55292471079572703,-0.43022032009557037,1,0.12270439070015665
363,5000,Boot,-0.55169223599875561,-0.43151247309303248,1,0.12017976290572313
363,5000,RS,-0.58149479501614876,-0.40165023587514864,1,0.17984455914100012
363,10000,PI,-0.52819003250102348,-0.44303835270054648,1,0.085151679800476998
363,10000,Boot,-0.52844479833121139,-0.4352484306522994,1,0.093196367678911984
363,10000,RS,-0.52361905961335076,-0.4476093255882192,0,0.076009734025131559
364,500,PI,-0.7155962554711307,-0.19275335692358209,1,0.52284289854754862
364,500,Boot,-0.71492256814693378,-0.22873243365506435,1,0.48619013449186943
364,500,RS,-0.54026298836365161,-0.36808662403106124,1,0.17217636433259037
364,1000,PI,-0.63538213796799992,-0.33659682128229962,1,0.2987853166857003
364,1000,Boot,-0.65190864854463504,-0.31994132299176015,1,0.33196732555287489
364,1000,RS,-0.54651736782002369,-0.42546159143027584,1,0.12105577638974785
364,2000,PI,-0.61561828906325311,-0.41368242384960618,1,0.20193586521364693
364,2000,Boot,-0.61203417648777392,-0.397937410904184,1,0.21409676558358992
364,2000,RS,-0.63146797331624294,-0.39783273959661641,1,0.23363523371962652
364,5000,PI,-0.55983053822764439,-0.43585757156891142,1,0.12397296665873297
364,5000,Boot,-0.55990685274050456,-0.43024238162902456,1,0.12966447111148
364,5000,RS,-0.60388827956586377,-0.39179983023069209,1,0.21208844933517168
364,10000,PI,-0.51221463586488791,-0.42614207765457218,1,0.086072558210315731
364,10000,Boot,-0.50984376135407306,-0.42175327077205199,1,0.088090490582021064
364,10000,RS,-0.54808672101479528,-0.39026999250466476,1,0.15781672851013051
365,500,PI,-0.44947766150668267,0.016694101327398098,1,0.46617176283408079
365,500,Boot,-0.42860046209877189,-0.0057729001690967341,0,0.42282756192967519
365,500,RS,-0.50491807479445705,0.072134514615172451,1,0.57705258940962945
365,1000,PI,-0.5339776709881946,-0.2500059246841515,1,0.28397174630404309
365,1000,Boot,-0.55159164772211533,-0.21828479454008837,1,0.33330685318202696
365,1000,RS,-0.68963386739119614,-0.094349728281150014,1,0.59528413911004607
365,2000,PI,-0.54548386516759129,-0.34334575957648938,1,0.2021381055911019
365,2000,Boot,-0.54299945331983501,-0.34772777576153879,1,0.19527167755829622
365,2000,RS,-0.59661208931621668,-0.29221753542786399,1,0.30439455388835268
365,5000,PI,-0.46436715416792856,-0.3437255848608724,1,0.12064156930705616
365,5000,Boot,-0.46575688301960838,-0.34304913809293752,1,0.12270774492667086
365,5000,RS,-0.47248946598800318,-0.33560327304079779,1,0.13688619294720539
365,10000,PI,-0.4936361337958648,-0.4100163910112391,1,0.083619742784625695
365,10000,Boot,-0.49200107396753506,-0.41351227854985606,1,0.078488795417679003
365,10000,RS,-0.5495853657783859,-0.35406715902871794,1,0.19551820674966797
366,500,PI,-0.52741295373254737,-0.10844101132114947,1,0.4189719424113979
366,500,Boot,-0.51012309728334604,-0.073756561492521716,1,0.43636653579082429
366,500,RS,-0.559210250105174,-0.076643714948522818,1,0.48256653515665116
366,1000,PI,-0.52903720201729909,-0.25112010786963596,1,0.27791709414766314
366,1000,Boot,-0.50275947158267509,-0.23508579611284955,1,0.26767367546982557
366,1000,RS,-0.50601609111905144,-0.27414121876788361,1,0.23187487235116783
366,2000,PI,-0.52338664091445408,-0.33354316513182281,1,0.18984347578263128
366,2000,Boot,-0.52127905141086395,-0.31913504957115169,1,0.20214400183971226
366,2000,RS,-0.52524055372394285,-0.33168925232233404,1,0.19355130140160881
366,5000,PI,-0.501733552948884,-0.38164646544686565,1,0.12008708750201835
366,5000,Boot,-0.49431133846160713,-0.37880534994246101,1,0.11550598851914612
366,5000,RS,-0.47718537583161519,-0.40619464256413446,1,0.070990733267480732
366,10000,PI,-0.50216335216104835,-0.41807864618389895,1,0.084084705977149399
366,10000,Boot,-0.50463332341871625,-0.42274692896314053,1,0.081886394455575717
366,10000,RS,-0.51175564909426352,-0.40848634925068372,1,0.1032692998435798
367,500,PI,-0.65420342771028617,-0.17024320215134855,1,0.48396022555893758
367,500,Boot,-0.58942053240330106,-0.19109875877107108,1,0.39832177363222998
367,500,RS,-0.65077690456219695,-0.17366972529943775,1,0.4771071792627592
367,1000,PI,-0.6451492837972177,-0.34539559276924381,1,0.29975369102797389
367,1000,Boot,-0.62448522163689812,-0.32515736580474774,1,0.29932785583215038
367,1000,RS,-0.64012500406729078,-0.35041987249917067,1,0.28970513156812011
367,2000,PI,-0.59431109968548579,-0.39165169212830708,1,0.20265940755717871
367,2000,Boot,-0.57810231637170484,-0.37543328845125323,1,0.20266902792045161
367,2000,RS,-0.59887013532070876,-0.38709265649308405,1,0.21177747882762471
367,5000,PI,-0.58721524663212343,-0.4656730727821165,0,0.12154217385000693
367,5000,Boot,-0.58262787474550581,-0.46794555933527937,0,0.11468231541022644
367,5000,RS,-0.58499383973185437,-0.46789447968238562,0,0.11709936004946875
367,10000,PI,-0.54774362797310983,-0.46213999791561999,0,0.085603630057489832
367,10000,Boot,-0.55011265688201361,-0.46082689007208644,0,0.08928576680992717
367,10000,RS,-0.56602104244284324,-0.44386258344588664,1,0.1221584589969566
368,500,PI,-0.5974253516200202,-0.12898059721504818,1,0.46844475440497202
368,500,Boot,-0.57494159919688081,-0.15824536770166428,1,0.41669623149521651
368,500,RS,-0.62227735629079273,-0.10412859254427564,1,0.51814876374651708
368,1000,PI,-0.55976254343007947,-0.26396183786007205,1,0.29580070557000743
368,1000,Boot,-0.55279001737524469,-0.2626527301349792,1,0.2901372872402655
368,1000,RS,-0.59479637724070467,-0.22892800404944677,1,0.36586837319125787
368,2000,PI,-0.54069950564457014,-0.34802296108758785,1,0.1926765445569823
368,2000,Boot,-0.53184989675527172,-0.34139708705704408,1,0.19045280969822764
368,2000,RS,-0.53422928903766698,-0.35449317769449096,1,0.17973611134317602
368,5000,PI,-0.5095578460563257,-0.39071600496675601,1,0.11884184108956969
368,5000,Boot,-0.50874920116202127,-0.38404079132684688,1,0.12470840983517439
368,5000,RS,-0.48184629166299831,-0.41842755936008336,1,0.063418732302914949
368,10000,PI,-0.50363155122509329,-0.42037182587949612,1,0.083259725345597169
368,10000,Boot,-0.5061347986233492,-0.42055025619672809,1,0.085584542426621113
368,10000,RS,-0.48711664076267219,-0.43688673634191716,1,0.050229904420755034
369,500,PI,-0.66157236289728116,-0.17798023903316246,1,0.48359212386411871
369,500,Boot,-0.62614033012368608,-0.15744790192573366,1,0.46869242819795243
369,500,RS,-0.59403035600570964,-0.24552224592473407,1,0.3485081100809756
369,1000,PI,-0.55802399344679854,-0.26025333726870248,1,0.29777065617809606
369,1000,Boot,-0.54890045508131224,-0.27212825779831629,1,0.27677219728299596
369,1000,RS,-0.50859133121143074,-0.30968599950407028,1,0.19890533170736047
369,2000,PI,-0.46508361416373167,-0.27311445222495512,1,0.19196916193877656
369,2000,Boot,-0.4609716044411129,-0.2701847479109557,1,0.1907868565301572
369,2000,RS,-0.45854230879487301,-0.27965575759381378,1,0.17888655120105923
369,5000,PI,-0.45092125332482874,-0.33454358570784543,1,0.11637766761698332
369,5000,Boot,-0.45559742217070726,-0.32662407548762662,1,0.12897334668308064
369,5000,RS,-0.46646985727897716,-0.318994981753697,1,0.14747487552528016
369,10000,PI,-0.48038586053999421,-0.3974216324956692,1,0.082964228044325017
369,10000,Boot,-0.48301019089582237,-0.39551391416402137,1,0.087496276731800993
369,10000,RS,-0.55447617452110998,-0.32333131851455343,1,0.23114485600655654
370,500,PI,-0.58677327294125392,-0.10853651818531704,1,0.47823675475593685
370,500,Boot,-0.56136072636307566,-0.10805229231880742,1,0.45330843404426824
370,500,RS,-0.48142732233089741,-0.21388246879567357,1,0.26754485353522384
370,1000,PI,-0.5039481515988955,-0.20009149236095369,1,0.30385665923794181
370,1000,Boot,-0.49763988772079182,-0.20391992710803331,1,0.29371996061275851
370,1000,RS,-0.40833997237207986,-0.29569967158776933,0,0.11264030078431053
370,2000,PI,-0.51332406635354733,-0.31427827055390078,1,0.19904579579964654
370,2000,Boot,-0.50256272989561124,-0.30702071357482819,1,0.19554201632078305
370,2000,RS,-0.57930577701063635,-0.24829655989681179,1,0.33100921711382458
370,5000,PI,-0.46931433889118745,-0.34525208579145095,1,0.12406225309973651
370,5000,Boot,-0.4571064698830356,-0.34026300663962905,1,0.11684346324340655
370,5000,RS,-0.46163137112089636,-0.35293505356174204,1,0.10869631755915432
370,10000,PI,-0.4693765150390885,-0.38320082426460966,1,0.086175690774478841
370,10000,Boot,-0.46051120236673931,-0.38371324896737569,1,0.076797953399363628
370,10000,RS,-0.47347427267782155,-0.37910306662587662,1,0.094371206051944934
371,500,PI,-0.68420710569608689,-0.20055183061456908,1,0.48365527508151784
371,500,Boot,-0.64361282023779964,-0.22860606847035356,1,0.41500675176744606
371,500,RS,-0.55268604099066077,-0.33207289531999512,1,0.22061314567066564
371,1000,PI,-0.59771701398951305,-0.31267437750186222,1,0.28504263648765082
371,1000,Boot,-0.60882911245674398,-0.29252768585086708,1,0.3163014266058769
371,1000,RS,-0.52382862586569823,-0.38656276562567704,1,0.13726586024002119
371,2000,PI,-0.57564693421780289,-0.38190259230679946,1,0.19374434191100343
371,2000,Boot,-0.57889219238448553,-0.34682382832148995,1,0.23206836406299558
371,2000,RS,-0.54168049065689805,-0.41586903586770435,1,0.1258114547891937
371,5000,PI,-0.51957032098536404,-0.40189873560312739,1,0.11767158538223665
371,5000,Boot,-0.5227044693517523,-0.38157721644750464,1,0.14112725290424766
371,5000,RS,-0.49127457260192819,-0.43019448398656324,1,0.061080088615364958
371,10000,PI,-0.47979106561068602,-0.39782370065142597,1,0.081967364959260047
371,10000,Boot,-0.47922911289408349,-0.38986429022073699,1,0.0893648226733465
371,10000,RS,-0.4812407782050161,-0.39637398805709589,1,0.084866790147920201
372,500,PI,-0.62027476759336508,-0.11348336398684861,1,0.50679140360651642
372,500,Boot,-0.55439378589979982,-0.12044641605828768,1,0.43394736984151216
372,500,RS,-0.40595058288167607,-0.32780754869853757,0,0.078143034183138504
372,1000,PI,-0.52127404006267986,-0.21962013939779287,1,0.30165390066488695
372,1000,Boot,-0.49470570847524753,-0.20614065327508235,1,0.28856505520016518
372,1000,RS,-0.49365259611471612,-0.24724158334575663,1,0.24641101276895949
372,2000,PI,-0.48476945673881094,-0.28435889992312829,1,0.20041055681568265
372,2000,Boot,-0.46943911928460863,-0.27151805814043201,1,0.19792106114417662
372,2000,RS,-0.44433063739546907,-0.32479771926647016,0,0.11953291812899891
372,5000,PI,-0.47823809426611263,-0.35914824996142092,1,0.11908984430469172
372,5000,Boot,-0.46965338559484099,-0.35577818047358156,1,0.11387520512125943
372,5000,RS,-0.53405368191345337,-0.30333266231408018,1,0.23072101959937319
372,10000,PI,-0.46638024090633073,-0.38349135486678937,1,0.082888886039541365
372,10000,Boot,-0.45855523607556592,-0.38028806337025517,1,0.07826717270531075
372,10000,RS,-0.47163727365284125,-0.37823432212027885,1,0.093402951532562395
373,500,PI,-0.5448190243847395,-0.10878468925687279,1,0.43603433512786671
373,500,Boot,-0.52537700409471288,-0.13672834550857374,1,0.38864865858613917
373,500,RS,-0.37257540733826899,-0.2810283063033433,0,0.091547101034925693
373,1000,PI,-0.49906567139468927,-0.21804998655074384,1,0.28101568484394546
373,1000,Boot,-0.49679192457151466,-0.20051702676283836,1,0.29627489780867633
373,1000,RS,-0.42757377407808167,-0.28954188386735141,0,0.13803189021073026
373,2000,PI,-0.53117403594909207,-0.33958935875563179,1,0.19158467719346028
373,2000,Boot,-0.53294927275066384,-0.32899124893565246,1,0.20395802381501138
373,2000,RS,-0.6036802563858179,-0.2670831383189059,1,0.336597118066912
373,5000,PI,-0.46896141578125533,-0.34848435354529533,1,0.12047706223596
373,5000,Boot,-0.47108147206291628,-0.34127322592946974,1,0.12980824613344655
373,5000,RS,-0.44741956622366574,-0.37002620310288492,1,0.077393363120780823
373,10000,PI,-0.46278806748203327,-0.37892819657546661,1,0.083859870906566658
373,10000,Boot,-0.46433052089897497,-0.37986659659311273,1,0.084463924305862248
373,10000,RS,-0.451584321163015,-0.39013194289448488,1,0.061452378268530117
374,500,PI,-0.67965227660953831,-0.17318310457543035,1,0.50646917203410791
374,500,Boot,-0.63024820147387339,-0.17621925181664871,1,0.45402894965722468
374,500,RS,-0.50558701397296268,-0.34724836721200592,1,0.15833864676095677
374,1000,PI,-0.55318794207475031,-0.26492223182924757,1,0.28826571024550274
374,1000,Boot,-0.55265236088674963,-0.24702686030250046,1,0.3056255005842492
374,1000,RS,-0.44486627098732257,-0.37324390291667531,0,0.071622368070647258
374,2000,PI,-0.52054284326627942,-0.3352914804687751,1,0.18525136279750432
374,2000,Boot,-0.51624802156340144,-0.33174707362544276,1,0.18450094793795868
374,2000,RS,-0.49357892575492751,-0.36225539798012701,1,0.1313235277748005
374,5000,PI,-0.47523197002950401,-0.35647359656791078,1,0.11875837346159324
374,5000,Boot,-0.47106722959819852,-0.35893952327251805,1,0.11212770632568048
374,5000,RS,-0.45341536141453576,-0.37829020518287904,1,0.07512515623165672
374,10000,PI,-0.44911187488509069,-0.36564921919139143,1,0.083462655693699261
374,10000,Boot,-0.44608935349596224,-0.36877270165352027,0,0.077316651842441964
374,10000,RS,-0.4368693787326427,-0.37789171534383942,0,0.058977663388803281
375,500,PI,-0.59254402122526206,-0.096891154576399297,1,0.49565286664886277
375,500,Boot,-0.5467423387374446,-0.11881014460954267,1,0.42793219412790195
375,500,RS,-0.59055009415791648,-0.098885081643744932,1,0.49166501251417155
375,1000,PI,-0.56276640905806985,-0.26416093881101643,1,0.29860547024705342
375,1000,Boot,-0.56614953681532809,-0.26035748406309822,1,0.30579205275222987
375,1000,RS,-0.50446435314209215,-0.32246299472699419,1,0.18200135841509796
375,2000,PI,-0.54482328598592811,-0.3454989629164445,1,0.19932432306948361
375,2000,Boot,-0.53610931638248183,-0.33716757749815623,1,0.19894173888432559
375,2000,RS,-0.5128996743869072,-0.3774225745154654,1,0.1354770998714418
375,5000,PI,-0.48237708757708925,-0.36073772013543842,1,0.12163936744165083
375,5000,Boot,-0.47569098724821424,-0.35416269722644916,1,0.12152829002176507
375,5000,RS,-0.45840023513564332,-0.38471457257688435,1,0.073685662558758969
375,10000,PI,-0.48946771604510558,-0.40404028179781809,1,0.085427434247287493
375,10000,Boot,-0.48555750178310747,-0.40990634739578946,1,0.075651154387318009
375,10000,RS,-0.49685397086458627,-0.3966540269783374,1,0.10019994388624887
376,500,PI,-0.72857605520583801,-0.20470075942381222,1,0.52387529578202585
376,500,Boot,-0.68240275803306172,-0.22985271035550292,1,0.4525500476775588
376,500,RS,-0.86351076233613333,-0.069766052293516845,1,0.79374471004261649
376,1000,PI,-0.66677393926313477,-0.3422292071827594,1,0.32454473208037538
376,1000,Boot,-0.62318485859472572,-0.34050087733424472,1,0.282683981260481
376,1000,RS,-0.63093734016459813,-0.37806580628129605,1,0.25287153388330208
376,2000,PI,-0.63517071470667419,-0.42194068285387754,1,0.21323003185279665
376,2000,Boot,-0.62946024408306689,-0.40172026368619745,1,0.22773998039686943
376,2000,RS,-0.59107263395178355,-0.46603876360876817,0,0.12503387034301539
376,5000,PI,-0.49388168766674917,-0.36984827947778226,1,0.12403340818896691
376,5000,Boot,-0.49264407111139297,-0.36155773410873504,1,0.13108633700265793
376,5000,RS,-0.55517570921017767,-0.30855425793435381,1,0.24662145127582386
376,10000,PI,-0.48263099730592907,-0.39839273741412506,1,0.084238259891804002
376,10000,Boot,-0.47378655893241495,-0.39356741030186693,1,0.080219148630548021
376,10000,RS,-0.49761583997614811,-0.38340789474390602,1,0.11420794523224209
377,500,PI,-0.54165362519518556,-0.068815325592799237,1,0.47283829960238632
377,500,Boot,-0.49944541946927801,-0.1075285583355241,1,0.3919168611337539
377,500,RS,-0.39722904906299217,-0.21323990172499266,0,0.18398914733799951
377,1000,PI,-0.63179862642916151,-0.33350199398490532,1,0.29829663244425619
377,1000,Boot,-0.60735439839429084,-0.32799705643495575,1,0.27935734195933509
377,1000,RS,-0.71599155252723123,-0.2493090678868356,1,0.46668248464039563
377,2000,PI,-0.55638202897218481,-0.35704622402760489,1,0.19933580494457992
377,2000,Boot,-0.54747745148924043,-0.34974043709054892,1,0.19773701439869151
377,2000,RS,-0.53563139089196765,-0.37779686210782204,1,0.15783452878414561
377,5000,PI,-0.50070553245054039,-0.37936302730263621,1,0.12134250514790418
377,5000,Boot,-0.49820972485011161,-0.38205840816353592,1,0.11615131668657569
377,5000,RS,-0.48208428513370732,-0.39798427461946934,1,0.084100010514237988
377,10000,PI,-0.48516680514002425,-0.40135246143685616,1,0.083814343703168093
377,10000,Boot,-0.48645052604487016,-0.40189168951055759,1,0.084558836534312565
377,10000,RS,-0.46913728415039391,-0.4173819824264865,1,0.05175530172390741
378,500,PI,-0.71324905241622683,-0.23277283857952927,1,0.48047621383669759
378,500,Boot,-0.66499398837191503,-0.20130729726003604,1,0.46368669111187899
378,500,RS,-0.51886230190080662,-0.42715958909494939,1,0.091702712805857234
378,1000,PI,-0.55820126033723383,-0.2782770387858956,1,0.27992422155133823
378,1000,Boot,-0.54690120246091967,-0.25107996184438958,1,0.29582124061653009
378,1000,RS,-0.5172862544753638,-0.31919204464776563,1,0.19809420982759818
378,2000,PI,-0.55141355736537467,-0.3572631080297527,1,0.19415044933562198
378,2000,Boot,-0.56546931790460642,-0.33601154648464437,1,0.22945777141996204
378,2000,RS,-0.52191529191257013,-0.38676137348255724,1,0.1351539184300129
378,5000,PI,-0.52158489653576545,-0.40039816969031689,1,0.12118672684544857
378,5000,Boot,-0.52824798859236588,-0.38941111861193833,1,0.13883686998042755
378,5000,RS,-0.48916287634658018,-0.43282018987950222,1,0.056342686467077963
378,10000,PI,-0.5044194709969102,-0.41979562906604434,1,0.084623841930865862
378,10000,Boot,-0.50504874305664871,-0.42121664071143611,1,0.0838321023452126
378,10000,RS,-0.48825300379592379,-0.43596209626703081,1,0.052290907528892983
379,500,PI,-0.6454150385791243,-0.19073021834073692,1,0.45468482023838741
379,500,Boot,-0.59330082750823931,-0.17377035700701413,1,0.41953047050122516
379,500,RS,-0.67577390982760388,-0.16037134709225737,1,0.51540256273534646
379,1000,PI,-0.58658233969204276,-0.30655080683809122,1,0.28003153285395155
379,1000,Boot,-0.56530721133560824,-0.2907240924293007,1,0.27458311890630754
379,1000,RS,-0.57821393727127168,-0.3149192092588623,1,0.26329472801240938
379,2000,PI,-0.51488142894293631,-0.32227149039034758,1,0.19260993855258873
379,2000,Boot,-0.50580193112259542,-0.32033352067778742,1,0.185468410444808
379,2000,RS,-0.4944734380369416,-0.34267948129634224,1,0.15179395674059937
379,5000,PI,-0.5190796172588058,-0.3995711735882565,1,0.1195084436705493
379,5000,Boot,-0.51078730630794944,-0.40719894746899482,1,0.10358835883895462
379,5000,RS,-0.51929437768668141,-0.3993564131603809,1,0.11993796452630051
379,10000,PI,-0.48769910316794268,-0.40401898840846134,1,0.083680114759481339
379,10000,Boot,-0.48551617540082848,-0.40724083781897635,1,0.078275337581852122
379,10000,RS,-0.48192266158435726,-0.40979542999204677,1,0.072127231592310492
380,500,PI,-0.93917224648360675,-0.38363153217689278,1,0.55554071430671392
380,500,Boot,-0.87682862024782759,-0.41724192756942324,1,0.45958669267840435
380,500,RS,-0.76957605337199586,-0.55322772528850372,0,0.21634832808349214
380,1000,PI,-0.68816657185441277,-0.36704525505392605,1,0.32112131680048672
380,1000,Boot,-0.67032993678491837,-0.35487227895598272,1,0.31545765782893564
380,1000,RS,-0.74946179868831253,-0.30575002822002634,1,0.44371177046828619
380,2000,PI,-0.59127704849358997,-0.38757877578035549,1,0.20369827271323449
380,2000,Boot,-0.58559078316861746,-0.37474932199343275,1,0.21084146117518471
380,2000,RS,-0.61281492780628621,-0.36604089646765919,1,0.24677403133862702
380,5000,PI,-0.53104365734892911,-0.41057066710717532,1,0.12047299024175379
380,5000,Boot,-0.53346630548925378,-0.40180603279042559,1,0.13166027269882818
380,5000,RS,-0.5148439558930179,-0.42677036856308659,1,0.088073587329931313
380,10000,PI,-0.50142072747970212,-0.41791751332401272,1,0.083503214155689398
380,10000,Boot,-0.50128103069156815,-0.4149804050249597,1,0.086300625666608455
380,10000,RS,-0.49152154577274826,-0.42781669503096659,1,0.063704850741781671
381,500,PI,-0.56817793747898437,-0.085310667979604571,1,0.4828672694993798
381,500,Boot,-0.55397161981377874,-0.10682483132567105,1,0.44714678848810768
381,500,RS,-0.45608169064314102,-0.19740691481544786,1,0.25867477582769316
381,1000,PI,-0.55722153143279196,-0.26944251873254371,1,0.28777901270024825
381,1000,Boot,-0.53149824317185823,-0.26746270787417309,1,0.26403553529768514
381,1000,RS,-0.57541865722547536,-0.25124539293986026,1,0.3241732642856151
381,2000,PI,-0.51411928263071349,-0.31992777064882488,1,0.19419151198188861
381,2000,Boot,-0.51362201609098712,-0.30648536839221219,1,0.20713664769877493
381,2000,RS,-0.48085216003816195,-0.35319489324137637,1,0.12765726679678557
381,5000,PI,-0.49447932787101856,-0.372736363944001,1,0.12174296392701756
381,5000,Boot,-0.49341489114999498,-0.37150728006832412,1,0.12190761108167086
381,5000,RS,-0.50072004630327627,-0.36649564551174335,1,0.13422440079153292
381,10000,PI,-0.49106161317039421,-0.40500707439409089,1,0.086054538776303313
381,10000,Boot,-0.48852661614521115,-0.4086483390085342,1,0.079878277136676945
381,10000,RS,-0.49733033019048112,-0.39873835737400398,1,0.098591972816477136
382,500,PI,-0.59035625017136695,-0.13613964572984549,1,0.45421660444152145
382,500,Boot,-0.53673714951406337,-0.13886429510822113,1,0.39787285440584225
382,500,RS,-0.4732444430500134,-0.25325145285119904,1,0.21999299019881435
382,1000,PI,-0.48778345843191256,-0.21322238263281362,1,0.27456107579909894
382,1000,Boot,-0.46101672577861957,-0.19947145196791818,1,0.26154527381070136
382,1000,RS,-0.40884321950952968,-0.29216262155519651,0,0.11668059795433317
382,2000,PI,-0.47638983599994883,-0.29107006340641267,1,0.18531977259353616
382,2000,Boot,-0.45957463178641567,-0.27673895441122109,1,0.18283567737519457
382,2000,RS,-0.47300940879499576,-0.29445049061136574,1,0.17855891818363001
382,5000,PI,-0.46250306363641741,-0.34462983027329047,1,0.11787323336312694
382,5000,Boot,-0.45477613321449151,-0.33799297244072074,1,0.11678316077377077
382,5000,RS,-0.46117168901517114,-0.34596120489453674,1,0.11521048412063439
382,10000,PI,-0.47890736961444619,-0.39520440006222329,1,0.083702969552222894
382,10000,Boot,-0.47329860702229176,-0.39251785232258812,1,0.080780754699703639
382,10000,RS,-0.51080028529067811,-0.36331148438599131,1,0.1474888009046868
383,500,PI,-0.7600134231114819,-0.26489717598939627,1,0.49511624712208563
383,500,Boot,-0.75203593591392592,-0.27815211199025502,1,0.4738838239236709
383,500,RS,-0.56027610520089888,-0.46463449389997935,0,0.095641611300919527
383,1000,PI,-0.55986814178302879,-0.2625920845976748,1,0.29727605718535399
383,1000,Boot,-0.55574544782974411,-0.26220148799153697,1,0.29354395983820714
383,1000,RS,-0.61000605455793044,-0.21245417182277315,1,0.39755188273515729
383,2000,PI,-0.45448180772921459,-0.25898352963895005,1,0.19549827809026454
383,2000,Boot,-0.44396014569085296,-0.26651974140152374,0,0.17744040428932922
383,2000,RS,-0.48911950317975589,-0.22434583418840875,1,0.26477366899134713
383,5000,PI,-0.41917442606413502,-0.3015763374075171,0,0.11759808865661792
383,5000,Boot,-0.4227618527207897,-0.29741025250392833,0,0.12535160021686137
383,5000,RS,-0.39657520143821973,-0.3241755620334324,0,0.07239963940478733
383,10000,PI,-0.4670205577613864,-0.38385823323731727,1,0.083162324524069131
383,10000,Boot,-0.46173952017269809,-0.38310127796209548,1,0.078638242210602616
383,10000,RS,-0.55751730156725354,-0.29336148943145013,1,0.26415581213580341
384,500,PI,-0.76168141023525293,-0.24729327584062372,1,0.51438813439462927
384,500,Boot,-0.73682614082630637,-0.28663972084161637,1,0.45018641998469
384,500,RS,-0.73920172022766018,-0.26977296584821642,1,0.46942875437944376
384,1000,PI,-0.64865545189757845,-0.35328128431228017,1,0.29537416758529828
384,1000,Boot,-0.64992354324159951,-0.36423396175292089,1,0.28568958148867862
384,1000,RS,-0.56429381629713327,-0.43764291991272525,1,0.12665089638440802
384,2000,PI,-0.54272027057149352,-0.34007976836987586,1,0.20264050220161767
384,2000,Boot,-0.53626204052454141,-0.33759506864138983,1,0.19866697188315158
384,2000,RS,-0.55056638140233038,-0.332233657539039,1,0.21833272386329139
384,5000,PI,-0.52547108704920353,-0.40131457572994256,1,0.12415651131926098
384,5000,Boot,-0.52489358443052403,-0.40464372341419497,1,0.12024986101632906
384,5000,RS,-0.54975808473732524,-0.37702757804182091,1,0.17273050669550433
384,10000,PI,-0.49488486269530874,-0.40871046064468031,1,0.086174402050628429
384,10000,Boot,-0.49321509375734496,-0.41394056719684585,1,0.079274526560499103
384,10000,RS,-0.50036731226143794,-0.40322801107855111,1,0.097139301182886828
385,500,PI,-0.69481639174256316,-0.22007997813274302,1,0.47473641360982011
385,500,Boot,-0.66704702653917458,-0.23375572831814581,1,0.43329129822102874
385,500,RS,-0.50251977094870393,-0.41237659892660228,1,0.090143172022101647
385,1000,PI,-0.55354474736812209,-0.28073233648330659,1,0.2728124108848155
385,1000,Boot,-0.53050686945621572,-0.28065327968797971,1,0.24985358976823602
385,1000,RS,-0.47309821459452822,-0.3611788692569004,1,0.11191934533762782
385,2000,PI,-0.57307992329601065,-0.38836673749224604,1,0.18471318580376461
385,2000,Boot,-0.56133154765024229,-0.38391725718696179,1,0.1774142904632805
385,2000,RS,-0.57153538937520876,-0.38991127141304793,1,0.18162411796216082
385,5000,PI,-0.53566225997416761,-0.41924375466550923,1,0.11641850530865838
385,5000,Boot,-0.52597291956447645,-0.41315337796512724,1,0.1128195415993492
385,5000,RS,-0.54658920871831695,-0.40831680592135988,1,0.13827240279695707
385,10000,PI,-0.51062480760567541,-0.42853295530480351,1,0.082091852300871904
385,10000,Boot,-0.50849810148056607,-0.42743736235950136,1,0.081060739121064707
385,10000,RS,-0.48873751917210689,-0.45042024373837203,0,0.038317275433734865
386,500,PI,-0.45782193250885678,0.010449739053849827,1,0.4682716715627066
386,500,Boot,-0.45680971827743933,0.0078305169556679155,1,0.46464023523310727
386,500,RS,-0.50261658005222321,0.055244386597216283,1,0.55786096664943952
386,1000,PI,-0.49496452590947182,-0.21415708590723526,1,0.28080744000223656
386,1000,Boot,-0.47693154934080456,-0.2198833787084179,1,0.25704817063238666
386,1000,RS,-0.62713449794757681,-0.081987113869130213,1,0.54514738407844665
386,2000,PI,-0.53652248105362854,-0.34259260657345103,1,0.19392987448017751
386,2000,Boot,-0.53536474770720921,-0.32873877418046438,1,0.20662597352674483
386,2000,RS,-0.63073880962932172,-0.24837627799775785,1,0.38236253163156386
386,5000,PI,-0.49060704574125735,-0.36992822272471781,1,0.12067882301653954
386,5000,Boot,-0.47710717319460921,-0.35241938094863234,1,0.12468779224597687
386,5000,RS,-0.47755804256409262,-0.38297722590188255,1,0.094580816662210077
386,10000,PI,-0.48524575271641918,-0.40133189406988784,1,0.083913858646531336
386,10000,Boot,-0.47775468949749356,-0.39778056372255038,1,0.079974125774943172
386,10000,RS,-0.47123735042572451,-0.41534029636058251,1,0.055897054065142004
387,500,PI,-0.6183212785031692,-0.109103105075808,1,0.5092181734273612
387,500,Boot,-0.58640810977153845,-0.17259137279812972,1,0.41381673697340871
387,500,RS,-0.65267166348075589,-0.074752720098221315,1,0.57791894338253458
387,1000,PI,-0.50465888414575488,-0.21110721935321694,1,0.29355166479253791
387,1000,Boot,-0.48038109549862035,-0.21390608763343716,1,0.26647500786518319
387,1000,RS,-0.44539230248485978,-0.27037380101411207,0,0.17501850147074771
387,2000,PI,-0.52997802650756232,-0.32898508399567822,1,0.2009929425118841
387,2000,Boot,-0.52209144526123796,-0.32851049095507323,1,0.19358095430616473
387,2000,RS,-0.56345005570440321,-0.29551305479883738,1,0.26793700090556583
387,5000,PI,-0.49776693669444816,-0.37709660580480753,1,0.12067033088964063
387,5000,Boot,-0.49345008031251214,-0.36521113565782015,1,0.12823894465469199
387,5000,RS,-0.48811115972765912,-0.38675238277159657,1,0.10135877695606255
387,10000,PI,-0.49661833194988109,-0.41165262379133033,1,0.084965708158550757
387,10000,Boot,-0.49653426724624966,-0.4077600693438081,1,0.088774197902441565
387,10000,RS,-0.49531360590893858,-0.41295734983227284,1,0.082356256076665746
388,500,PI,-0.59736088429205358,-0.13993167715040644,1,0.45742920714164714
388,500,Boot,-0.59459812751245233,-0.1386233969302926,1,0.45597473058215976
388,500,RS,-0.53285000682484385,-0.20444255461761615,1,0.32840745220722767
388,1000,PI,-0.62290237738187493,-0.34211135203550996,1,0.28079102534636496
388,1000,Boot,-0.61471617248681842,-0.33105086717134219,1,0.28366530531547623
388,1000,RS,-0.67718606706087181,-0.28782766235651314,1,0.38935840470435867
388,2000,PI,-0.55929312435291556,-0.36573251280174979,1,0.19356061155116577
388,2000,Boot,-0.55884903509135853,-0.36542189694668148,1,0.19342713814467705
388,2000,RS,-0.514245630680364,-0.41078000647430135,1,0.10346562420606265
388,5000,PI,-0.50098860778647347,-0.38223739580925409,1,0.11875121197721938
388,5000,Boot,-0.49294185408555069,-0.37239189201211359,1,0.1205499620734371
388,5000,RS,-0.47661160936839503,-0.40661439422733253,1,0.069997215141062497
388,10000,PI,-0.48757490627970801,-0.4041883315611503,1,0.083386574718557704
388,10000,Boot,-0.48398037888658796,-0.40353815627934342,1,0.08044222260724454
388,10000,RS,-0.46819081017037301,-0.42357242767048531,1,0.044618382499887699
389,500,PI,-0.41323646941087289,0.11524375159284264,0,0.5284802210037155
389,500,Boot,-0.40148437389243741,0.043119515360905469,0,0.44460388925334288
389,500,RS,-0.3720100205440609,0.074017302726030687,0,0.44602732327009159
389,1000,PI,-0.48732087742181074,-0.17156319893406555,1,0.31575767848774516
389,1000,Boot,-0.4959672451070809,-0.18970150714320019,1,0.30626573796388068
389,1000,RS,-0.59812234772396033,-0.060761728631916034,1,0.53736061909204436
389,2000,PI,-0.44387890404108282,-0.24208958778765016,0,0.20178931625343266
389,2000,Boot,-0.45052968397075122,-0.24937872616277235,1,0.20115095780797887
389,2000,RS,-0.45277477476641759,-0.23319371706231537,1,0.21958105770410222
389,5000,PI,-0.44769212467099384,-0.32629042961623911,1,0.12140169505475473
389,5000,Boot,-0.44805576474450926,-0.31783413905773905,1,0.1302216256867702
389,5000,RS,-0.50065696987833319,-0.27332558440889976,1,0.22733138546943343
389,10000,PI,-0.46457929773371104,-0.38067629978686018,1,0.083902997946850855
389,10000,Boot,-0.46236050653288174,-0.37492852499986556,1,0.087431981533016179
389,10000,RS,-0.51230595840599269,-0.33294963911457853,1,0.17935631929141416
390,500,PI,-0.74790116177442145,-0.23106828422089132,1,0.51683287755353013
390,500,Boot,-0.71473481220936452,-0.24894247905509631,1,0.46579233315426821
390,500,RS,-0.60848634965102777,-0.37048309634428495,1,0.23800325330674282
390,1000,PI,-0.49172271586208255,-0.19291168604245484,1,0.2988110298196277
390,1000,Boot,-0.48150626600021029,-0.18304892535213846,1,0.29845734064807183
390,1000,RS,-0.56026418634712405,-0.12437021555741337,1,0.43589397078971071
390,2000,PI,-0.48269608223342819,-0.2857148405670078,1,0.19698124166642039
390,2000,Boot,-0.49199950404496129,-0.27810637559411677,1,0.21389312845084452
390,2000,RS,-0.4612971113925039,-0.30711381140793209,1,0.15418329998457181
390,5000,PI,-0.47941178089050085,-0.36017871105546484,1,0.11923306983503601
390,5000,Boot,-0.477500378974408,-0.34735649530986046,1,0.13014388366454754
390,5000,RS,-0.50251633130352202,-0.33707416064244361,1,0.16544217066107841
390,10000,PI,-0.47630461092921722,-0.39233439188903302,1,0.083970219040184202
390,10000,Boot,-0.47515603688351216,-0.38826633460186538,1,0.086889702281646775
390,10000,RS,-0.48484471628045345,-0.38379428653779679,1,0.10105042974265666
391,500,PI,-0.80958592117064576,-0.30466889244010259,1,0.50491702873054312
391,500,Boot,-0.74954921633360982,-0.36476891715578785,1,0.38478029917782197
391,500,RS,-0.65540328526285441,-0.458851528347894,0,0.19655175691496041
391,1000,PI,-0.54582537727462055,-0.23654197436673338,1,0.30928340290788714
391,1000,Boot,-0.52466321948694639,-0.24239568929270874,1,0.28226753019423767
391,1000,RS,-0.66446819752195685,-0.11789915411939705,1,0.54656904340255985
391,2000,PI,-0.53271498031546227,-0.33289178363330812,1,0.19982319668215415
391,2000,Boot,-0.5290797853693705,-0.30268714277586284,1,0.22639264259350766
391,2000,RS,-0.55242871598732224,-0.31317804796144821,1,0.23925066802587402
391,5000,PI,-0.52996206279418356,-0.40866456452829553,1,0.12129749826588804
391,5000,Boot,-0.53168317929941766,-0.40355777238316171,1,0.12812540691625596
391,5000,RS,-0.58138898800412575,-0.35723763931835334,1,0.22415134868577241
391,10000,PI,-0.50987945203931528,-0.42595823678059186,1,0.083921215258723425
391,10000,Boot,-0.50510773383750107,-0.4210421774563074,1,0.084065556381193673
391,10000,RS,-0.51303008548733187,-0.42280760333257528,1,0.090222482154756589
392,500,PI,-0.80674800015037129,-0.25983059776118095,1,0.54691740238919029
392,500,Boot,-0.75011850551129611,-0.31643200167688412,1,0.43368650383441198
392,500,RS,-0.61349298008035569,-0.45308561783119661,0,0.16040736224915908
392,1000,PI,-0.68732105004253086,-0.37980439774059382,1,0.30751665230193703
392,1000,Boot,-0.66665384384106552,-0.36165488496717707,1,0.30499895887388845
392,1000,RS,-0.59647210368066339,-0.47065334410246129,0,0.1258187595782021
392,2000,PI,-0.57005921696479245,-0.3729548521211255,1,0.19710436484366695
392,2000,Boot,-0.57458471873479577,-0.36330831436707689,1,0.21127640436771888
392,2000,RS,-0.57002946313446401,-0.37298460595145405,1,0.19704485718300996
392,5000,PI,-0.54256623398820547,-0.4212826617763708,1,0.12128357221183467
392,5000,Boot,-0.54109026250891423,-0.4138371512986409,1,0.12725311121027333
392,5000,RS,-0.50573023411854667,-0.45811866164602949,0,0.047611572472517183
392,10000,PI,-0.49990763835971042,-0.41540980251850124,1,0.084497835841209179
392,10000,Boot,-0.49856964770156587,-0.40848279019110828,1,0.090086857510457585
392,10000,RS,-0.49673047319533814,-0.41858696768287351,1,0.078143505512464628
393,500,PI,-0.59588038333570215,-0.080673135144762376,1,0.51520724819093977
393,500,Boot,-0.54633393381463446,-0.1061950549608239,1,0.44013887885381053
393,500,RS,-0.52438034882079831,-0.15217316965966615,1,0.37220717916113216
393,1000,PI,-0.6047363768216687,-0.29943473149896938,1,0.30530164532269932
393,1000,Boot,-0.5984279245467039,-0.27999936500379952,1,0.31842855954290439
393,1000,RS,-0.62072447959317989,-0.28344662872745818,1,0.33727785086572171
393,2000,PI,-0.58165451346696906,-0.37694796762447902,1,0.20470654584249004
393,2000,Boot,-0.5863826892368571,-0.38033880407592779,1,0.20604388516092931
393,2000,RS,-0.56914339201832143,-0.38945908907312665,1,0.17968430294519477
393,5000,PI,-0.49913457591424026,-0.37795853366424814,1,0.12117604224999212
393,5000,Boot,-0.4996954297944437,-0.37791850206367283,1,0.12177692773077087
393,5000,RS,-0.48997414145611307,-0.38711896812237534,1,0.10285517333373773
393,10000,PI,-0.46957286872677889,-0.3849755524368374,1,0.084597316289941493
393,10000,Boot,-0.46117475817661041,-0.38400673578297179,1,0.077168022393638624
393,10000,RS,-0.46059269209448456,-0.39395572906913173,1,0.066636963025352824
394,500,PI,-0.57659426177270912,-0.12605745213632899,1,0.4505368096363801
394,500,Boot,-0.58003420005629103,-0.032975195745349684,1,0.54705900431094134
394,500,RS,-0.50163986705613994,-0.20101184685289819,1,0.30062802020324175
394,1000,PI,-0.49316813172493251,-0.22762585540589869,1,0.26554227631903382
394,1000,Boot,-0.47953045576388575,-0.19987205194405711,1,0.27965840381982865
394,1000,RS,-0.40455751495174075,-0.31623647217909046,0,0.088321042772650293
394,2000,PI,-0.49345497851569808,-0.30727626530113616,1,0.18617871321456192
394,2000,Boot,-0.5011859106890183,-0.2829927762244549,1,0.2181931344645634
394,2000,RS,-0.49152324312403828,-0.30920800069279597,1,0.18231524243124231
394,5000,PI,-0.530046002762804,-0.41233199201485593,1,0.11771401074794807
394,5000,Boot,-0.5263271723540297,-0.40289471052408909,1,0.12343246182994061
394,5000,RS,-0.58438569680785735,-0.35799229796980259,1,0.22639339883805476
394,10000,PI,-0.50204114366425279,-0.41860733776629827,1,0.083433805897954516
394,10000,Boot,-0.49737697029374944,-0.41524311126028957,1,0.082133859033459877
394,10000,RS,-0.49692881726263932,-0.42371966416791179,1,0.07320915309472753
395,500,PI,-0.57737668078743298,-0.11583665400064136,1,0.46154002678679162
395,500,Boot,-0.52113527794057735,-0.13069162314074151,1,0.39044365479983584
395,500,RS,-0.54498840799133907,-0.14822492679673524,1,0.39676348119460381
395,1000,PI,-0.50576830196666001,-0.23216943847937199,1,0.27359886348728801
395,1000,Boot,-0.51425765069786689,-0.22118065341833837,1,0.29307699727952852
395,1000,RS,-0.43297438964699786,-0.30496335079903414,0,0.12801103884796372
395,2000,PI,-0.5161055030189583,-0.32883684873214908,1,0.18726865428680922
395,2000,Boot,-0.52061661004647097,-0.32811409968056043,1,0.19250251036591054
395,2000,RS,-0.50823911048742088,-0.33670324126368645,1,0.17153586922373443
395,5000,PI,-0.50873849079691491,-0.3889424146806994,1,0.11979607611621551
395,5000,Boot,-0.50615994192979263,-0.3889147665393623,1,0.11724517539043033
395,5000,RS,-0.50026961281632032,-0.39741129266129394,1,0.10285832015502638
395,10000,PI,-0.47738775004873207,-0.39432483612710806,1,0.083062913921624015
395,10000,Boot,-0.47186217856735124,-0.39462810592294584,1,0.077234072644405405
395,10000,RS,-0.45898887417910927,-0.41272371199673086,1,0.046265162182378416
396,500,PI,-0.6866198886429794,-0.21752979792194158,1,0.4690900907210378
396,500,Boot,-0.65095858833137843,-0.22143295887015302,1,0.42952562946122541
396,500,RS,-0.68483656095446421,-0.21931312561045682,1,0.46552343534400742
396,1000,PI,-0.6158213110065418,-0.31717803322949256,1,0.29864327777704924
396,1000,Boot,-0.5969405229669793,-0.3050545704431632,1,0.29188595252381611
396,1000,RS,-0.6105207132996715,-0.32247863093636286,1,0.28804208236330864
396,2000,PI,-0.58789596743470418,-0.39237733370699057,1,0.19551863372771361
396,2000,Boot,-0.57230055284736392,-0.39826319648869563,1,0.17403735635866829
396,2000,RS,-0.58160130174426661,-0.39867199939742809,1,0.18292930234683852
396,5000,PI,-0.53221660007890215,-0.41178943336136625,1,0.12042716671753589
396,5000,Boot,-0.52354025612072475,-0.40676880903906731,1,0.11677144708165743
396,5000,RS,-0.54179370182197506,-0.40221233161829328,1,0.13958137020368178
396,10000,PI,-0.49943770560980072,-0.41573463742797501,1,0.083703068181825713
396,10000,Boot,-0.49491709833650011,-0.42138880597715139,1,0.073528292359348713
396,10000,RS,-0.5086707839550122,-0.40650155908276353,1,0.10216922487224867
397,500,PI,-0.48895214335006654,-0.034739810765912704,1,0.45421233258415383
397,500,Boot,-0.4714301314477975,-0.023539670922915451,1,0.44789046052488202
397,500,RS,-0.31925429566609559,-0.20443765844988368,0,0.11481663721621191
397,1000,PI,-0.50199950689636885,-0.2083695062640526,1,0.29363000063231626
397,1000,Boot,-0.48431820491581495,-0.22270281939193404,1,0.26161538552388092
397,1000,RS,-0.48627446865824253,-0.22409454450217889,1,0.26217992415606362
397,2000,PI,-0.50649116266272709,-0.30194422911340474,1,0.20454693354932235
397,2000,Boot,-0.48775131784773679,-0.29271154607455185,1,0.19503977177318493
397,2000,RS,-0.50439360616207274,-0.30404178561405903,1,0.2003518205480137
397,5000,PI,-0.50877364894033728,-0.38646399924217872,1,0.12230964969815855
397,5000,Boot,-0.50212179209816288,-0.3778578095312759,1,0.12426398256688698
397,5000,RS,-0.54109155705043654,-0.35414609113207951,1,0.18694546591835703
397,10000,PI,-0.48500676418533917,-0.39909365949784303,1,0.085913104687496133
397,10000,Boot,-0.4832378641757184,-0.39066564516083069,1,0.092572219014887713
397,10000,RS,-0.47364592091565383,-0.41045450276752837,1,0.063191418148125456
398,500,PI,-0.48344058117227695,-0.0081294642981030729,1,0.47531111687417388
398,500,Boot,-0.45630885848301339,-0.016834589689453089,1,0.43947426879356033
398,500,RS,-0.44528791625235387,-0.046282129218026186,0,0.39900578703432765
398,1000,PI,-0.54914993370398268,-0.25654692574569538,1,0.29260300795828731
398,1000,Boot,-0.55388331698612581,-0.25309168926563835,1,0.30079162772048745
398,1000,RS,-0.68451416566249335,-0.12118269378718471,1,0.56333147187530863
398,2000,PI,-0.53513935127348233,-0.3424628425870257,1,0.19267650868645664
398,2000,Boot,-0.52747307022040668,-0.33887638972468215,1,0.18859668049572453
398,2000,RS,-0.56863505006240311,-0.30896714379810486,1,0.25966790626429825
398,5000,PI,-0.52162724387862214,-0.40242858461366637,1,0.11919865926495576
398,5000,Boot,-0.51227357505926163,-0.40540902860241185,1,0.10686454645684978
398,5000,RS,-0.51509807326244195,-0.40895775522984662,1,0.10614031803259533
398,10000,PI,-0.47410637652035248,-0.39111098279401513,1,0.082995393726337352
398,10000,Boot,-0.47626405073826611,-0.39095009097990563,1,0.08531395975836048
398,10000,RS,-0.49463414475090783,-0.37058321456345977,1,0.12405093018744806
399,500,PI,-0.54504757799725401,-0.052181007141906322,1,0.49286657085534769
399,500,Boot,-0.54385263348375756,-0.061165798588795062,1,0.4826868348949625
399,500,RS,-0.35387997674758198,-0.24334860839157835,0,0.11053136835600363
399,1000,PI,-0.49231289036370257,-0.19510361972124263,1,0.29720927064245994
399,1000,Boot,-0.48640784255403419,-0.20515825650161543,1,0.28124958605241879
399,1000,RS,-0.40827320795375965,-0.27914330213118554,0,0.12912990582257411
399,2000,PI,-0.52139587493653694,-0.31702830834937379,1,0.20436756658716315
399,2000,Boot,-0.50973562350548041,-0.30683963842956663,1,0.20289598507591378
399,2000,RS,-0.59507438498490739,-0.24334979830100337,1,0.35172458668390405
399,5000,PI,-0.51063651617760442,-0.38580357855946862,1,0.1248329376181358
399,5000,Boot,-0.50026744066868301,-0.37333730603766813,1,0.12693013463101488
399,5000,RS,-0.53560659562962032,-0.36083349910745283,1,0.17477309652216749
399,10000,PI,-0.50095545380047413,-0.41488221492470478,1,0.086073238875769342
399,10000,Boot,-0.49708066349172975,-0.40598552607301142,1,0.09109513741871833
399,10000,RS,-0.50752810883872135,-0.40830955988645756,1,0.099218548952263785
400,500,PI,-0.77544979328565078,-0.31178792665153288,1,0.4636618666341179
400,500,Boot,-0.75450353781527069,-0.32580972806335834,1,0.42869380975191235
400,500,RS,-0.61716746911660536,-0.47007025082057829,0,0.14709721829602707
400,1000,PI,-0.62552275166492433,-0.32193305108653791,1,0.30358970057838641
400,1000,Boot,-0.61942900233738696,-0.30401059700881816,1,0.3154184053285688
400,1000,RS,-0.65314944632306771,-0.29430635642839453,1,0.35884308989467317
400,2000,PI,-0.52160263025212616,-0.32315226688434651,1,0.19845036336777966
400,2000,Boot,-0.50848997302706911,-0.31788242035039305,1,0.19060755267667606
400,2000,RS,-0.54364221126780599,-0.30111268586866674,1,0.24252952539913925
400,5000,PI,-0.51910930727430549,-0.39699941496602964,1,0.12210989230827585
400,5000,Boot,-0.52552129601763864,-0.38091834649396805,1,0.14460294952367059
400,5000,RS,-0.50592060834722619,-0.410188113893109,1,0.09573249445411719
400,10000,PI,-0.51374705141738253,-0.42934891179454238,1,0.084398139622840151
400,10000,Boot,-0.51367790236499322,-0.42376456096774823,1,0.089913341397244995
400,10000,RS,-0.5180562286096011,-0.42503973460232375,1,0.093016494007277351
401,500,PI,-0.82128248628273237,-0.2835166192350867,1,0.53776586704764573
401,500,Boot,-0.79388130223717623,-0.31829503478852306,1,0.47558626744865318
401,500,RS,-0.60989567517213716,-0.49490343034568179,0,0.11499224482645537
401,1000,PI,-0.70516461914311335,-0.38701582727986694,1,0.31814879186324641
401,1000,Boot,-0.67928394132060388,-0.38647766316997667,1,0.29280627815062721
401,1000,RS,-0.57694258915678787,-0.51523785726619242,0,0.061704731890595443
401,2000,PI,-0.61975314351645883,-0.41267613800109471,1,0.20707700551536412
401,2000,Boot,-0.61639422961246682,-0.40141320905812583,1,0.21498102055434098
401,2000,RS,-0.56359164276705642,-0.46883763875049711,0,0.094754004016559312
401,5000,PI,-0.55417839924873025,-0.43073722319907759,1,0.12344117604965266
401,5000,Boot,-0.5453798110359388,-0.42569743228774354,1,0.11968237874819526
401,5000,RS,-0.55450410132433714,-0.4304115211234707,1,0.12409258020086644
401,10000,PI,-0.53748093390939733,-0.45174090266694811,0,0.085740031242449222
401,10000,Boot,-0.52902624427247591,-0.44685530604669782,1,0.08217093822577809
401,10000,RS,-0.52008984991439844,-0.46913198666194694,0,0.050957863252451496
402,500,PI,-0.53410507174416677,-0.05926057105614671,1,0.47484450068802009
402,500,Boot,-0.51155325772237348,-0.099483159971534452,1,0.41207009775083903
402,500,RS,-0.58521726272923658,-0.0081483800710768772,1,0.5770688826581597
402,1000,PI,-0.57780001790193736,-0.27525244554547901,1,0.30254757235645835
402,1000,Boot,-0.57299436044963115,-0.27856884484596073,1,0.29442551560367042
402,1000,RS,-0.65515310497623025,-0.19789935847118606,1,0.45725374650504419
402,2000,PI,-0.51442877946880783,-0.31842261269194988,1,0.19600616677685795
402,2000,Boot,-0.51883808470542458,-0.30435322361340117,1,0.21448486109202342
402,2000,RS,-0.50574499107925419,-0.32710640108150346,1,0.17863858999775073
402,5000,PI,-0.52556047319960753,-0.40485511814566583,1,0.1207053550539417
402,5000,Boot,-0.52896402264614295,-0.39840830886415751,1,0.13055571378198544
402,5000,RS,-0.54935047311795349,-0.38106511822731987,1,0.16828535489063362
402,10000,PI,-0.49298723730266408,-0.40931456427378715,1,0.083672673028876932
402,10000,Boot,-0.49853104877412613,-0.40752958027410452,1,0.091001468500021609
402,10000,RS,-0.47754373986690452,-0.42475806170954672,1,0.052785678157357796
403,500,PI,-0.50490911421872098,-0.062486665904860822,1,0.44242244831386013
403,500,Boot,-0.47218520928764418,-0.026919061999305216,1,0.44526614728833896
403,500,RS,-0.37082396544976115,-0.19657181467382068,0,0.17425215077594047
403,1000,PI,-0.5631533953987693,-0.27469109375414291,1,0.28846230164462638
403,1000,Boot,-0.5505529118410456,-0.28002959184826104,1,0.27052331999278456
403,1000,RS,-0.65998110230709806,-0.17786338684581415,1,0.4821177154612839
403,2000,PI,-0.52552109846489814,-0.33016702604178955,1,0.19535407242310859
403,2000,Boot,-0.52169611095221691,-0.32076603332288178,1,0.20093007762933512
403,2000,RS,-0.51485839348153495,-0.34082973102515263,1,0.17402866245638232
403,5000,PI,-0.50253303572865615,-0.3844723247237456,1,0.11806071100491056
403,5000,Boot,-0.49060182202316432,-0.38243906286079699,1,0.10816275916236734
403,5000,RS,-0.48701224595173237,-0.39999311450066938,1,0.087019131451062992
403,10000,PI,-0.489991130346906,-0.40681919385494214,1,0.08317193649196386
403,10000,Boot,-0.48725235309459175,-0.40511294467467224,1,0.082139408419919513
403,10000,RS,-0.49092025042588505,-0.40589007377596309,1,0.085030176649921962
404,500,PI,-0.55405866301900875,-0.097800033320751434,1,0.45625862969825731
404,500,Boot,-0.56875716497267004,-0.084413366338605966,1,0.48434379863406407
404,500,RS,-0.76430478380557143,0.11244608746581136,1,0.87675087127138274
404,1000,PI,-0.5848578775132659,-0.29460771239249561,1,0.29025016512077029
404,1000,Boot,-0.55911230253281552,-0.28194004386480775,1,0.27717225866800776
404,1000,RS,-0.68585435504763503,-0.19361123485812645,1,0.49224312018950855
404,2000,PI,-0.54002970729218691,-0.34580333803610031,1,0.19422636925608661
404,2000,Boot,-0.52755433373262961,-0.33200136343282827,1,0.19555297029980134
404,2000,RS,-0.53200443864491509,-0.35382860668337207,1,0.17817583196154302
404,5000,PI,-0.5156642972572909,-0.39493501442242768,1,0.12072928283486323
404,5000,Boot,-0.50791735503979762,-0.38753828123172396,1,0.12037907380807367
404,5000,RS,-0.54626822480092119,-0.36433108687879734,1,0.18193713792212385
404,10000,PI,-0.49052903092050726,-0.4062835586252207,1,0.084245472295286561
404,10000,Boot,-0.48574051515125766,-0.40325989317233502,1,0.082480621978922641
404,10000,RS,-0.48585083193296658,-0.41096175761276138,1,0.074889074320205196
405,500,PI,-0.5402852695548056,-0.099073911280715854,1,0.44121135827408975
405,500,Boot,-0.52624351313492057,-0.12395861186788656,1,0.40228490126703398
405,500,RS,-0.65010743330264775,0.010748252467126351,1,0.66085568576977405
405,1000,PI,-0.55035525826975273,-0.27530101203193158,1,0.27505424623782115
405,1000,Boot,-0.53766413890863329,-0.28276764467620097,1,0.25489649423243232
405,1000,RS,-0.59409214257215837,-0.23156412772952595,1,0.36252801484263242
405,2000,PI,-0.50328751542925643,-0.31889037760500177,1,0.18439713782425465
405,2000,Boot,-0.50135155106097229,-0.32101837183667337,1,0.18033317922429892
405,2000,RS,-0.47942850659721858,-0.34274938643703956,1,0.13667912016017902
405,5000,PI,-0.53166416895988555,-0.41421398852755342,1,0.11745018043233213
405,5000,Boot,-0.52312884797923975,-0.4109961173049137,1,0.11213273067432605
405,5000,RS,-0.60048618944751952,-0.34539196803991945,1,0.25509422140760007
405,10000,PI,-0.49448213715970807,-0.41273811707473645,1,0.081744020084971614
405,10000,Boot,-0.48465908514048739,-0.41773353550992637,1,0.066925549630561021
405,10000,RS,-0.49508696504770816,-0.41213328918673636,1,0.082953675860971798
406,500,PI,-0.6203265913460938,-0.16944213520065082,1,0.45088445614544298
406,500,Boot,-0.59388123542127902,-0.17723261084642702,1,0.41664862457485197
406,500,RS,-0.55726579339100613,-0.23250293315573853,1,0.32476286023526757
406,1000,PI,-0.62633852254619526,-0.33519049531878864,1,0.29114802722740662
406,1000,Boot,-0.62650530066557608,-0.33970366781602568,1,0.2868016328495504
406,1000,RS,-0.63044920204222499,-0.33107981582275892,1,0.29936938621946607
406,2000,PI,-0.59079513429574571,-0.395411577841977,1,0.1953835564537687
406,2000,Boot,-0.58940100520327365,-0.39077639466251624,1,0.19862461054075742
406,2000,RS,-0.57110114534145839,-0.41510556679626431,1,0.15599557854519408
406,5000,PI,-0.52775019535842316,-0.40805742019325886,1,0.1196927751651643
406,5000,Boot,-0.52817849534601458,-0.4007768715727264,1,0.12740162377328818
406,5000,RS,-0.50798126920428444,-0.42782634634739752,1,0.080154922856886912
406,10000,PI,-0.50318780406758123,-0.4190389681150703,1,0.084148835952510936
406,10000,Boot,-0.49895978982331501,-0.41590183687906412,1,0.08305795294425089
406,10000,RS,-0.48834893850083838,-0.4338778336818131,1,0.054471104819025284
407,500,PI,-0.7359220863118201,-0.25431458583698896,1,0.48160750047483114
407,500,Boot,-0.6711016510142056,-0.27093290224852673,1,0.40016874876567887
407,500,RS,-0.73655709168229799,-0.25367958046651107,1,0.48287751121578693
407,1000,PI,-0.61862616765207268,-0.31516055680367194,1,0.30346561084840074
407,1000,Boot,-0.6095776373889964,-0.30201637720652036,1,0.30756126018247604
407,1000,RS,-0.5415984546958803,-0.39218826975986437,1,0.14941018493601593
407,2000,PI,-0.5596303566044728,-0.3537930798637951,1,0.2058372767406777
407,2000,Boot,-0.5294237403098222,-0.35235519726243508,1,0.17706854304738712
407,2000,RS,-0.51904413116128911,-0.39437930530697879,1,0.12466482585431032
407,5000,PI,-0.52156721254127636,-0.39840288288940123,1,0.12316432965187513
407,5000,Boot,-0.51470237782718375,-0.39097563617784736,1,0.12372674164933639
407,5000,RS,-0.49469510935445432,-0.42527498607622333,1,0.069420123278230994
407,10000,PI,-0.50781359383263269,-0.42153603036290682,1,0.086277563469725871
407,10000,Boot,-0.49728116366714353,-0.41678567390350402,1,0.080495489763639516
407,10000,RS,-0.49171974769811483,-0.43762987649742474,1,0.054089871200690087
408,500,PI,-0.63179692419970224,-0.15822490450071766,1,0.47357201969898455
408,500,Boot,-0.61100324298886965,-0.1354753147098916,1,0.47552792827897805
408,500,RS,-0.54583330970269572,-0.24418851899772423,1,0.30164479070497152
408,1000,PI,-0.55576516087132644,-0.2664920349547073,1,0.28927312591661913
408,1000,Boot,-0.57132203195815467,-0.24389349755398776,1,0.32742853440416692
408,1000,RS,-0.45086394463505625,-0.37139325119097749,1,0.079470693444078755
408,2000,PI,-0.60392180271612939,-0.40895195784997018,1,0.1949698448661592
408,2000,Boot,-0.60611253842389878,-0.41875160427675312,1,0.18736093414714566
408,2000,RS,-0.67802467329549476,-0.33484908727060481,1,0.34317558602488996
408,5000,PI,-0.5370770376342211,-0.42076542579749338,1,0.11631161183672772
408,5000,Boot,-0.53032065650432247,-0.4200938599638257,1,0.11022679654049677
408,5000,RS,-0.55811137423235002,-0.3997310891993644,1,0.15838028503298562
408,10000,PI,-0.51111612974424969,-0.42778439636919796,1,0.083331733375051731
408,10000,Boot,-0.51337855433190516,-0.43234936058025619,1,0.081029193751648965
408,10000,RS,-0.51595877741390317,-0.42294174869954454,1,0.093017028714358629
409,500,PI,-0.64134345954063032,-0.12755510234184231,1,0.51378835719878801
409,500,Boot,-0.56922288715618019,-0.1263039142828441,1,0.44291897287333609
409,500,RS,-0.59902572548066846,-0.1698728364018042,1,0.42915288907886429
409,1000,PI,-0.61544558587594689,-0.30069877837590042,1,0.31474680750004647
409,1000,Boot,-0.61465583835279891,-0.30839726599373385,1,0.30625857235906506
409,1000,RS,-0.5591443529386424,-0.35700001131320491,1,0.20214434162543748
409,2000,PI,-0.63215357814583384,-0.41747739695521857,1,0.21467618119061527
409,2000,Boot,-0.60956917863753102,-0.41584461403058331,1,0.1937245646069477
409,2000,RS,-0.64747649220463355,-0.40215448289641892,1,0.24532200930821463
409,5000,PI,-0.5557657818855658,-0.43063413756601787,1,0.12513164431954793
409,5000,Boot,-0.54535514250649575,-0.42461075871505832,1,0.12074438379143743
409,5000,RS,-0.54698053567102167,-0.439419383780562,1,0.10756115189045967
409,10000,PI,-0.4992141828948895,-0.41339378737023302,1,0.085820395524656479
409,10000,Boot,-0.49451094381303995,-0.41210641916987262,1,0.082404524643167332
409,10000,RS,-0.5386809144615079,-0.37392705580361463,1,0.16475385865789327
410,500,PI,-0.52597882581361244,-0.067738416117569283,1,0.45824040969604318
410,500,Boot,-0.50066685687270063,-0.10264052422101508,1,0.39802633265168552
410,500,RS,-0.51883461024542765,-0.074882631685754042,1,0.44395197855967361
410,1000,PI,-0.51867506470620162,-0.24073747910324481,1,0.27793758560295678
410,1000,Boot,-0.51821817432794004,-0.23033225845044164,1,0.2878859158774984
410,1000,RS,-0.65055497440758892,-0.10885756940185748,1,0.54169740500573149
410,2000,PI,-0.48208770102099013,-0.2911992861933716,1,0.19088841482761854
410,2000,Boot,-0.47893469171639685,-0.28444231683676896,1,0.19449237487962789
410,2000,RS,-0.47551781698990803,-0.29776917022445371,1,0.17774864676545432
410,5000,PI,-0.46518980829777618,-0.34603993020484686,1,0.11914987809292932
410,5000,Boot,-0.45825042793067322,-0.34141306118691711,1,0.11683736674375611
410,5000,RS,-0.45130833080148519,-0.35992140770113784,1,0.09138692310034735
410,10000,PI,-0.45359392796177062,-0.36943373636383364,1,0.084160191597936973
410,10000,Boot,-0.45084280500918744,-0.36733677050667585,1,0.083506034502511595
410,10000,RS,-0.4338177261895767,-0.38920993813602756,0,0.044607788053549147
411,500,PI,-0.98279073767640168,-0.4393468555363359,1,0.54344388214006578
411,500,Boot,-0.91187325691615451,-0.45841631157167845,0,0.45345694534447606
411,500,RS,-0.78092608338105141,-0.64121150983168618,0,0.13971457354936523
411,1000,PI,-0.59690497638547557,-0.27460496817258684,1,0.32230000821288873
411,1000,Boot,-0.57901922726876265,-0.26470244318470826,1,0.31431678408405439
411,1000,RS,-0.88038415259243386,0.0088742080343714447,1,0.8892583606268053
411,2000,PI,-0.49713807736973387,-0.29424769094624698,1,0.20289038642348689
411,2000,Boot,-0.49235076152571239,-0.29133042377700741,1,0.20102033774870498
411,2000,RS,-0.57101948727212293,-0.22036628104385794,1,0.35065320622826501
411,5000,PI,-0.48313459544661808,-0.36151389120540733,1,0.12162070424121074
411,5000,Boot,-0.48278179718942726,-0.35735847086700012,1,0.12542332632242714
411,5000,RS,-0.48407764279121002,-0.36057084386081539,1,0.12350679893039462
411,10000,PI,-0.49098698974107757,-0.40575914994275064,1,0.085227839798326932
411,10000,Boot,-0.48362422070138084,-0.4004397362527099,1,0.083184484448670937
411,10000,RS,-0.50364986196787886,-0.39309627771594935,1,0.11055358425192952
412,500,PI,-0.71747872926775103,-0.21288326157590531,1,0.50459546769184571
412,500,Boot,-0.68814516133041004,-0.23701849738675895,1,0.45112666394365109
412,500,RS,-0.69756823300921278,-0.23279375783444362,1,0.46477447517476916
412,1000,PI,-0.6917074339501148,-0.38940572550266556,1,0.30230170844744925
412,1000,Boot,-0.6835840096159731,-0.35079593680868737,1,0.33278807280728573
412,1000,RS,-0.66131227232002665,-0.41980088713275365,1,0.241511385187273
412,2000,PI,-0.61680414058480448,-0.41447336130648116,1,0.20233077927832332
412,2000,Boot,-0.61166647486806547,-0.40369773658625907,1,0.2079687382818064
412,2000,RS,-0.59540355958740088,-0.43587394230388482,1,0.15952961728351606
412,5000,PI,-0.49727534486645442,-0.37827391992938697,1,0.11900142493706745
412,5000,Boot,-0.49704278480251468,-0.35903028971967271,1,0.13801249508284197
412,5000,RS,-0.54135369929677601,-0.33419556549906532,1,0.2071581337977107
412,10000,PI,-0.50545846710183884,-0.42041218735358971,1,0.085046279748249132
412,10000,Boot,-0.50486210545807186,-0.41831605644429565,1,0.086546049013776216
412,10000,RS,-0.52565737150539749,-0.40021328295003111,1,0.12544408855536637
413,500,PI,-0.86044731528682616,-0.36803578629841938,1,0.49241152898840679
413,500,Boot,-0.84171588059015201,-0.37441661513295121,1,0.4672992654572008
413,500,RS,-0.78843430608182896,-0.44004879550341658,1,0.34838551057841238
413,1000,PI,-0.69097665585306656,-0.37997319650053263,1,0.31100345935253393
413,1000,Boot,-0.65530842559558322,-0.37854268990322293,1,0.27676573569236029
413,1000,RS,-0.75093858168497107,-0.32001127066862811,1,0.43092731101634296
413,2000,PI,-0.59560463578556644,-0.40064047413102655,1,0.19496416165453989
413,2000,Boot,-0.57055937903407139,-0.39634322821862322,1,0.17421615081544817
413,2000,RS,-0.61242953167470515,-0.38381557824188783,1,0.22861395343281732
413,5000,PI,-0.52034485573116385,-0.40088254198031126,1,0.11946231375085259
413,5000,Boot,-0.519948842073651,-0.39799810247225814,1,0.12195073960139285
413,5000,RS,-0.52769970215343664,-0.39352769555803851,1,0.13417200659539813
413,10000,PI,-0.51113096715629791,-0.42732152909077625,1,0.083809438065521658
413,10000,Boot,-0.50968281037477947,-0.42801882671595326,1,0.081663983658826211
413,10000,RS,-0.50966085431329466,-0.42879164193377944,1,0.080869212379515221
414,500,PI,-0.88469088442171195,-0.38883777741692704,1,0.49585310700478491
414,500,Boot,-0.8318608997132475,-0.40996008400001799,1,0.42190081571322952
414,500,RS,-0.87738253874752359,-0.39614612309111535,1,0.48123641565640823
414,1000,PI,-0.69000247674519455,-0.39268542582044896,1,0.29731705092474559
414,1000,Boot,-0.68581603278349113,-0.39811478227063729,1,0.28770125051285383
414,1000,RS,-0.70737295428068225,-0.37531494828496126,1,0.332058005995721
414,2000,PI,-0.61840071911408656,-0.40800804461607681,1,0.21039267449800975
414,2000,Boot,-0.60562914973031434,-0.40236098872387349,1,0.20326816100644085
414,2000,RS,-0.65529625167907912,-0.3711125120510842,1,0.28418373962799492
414,5000,PI,-0.55164958745590054,-0.42826989250255409,1,0.12337969495334644
414,5000,Boot,-0.54720682160522582,-0.43079911423849609,1,0.11640770736672973
414,5000,RS,-0.565029164594955,-0.41489031536349957,1,0.15013884923145543
414,10000,PI,-0.51858329973907347,-0.43305733456016621,1,0.085525965178907259
414,10000,Boot,-0.51861436257775073,-0.43200953876248405,1,0.086604823815266685
414,10000,RS,-0.53097126608273504,-0.42066936821650452,1,0.11030189786623051
415,500,PI,-0.73478145380692761,-0.26036718713648521,1,0.4744142666704424
415,500,Boot,-0.75192464445215568,-0.26618528464015712,1,0.48573935981199856
415,500,RS,-0.90345797682715046,-0.091690664116262366,1,0.81176731271088809
415,1000,PI,-0.64213520638063726,-0.33541037181308042,1,0.30672483456755684
415,1000,Boot,-0.63406083111269118,-0.35153076161579477,1,0.28253006949689641
415,1000,RS,-0.58024045270729663,-0.397305125486421,1,0.18293532722087563
415,2000,PI,-0.48255494582649017,-0.28781460692865624,1,0.19474033889783393
415,2000,Boot,-0.47595436445278461,-0.27967054383147683,1,0.19628382062130778
415,2000,RS,-0.55107782132856065,-0.21929173142658573,1,0.33178608990197489
415,5000,PI,-0.47860187408453958,-0.36146231299442577,1,0.11713956109011381
415,5000,Boot,-0.47277617574348296,-0.35403376480105586,1,0.1187424109424271
415,5000,RS,-0.5368667066658952,-0.30319748041307015,1,0.23366922625282505
415,10000,PI,-0.46897980662554795,-0.38602828289361801,1,0.082951523731929933
415,10000,Boot,-0.4727421346373914,-0.38173329532943218,1,0.091008839307959222
415,10000,RS,-0.47887976722089232,-0.37612832229827364,1,0.10275144492261867
416,500,PI,-0.79136355759033672,-0.23654643571270551,1,0.55481712187763121
416,500,Boot,-0.71386169779368647,-0.22916009574468243,1,0.48470160204900403
416,500,RS,-0.54168309095075795,-0.48622690235228427,0,0.055456188598473677
416,1000,PI,-0.71133108640394016,-0.38985315172657797,1,0.32147793467736219
416,1000,Boot,-0.69433444823539658,-0.36502658500420615,1,0.32930786323119043
416,1000,RS,-0.60031302078639781,-0.50087121734412032,0,0.099441803442277488
416,2000,PI,-0.64315971879209788,-0.42485666487592777,1,0.21830305391617011
416,2000,Boot,-0.6311660686514583,-0.40750678716561428,1,0.22365928148584402
416,2000,RS,-0.58666471514760088,-0.48135166852042477,0,0.10531304662717611
416,5000,PI,-0.55741877141909146,-0.4310021078127807,1,0.12641666360631076
416,5000,Boot,-0.55666868282586779,-0.42024006420974591,1,0.13642861861612188
416,5000,RS,-0.58115915174652466,-0.40726172748534756,1,0.1738974242611771
416,10000,PI,-0.4939257356285065,-0.40831661575935829,1,0.085609119869148209
416,10000,Boot,-0.49400612151018553,-0.40751591507972518,1,0.086490206430460348
416,10000,RS,-0.56503889453556844,-0.33720345685229636,1,0.22783543768327208
417,500,PI,-0.6271550724195728,-0.16453337572880333,1,0.46262169669076947
417,500,Boot,-0.59242629472513264,-0.17677705478605144,1,0.41564923993908121
417,500,RS,-0.61994922968479949,-0.17173921846357659,1,0.44821001122122289
417,1000,PI,-0.46533598982436497,-0.17962805311396512,1,0.28570793671039985
417,1000,Boot,-0.44282747793152744,-0.15852078446562376,0,0.28430669346590365
417,1000,RS,-0.49000924780334165,-0.15495479513498844,1,0.33505445266835321
417,2000,PI,-0.51615701578684692,-0.32108048772151243,1,0.19507652806533449
417,2000,Boot,-0.50669394619375696,-0.32215816167705308,1,0.18453578451670388
417,2000,RS,-0.57463799635186752,-0.26259950715649188,1,0.31203848919537563
417,5000,PI,-0.5208739907719534,-0.40098703946358394,1,0.11988695130836946
417,5000,Boot,-0.5187249755228831,-0.39763843545817379,1,0.12108654006470931
417,5000,RS,-0.54411051276238809,-0.37775051747314925,1,0.16635999528923884
417,10000,PI,-0.52039762315619664,-0.43537906853870939,1,0.085018554617487252
417,10000,Boot,-0.51972542299931079,-0.43395193654082931,1,0.085773486458481485
417,10000,RS,-0.5322128195396818,-0.42356387215522417,1,0.10864894738445763
418,500,PI,-0.65786634225346297,-0.20572783308559842,1,0.45213850916786458
418,500,Boot,-0.60967326983553172,-0.23266217207398335,1,0.3770110977615484
418,500,RS,-0.68414994418078745,-0.17944423115827385,1,0.50470571302251366
418,1000,PI,-0.74332950067720338,-0.43524664950905545,1,0.30808285116814793
418,1000,Boot,-0.72665957668631875,-0.43853294457660275,1,0.28812663210971601
418,1000,RS,-0.86421309008052838,-0.31436306010573045,1,0.54985002997479793
418,2000,PI,-0.61805827918254652,-0.42541068965206918,1,0.19264758953047734
418,2000,Boot,-0.61220438930183807,-0.43519133283530975,1,0.17701305646652832
418,2000,RS,-0.62402363891316326,-0.41944532992145239,1,0.20457830899171087
418,5000,PI,-0.52194311295174789,-0.40082108733365746,1,0.12112202561809043
418,5000,Boot,-0.52447750204758115,-0.40626380305122384,1,0.11821369899635731
418,5000,RS,-0.54114692987839552,-0.38161727040700988,1,0.15952965947138564
418,10000,PI,-0.52096406750452451,-0.43654472505408193,1,0.08441934245044258
418,10000,Boot,-0.52396227846966714,-0.43823261779465561,1,0.085729660675011532
418,10000,RS,-0.52194516305488159,-0.43556362950372485,1,0.086381533551156742
419,500,PI,-0.52416504788979057,-0.088869324742725159,1,0.43529572314706544
419,500,Boot,-0.50431531543270047,-0.090494131574546999,1,0.41382118385815347
419,500,RS,-0.54125650944253545,-0.071777863189980223,1,0.4694786462525552
419,1000,PI,-0.49147696969058019,-0.21726183704446578,1,0.27421513264611441
419,1000,Boot,-0.48380544423138921,-0.19743661562382006,1,0.28636882860756918
419,1000,RS,-0.47444464079939508,-0.23429416593565089,1,0.24015047486374419
419,2000,PI,-0.48464076728170058,-0.29535607596759961,1,0.18928469131410097
419,2000,Boot,-0.47674523008184422,-0.28743236604245209,1,0.18931286403939213
419,2000,RS,-0.47355323183558379,-0.3064436114137164,1,0.16710962042186739
419,5000,PI,-0.4790077903013451,-0.36143543693784863,1,0.11757235336349647
419,5000,Boot,-0.48350840400471395,-0.35034163341920987,1,0.13316677058550408
419,5000,RS,-0.46226271545314102,-0.37818051178605272,1,0.084082203667088296
419,10000,PI,-0.49813631835141203,-0.41454496214881431,1,0.083591356202597722
419,10000,Boot,-0.49526445258504037,-0.4134279523224928,1,0.081836500262547573
419,10000,RS,-0.52802431862810162,-0.38465696187212467,1,0.14336735675597695
420,500,PI,-0.6446853125712263,-0.15245974556344821,1,0.49222556700777809
420,500,Boot,-0.62863872551567401,-0.17098408426387529,1,0.45765464125179872
420,500,RS,-0.621170647206292,-0.17597441092838248,1,0.4451962362779095
420,1000,PI,-0.6149646671450838,-0.31583511184412105,1,0.29912955530096275
420,1000,Boot,-0.6228954934044848,-0.32687829285713133,1,0.29601720054735348
420,1000,RS,-0.57289422587732219,-0.35790555311188266,1,0.21498867276543954
420,2000,PI,-0.56284039338044567,-0.36030224887891915,1,0.20253814450152652
420,2000,Boot,-0.54983407267339268,-0.34540789231885211,1,0.20442618035454058
420,2000,RS,-0.51162808921552361,-0.41151455304384121,1,0.10011353617168239
420,5000,PI,-0.51370460108689109,-0.39360089957551847,1,0.12010370151137262
420,5000,Boot,-0.50534421302016963,-0.39062862828621059,1,0.11471558473395904
420,5000,RS,-0.47948482069730997,-0.42782067996509959,1,0.051664140732210373
420,10000,PI,-0.48147977041101669,-0.39753758532568612,1,0.083942185085330578
420,10000,Boot,-0.48037095060109425,-0.39496845205309161,1,0.085402498548002637
420,10000,RS,-0.46351253319994806,-0.41550482253675475,1,0.048007710663193315
421,500,PI,-0.60895067615421783,-0.11088835127050661,1,0.49806232488371122
421,500,Boot,-0.56394785580125284,-0.12549882106309609,1,0.43844903473815677
421,500,RS,-0.44114141213668689,-0.27869761528803749,0,0.1624437968486494
421,1000,PI,-0.54731044672041596,-0.26182182774448404,1,0.28548861897593192
421,1000,Boot,-0.51709163996630658,-0.26964825134538428,1,0.2474433886209223
421,1000,RS,-0.47885213697755435,-0.33028013748734564,1,0.14857199949020872
421,2000,PI,-0.53406350746668951,-0.33761505637120787,1,0.19644845109548165
421,2000,Boot,-0.525010463052628,-0.34009134708279048,1,0.18491911596983751
421,2000,RS,-0.57929303140290611,-0.29238553243499127,1,0.28690749896791484
421,5000,PI,-0.53463936148156022,-0.41373690581420275,1,0.12090245566735747
421,5000,Boot,-0.53001123698102659,-0.41842853886208009,1,0.1115826981189465
421,5000,RS,-0.55129436605835025,-0.39708190123741272,1,0.15421246482093753
421,10000,PI,-0.53285586517694261,-0.44688124630992598,1,0.085974618867016628
421,10000,Boot,-0.5298204891935544,-0.44822429495469529,0,0.08159619423885911
421,10000,RS,-0.54927110309712179,-0.43046600838974675,1,0.11880509470737505
422,500,PI,-0.59388751763454262,-0.060690624989937658,1,0.5331968926446049
422,500,Boot,-0.5806735773145959,-0.096177475297797105,1,0.48449610201679882
422,500,RS,-0.51449120876729837,-0.14008693385718179,1,0.37440427491011657
422,1000,PI,-0.52729069588638622,-0.23023976518366254,1,0.2970509307027237
422,1000,Boot,-0.51798051358507446,-0.24355574045818831,1,0.27442477312688618
422,1000,RS,-0.4662187875237051,-0.29131167354634363,1,0.17490711397736147
422,2000,PI,-0.44677902324490282,-0.24960225211761755,0,0.19717677112728527
422,2000,Boot,-0.43470686702097161,-0.25585641988214991,0,0.1788504471388217
422,2000,RS,-0.40982473164944389,-0.28655654371307648,0,0.1232681879363674
422,5000,PI,-0.49300982158041579,-0.37153537620823868,1,0.12147444537217711
422,5000,Boot,-0.49262927741357748,-0.38210966582183653,1,0.11051961159174095
422,5000,RS,-0.59148457936092402,-0.27306061842773049,1,0.31842396093319353
422,10000,PI,-0.48672649640856963,-0.4018125098136362,1,0.084913986594933433
422,10000,Boot,-0.48488414070396185,-0.4064806632162436,1,0.078403477487718254
422,10000,RS,-0.51582094568023928,-0.37271806054196654,1,0.14310288513827274
423,500,PI,-0.74218957599013669,-0.27702782419527466,1,0.46516175179486202
423,500,Boot,-0.67489103984917287,-0.29375894964594645,1,0.38113209020322641
423,500,RS,-0.61688687490855609,-0.4023305252768552,1,0.21455634963170089
423,1000,PI,-0.5831178923133149,-0.28656543853981387,1,0.29655245377350103
423,1000,Boot,-0.54119236800977799,-0.26854664375870752,1,0.27264572425107048
423,1000,RS,-0.58185894403796912,-0.28782438681515965,1,0.29403455722280947
423,2000,PI,-0.5213362862310148,-0.32148119888374221,1,0.19985508734727259
423,2000,Boot,-0.51567463844109218,-0.31457342705658492,1,0.20110121138450726
423,2000,RS,-0.48386065920204857,-0.35895682591270839,1,0.12490383328934018
423,5000,PI,-0.53172443160754146,-0.40838090313546704,1,0.12334352847207442
423,5000,Boot,-0.53048209225963949,-0.4124547688323762,1,0.1180273234272633
423,5000,RS,-0.57010567396368006,-0.36999966077932844,1,0.20010601318435162
423,10000,PI,-0.50668731328676775,-0.42187464054151264,1,0.084812672745255113
423,10000,Boot,-0.50425129561642168,-0.41742978101625366,1,0.086821514600168015
423,10000,RS,-0.49833594037459022,-0.4302260134536901,1,0.068109926920900121
424,500,PI,-0.49188897403003323,-0.046488069104154095,1,0.44540090492587914
424,500,Boot,-0.44099187478053137,-0.034806577889512635,0,0.40618529689101873
424,500,RS,-0.43305560532562593,-0.10532143780856137,0,0.32773416751706452
424,1000,PI,-0.56130297848197486,-0.27174350667051672,1,0.28955947181145814
424,1000,Boot,-0.54495909791996355,-0.22901823599938007,1,0.31594086192058346
424,1000,RS,-0.71795655028926875,-0.11508993486322283,1,0.60286661542604592
424,2000,PI,-0.54596376936625668,-0.35238195108666925,1,0.19358181827958743
424,2000,Boot,-0.54302771407149475,-0.33823327310872964,1,0.20479444096276511
424,2000,RS,-0.57370014893377941,-0.32464557151914647,1,0.24905457741463294
424,5000,PI,-0.50761357998016332,-0.38635341728176692,1,0.1212601626983964
424,5000,Boot,-0.50614623470569375,-0.36668120719227432,1,0.13946502751341944
424,5000,RS,-0.49486664839643763,-0.39910034886549267,1,0.095766299530944954
424,10000,PI,-0.46622252364031047,-0.3833307524569588,1,0.08289177118335167
424,10000,Boot,-0.46192615114047431,-0.37668028337463388,1,0.085245867765840422
424,10000,RS,-0.48621059656580051,-0.36334267953146876,1,0.12286791703433175
425,500,PI,-0.77261745525559533,-0.3322091640370719,1,0.44040829121852343
425,500,Boot,-0.75456540087261259,-0.32479789172920265,1,0.42976750914340994
425,500,RS,-0.85203565275138349,-0.2527909665412838,1,0.59924468621009974
425,1000,PI,-0.58678259615016592,-0.29702344275723658,1,0.28975915339292935
425,1000,Boot,-0.57827780826908226,-0.27482119225292634,1,0.30345661601615592
425,1000,RS,-0.59312193731393203,-0.29068410159347041,1,0.30243783572046162
425,2000,PI,-0.56747721725687017,-0.37135221144364983,1,0.19612500581322034
425,2000,Boot,-0.56224677929139477,-0.35815417876069205,1,0.20409260053070272
425,2000,RS,-0.59352976874619201,-0.34529965995432799,1,0.24823010879186402
425,5000,PI,-0.47324628125943713,-0.3536739091559592,1,0.11957237210347793
425,5000,Boot,-0.48007807107114669,-0.34860696641345518,1,0.13147110465769152
425,5000,RS,-0.50285115292896687,-0.3240690374864294,1,0.17878211544253747
425,10000,PI,-0.48769865728567291,-0.4032290320136705,1,0.084469625272002413
425,10000,Boot,-0.48526022919194928,-0.39715737028181164,1,0.088102858910137638
425,10000,RS,-0.5041467570244087,-0.38678093227493471,1,0.11736582474947399
426,500,PI,-0.50405866090523366,-0.029158308449647841,1,0.47490035245558582
426,500,Boot,-0.45221375942594066,-0.045505745899807992,1,0.40670801352613267
426,500,RS,-0.35985675360327574,-0.17336021575160576,0,0.18649653785166997
426,1000,PI,-0.48478907542996347,-0.17052280303469286,1,0.31426627239527061
426,1000,Boot,-0.46159108391290915,-0.18188415322030105,1,0.2797069306926081
426,1000,RS,-0.41824287673407673,-0.2370690017305796,0,0.18117387500349713
426,2000,PI,-0.49518157737480684,-0.28796566261460266,1,0.20721591476020418
426,2000,Boot,-0.51220884141620304,-0.28919101162295685,1,0.22301782979324619
426,2000,RS,-0.51821069313067425,-0.26493654685873524,1,0.253274146271939
426,5000,PI,-0.4951148415802748,-0.37368348784675648,1,0.12143135373351832
426,5000,Boot,-0.50853872149994661,-0.37165210685346783,1,0.13688661464647878
426,5000,RS,-0.52235263244236863,-0.3464456969846626,1,0.17590693545770603
426,10000,PI,-0.4990724547847285,-0.41413439644613759,1,0.084938058338590916
426,10000,Boot,-0.49817554016815996,-0.41329470711786326,1,0.0848808330502967
426,10000,RS,-0.51511297261757583,-0.39809387861329032,1,0.11701909400428551
427,500,PI,-0.64523242975593964,-0.20026729990004541,1,0.4449651298558942
427,500,Boot,-0.59020031674005413,-0.19713664277844806,1,0.39306367396160607
427,500,RS,-0.4871602589508422,-0.35833947070514288,1,0.12882078824569931
427,1000,PI,-0.57401565320019599,-0.28204136626137233,1,0.29197428693882366
427,1000,Boot,-0.56600781485212748,-0.27858199344000822,1,0.28742582141211925
427,1000,RS,-0.51841989522544107,-0.33763712423612718,1,0.18078277098931389
427,2000,PI,-0.58231869221386379,-0.3827521006568223,1,0.19956659155704148
427,2000,Boot,-0.57425502522815242,-0.37811920504515328,1,0.19613582018299913
427,2000,RS,-0.57817318414455221,-0.38689760872613393,1,0.19127557541841828
427,5000,PI,-0.55749982104601903,-0.43448289573913224,1,0.12301692530688679
427,5000,Boot,-0.56220732198678147,-0.43339893417235209,1,0.12880838781442938
427,5000,RS,-0.52876758197781981,-0.46321513480733151,0,0.065552447170488304
427,10000,PI,-0.51147221110307972,-0.42625922173403236,1,0.085212989369047365
427,10000,Boot,-0.50608989724174813,-0.42365315103668355,1,0.082436746205064582
427,10000,RS,-0.53708224030610718,-0.40064919253100484,1,0.13643304777510235
428,500,PI,-0.81693825842991197,-0.34979401869389604,1,0.46714423973601593
428,500,Boot,-0.76869638041243382,-0.40497498381585528,1,0.36372139659657854
428,500,RS,-0.68919409577656698,-0.47753818134724102,0,0.21165591442932596
428,1000,PI,-0.60173484753619266,-0.32861377558738381,1,0.27312107194880886
428,1000,Boot,-0.60288552106456583,-0.30962817605373316,1,0.29325734501083267
428,1000,RS,-0.62740224372281661,-0.30294637940075986,1,0.32445586432205675
428,2000,PI,-0.50787737987595394,-0.32208143219705798,1,0.18579594767889596
428,2000,Boot,-0.50473140045543774,-0.3222736566002018,1,0.18245774385523594
428,2000,RS,-0.5157624909880042,-0.31419632108500772,1,0.20156616990299647
428,5000,PI,-0.4878197476553463,-0.37043961398480929,1,0.11738013367053701
428,5000,Boot,-0.48475205774286939,-0.3713856311643739,1,0.11336642657849549
428,5000,RS,-0.4819138701671879,-0.3763454914729677,1,0.1055683786942202
428,10000,PI,-0.46675314559148229,-0.38397032166254963,1,0.082782823928932658
428,10000,Boot,-0.46459736996135448,-0.38127520839184081,1,0.083322161569513664
428,10000,RS,-0.44322594142342758,-0.40749752583060433,0,0.035728415592823248
429,500,PI,-0.57205963101677759,-0.13142791143605762,1,0.44063171958072
429,500,Boot,-0.58246616819848973,-0.14040875465380703,1,0.4420574135446827
429,500,RS,-0.4519617116121738,-0.25152583084066138,1,0.20043588077151242
429,1000,PI,-0.51303472680461637,-0.24139613768422366,1,0.27163858912039274
429,1000,Boot,-0.49420057257153577,-0.22679940846281718,1,0.26740116410871861
429,1000,RS,-0.50600789761008869,-0.24842296687875132,1,0.25758493073133737
429,2000,PI,-0.54547847494455759,-0.35402914702595289,1,0.19144932791860469
429,2000,Boot,-0.54024297042416003,-0.36120855894544546,1,0.17903441147871457
429,2000,RS,-0.59241359014161654,-0.30709403182889389,1,0.28531955831272265
429,5000,PI,-0.55227716751144829,-0.43050407460834073,1,0.12177309290310756
429,5000,Boot,-0.53872237302296389,-0.4273690415096989,1,0.11135333151326499
429,5000,RS,-0.56091692279269556,-0.42186431932709345,1,0.13905260346560211
429,10000,PI,-0.511575320226345,-0.42676373757729757,1,0.084811582649047423
429,10000,Boot,-0.50610140929067637,-0.42149508169982286,1,0.084606327590853514
429,10000,RS,-0.52461266051166167,-0.41372639729198091,1,0.11088626321968076
430,500,PI,-0.60774559705482012,-0.17219810098820409,1,0.43554749606661602
430,500,Boot,-0.559272627461882,-0.22868367711379534,1,0.33058895034808666
430,500,RS,-0.4270255721927767,-0.35291812585024751,0,0.074107446342529193
430,1000,PI,-0.56925022750335119,-0.28638820052493041,1,0.28286202697842078
430,1000,Boot,-0.57245493328036479,-0.2957043648861748,1,0.27675056839418999
430,1000,RS,-0.4963367930686256,-0.359301634959656,1,0.1370351581089696
430,2000,PI,-0.56111204829549499,-0.36743061841138619,1,0.1936814298841088
430,2000,Boot,-0.56674014860419042,-0.37216742825454452,1,0.1945727203496459
430,2000,RS,-0.585897680398481,-0.34264498630840007,1,0.24325269409008093
430,5000,PI,-0.53296816051063489,-0.41260889737611378,1,0.12035926313452111
430,5000,Boot,-0.52908928231666918,-0.41357027181685707,1,0.11551901049981211
430,5000,RS,-0.54103360247092747,-0.40454345541582115,1,0.13649014705510631
430,10000,PI,-0.51021243538333372,-0.42501843917802407,1,0.085193996205309652
430,10000,Boot,-0.50923823882485875,-0.42200016843010352,1,0.087238070394755229
430,10000,RS,-0.51656038012371019,-0.41867049443764759,1,0.097889885686062605
431,500,PI,-0.69014648389198907,-0.15726176513302087,1,0.53288471875896826
431,500,Boot,-0.63211082104657768,-0.21407242766479057,1,0.41803839338178711
431,500,RS,-0.77359803423363127,-0.073810214791378725,1,0.69978781944225255
431,1000,PI,-0.47924192138393801,-0.1795956455785615,1,0.29964627580537651
431,1000,Boot,-0.45546214534249518,-0.18098446795537956,1,0.27447767738711559
431,1000,RS,-0.50560508677910643,-0.15323248018339308,1,0.35237260659571334
431,2000,PI,-0.55640457597841708,-0.3576262859046439,1,0.19877829007377318
431,2000,Boot,-0.54317553397733465,-0.35902024105700331,1,0.18415529292033134
431,2000,RS,-0.66673265292617367,-0.24729820895688723,1,0.41943444396928642
431,5000,PI,-0.52528065490697806,-0.40634919656069041,1,0.11893145834628766
431,5000,Boot,-0.51470067654104845,-0.3978908425630836,1,0.11680983397796485
431,5000,RS,-0.54590086080575217,-0.38572899066191635,1,0.16017187014383583
431,10000,PI,-0.49887090865487455,-0.41548024900683705,1,0.083390659648037491
431,10000,Boot,-0.49214547843458939,-0.4126117348038687,1,0.079533743630720688
431,10000,RS,-0.49266209697428853,-0.42168906068742307,1,0.070973036286865465
432,500,PI,-0.74838560689062272,-0.27269787184727207,1,0.47568773504335066
432,500,Boot,-0.74017833711099101,-0.27453984701128814,1,0.46563849009970287
432,500,RS,-0.57167814886605184,-0.44940532987184306,0,0.12227281899420878
432,1000,PI,-0.64892445200645399,-0.35873839112583161,1,0.29018606088062238
432,1000,Boot,-0.62955639914983741,-0.35392567911288486,1,0.27563072003695255
432,1000,RS,-0.60684085797261955,-0.40082198515966605,1,0.2060188728129535
432,2000,PI,-0.52453401433171598,-0.33033440006712034,1,0.19419961426459564
432,2000,Boot,-0.51510502637777078,-0.33570488037718077,1,0.17940014600059001
432,2000,RS,-0.56219923323773924,-0.29266918116109708,1,0.26953005207664216
432,5000,PI,-0.49352265185344713,-0.37636024678651392,1,0.11716240506693321
432,5000,Boot,-0.48983816102194694,-0.38134568723268636,1,0.10849247378926058
432,5000,RS,-0.47258158063691397,-0.39730131800304708,1,0.07528026263386689
432,10000,PI,-0.47667380487548588,-0.39328242022175258,1,0.083391384653733303
432,10000,Boot,-0.47474619669146145,-0.39131383779313583,1,0.08343235889832562
432,10000,RS,-0.45745052089811833,-0.41250570419912014,1,0.044944816698998191
433,500,PI,-0.72793255835953319,-0.25920219633802855,1,0.46873036202150464
433,500,Boot,-0.72690370486511635,-0.27047703370257992,1,0.45642667116253643
433,500,RS,-0.56061593728644976,-0.42651881741111197,1,0.13409711987533779
433,1000,PI,-0.63073012818875718,-0.35121035731419181,1,0.27951977087456537
433,1000,Boot,-0.64291585045090294,-0.3050695474828875,1,0.33784630296801543
433,1000,RS,-0.55933969021357077,-0.42260079528937816,1,0.13673889492419261
433,2000,PI,-0.56248868608219271,-0.37320193434859528,1,0.18928675173359744
433,2000,Boot,-0.56153477634310267,-0.35005171164281512,1,0.21148306470028755
433,2000,RS,-0.53132864583448758,-0.40436197459630041,1,0.12696667123818717
433,5000,PI,-0.48343381108734845,-0.36507543657687486,1,0.1183583745104736
433,5000,Boot,-0.47572966278550399,-0.36828217683669756,1,0.10744748594880643
433,5000,RS,-0.50657057803511629,-0.34193866962910702,1,0.16463190840600928
433,10000,PI,-0.50190194426716095,-0.41839305292717527,1,0.08350889133998568
433,10000,Boot,-0.49923446752874301,-0.41323103954517032,1,0.086003427983572689
433,10000,RS,-0.52541079768306687,-0.39488419951126935,1,0.13052659817179751
434,500,PI,-0.65484462364701668,-0.16960024520103748,1,0.48524437844597923
434,500,Boot,-0.61263828992181479,-0.16014359033539061,1,0.45249469958642419
434,500,RS,-0.45177386790130447,-0.37267100094674965,1,0.079102866954554818
434,1000,PI,-0.74428105804411882,-0.43375787692998857,1,0.31052318111413024
434,1000,Boot,-0.70660217429386918,-0.42109162755811258,1,0.2855105467357566
434,1000,RS,-0.88591601833304967,-0.29212291664105777,1,0.59379310169199195
434,2000,PI,-0.6612971206578081,-0.45632719810667222,0,0.20496992255113589
434,2000,Boot,-0.64131758083715407,-0.44418622311559119,1,0.19713135772156287
434,2000,RS,-0.64489907254033851,-0.4727252462241418,0,0.17217382631619671
434,5000,PI,-0.54502123861348872,-0.42214026394756832,1,0.12288097466592041
434,5000,Boot,-0.53435038104832666,-0.41965642187322166,1,0.114693959175105
434,5000,RS,-0.57494873041261119,-0.39221277214844585,1,0.18273595826416533
434,10000,PI,-0.51915721564138095,-0.43393060553196955,1,0.085226610109411405
434,10000,Boot,-0.51495874771060035,-0.43313408251894842,1,0.081824665191651935
434,10000,RS,-0.51475433932941816,-0.43833348184393239,1,0.076420857485485771
435,500,PI,-0.73383974154795395,-0.27988848953920742,1,0.45395125200874653
435,500,Boot,-0.68339460116190531,-0.2980434033989664,1,0.38535119776293891
435,500,RS,-0.6652803431723211,-0.34844788791484027,1,0.31683245525748083
435,1000,PI,-0.57544642991941986,-0.29445507490303269,1,0.28099135501638717
435,1000,Boot,-0.58445115678453818,-0.27864734422693538,1,0.30580381255760281
435,1000,RS,-0.60750501099551757,-0.26239649382693492,1,0.34510851716858265
435,2000,PI,-0.53919727344645951,-0.34736689342199123,1,0.19183038002446828
435,2000,Boot,-0.55344631438291603,-0.34304337286057052,1,0.21040294152234551
435,2000,RS,-0.49497210569212274,-0.391592061176328,1,0.10338004451579474
435,5000,PI,-0.52008602602437171,-0.4005468439070709,1,0.1195391821173008
435,5000,Boot,-0.51952921946331165,-0.39922210058983149,1,0.12030711887348017
435,5000,RS,-0.50245282750141906,-0.41818004243002366,1,0.084272785071395406
435,10000,PI,-0.51395040048910956,-0.43012549524161897,1,0.083824905247490589
435,10000,Boot,-0.51756759665514895,-0.42913132102463858,1,0.088436275630510375
435,10000,RS,-0.51668982766292681,-0.42738606806780166,1,0.089303759595125154
436,500,PI,-0.71378030226235556,-0.24184259883044168,1,0.47193770343191388
436,500,Boot,-0.67458852822649362,-0.26531772054931474,1,0.40927080767717888
436,500,RS,-0.61207829447759121,-0.34354460661520603,1,0.26853368786238518
436,1000,PI,-0.55746664697592763,-0.27483506817211134,1,0.28263157880381629
436,1000,Boot,-0.53447273122007777,-0.27675899286130756,1,0.25771373835877021
436,1000,RS,-0.50809760876169008,-0.32420410638634883,1,0.18389350237534124
436,2000,PI,-0.53067132732831968,-0.33156666547704716,1,0.19910466185127251
436,2000,Boot,-0.51935902968850856,-0.32109365199308537,1,0.19826537769542318
436,2000,RS,-0.46577460213609906,-0.39646339066926778,1,0.06931121146683128
436,5000,PI,-0.49851723242537749,-0.37610515598738881,1,0.12241207643798868
436,5000,Boot,-0.49010136044063896,-0.37481673243701913,1,0.11528462800361983
436,5000,RS,-0.48440653200231143,-0.39021585641045486,1,0.094190675591856565
436,10000,PI,-0.47502722288533172,-0.39020786214033254,1,0.084819360744999184
436,10000,Boot,-0.46776103188576235,-0.38631561153795041,1,0.081445420347811937
436,10000,RS,-0.45789110875402289,-0.40734397627164137,1,0.050547132482381518
437,500,PI,-0.84309468489077721,-0.32329116687076015,1,0.51980351802001712
437,500,Boot,-0.78531766856055019,-0.35238890631554581,1,0.43292876224500437
437,500,RS,-0.69446431500531258,-0.47192153675622478,0,0.2225427782490878
437,1000,PI,-0.69063360659625395,-0.36933340644446749,1,0.32130020015178645
437,1000,Boot,-0.65148491777184037,-0.33445819999421023,1,0.31702671777763014
437,1000,RS,-0.62477678446669349,-0.435190228574028,1,0.18958655589266549
437,2000,PI,-0.57675275939890058,-0.37239036271831255,1,0.20436239668058803
437,2000,Boot,-0.56125982671223595,-0.35350801816271049,1,0.20775180854952546
437,2000,RS,-0.58465596037652101,-0.36448716174069218,1,0.22016879863582883
437,5000,PI,-0.50715998877634261,-0.38752182887331654,1,0.11963815990302606
437,5000,Boot,-0.49449457247914735,-0.37630212593752022,1,0.11819244654162714
437,5000,RS,-0.49897342528009003,-0.39570839236956912,1,0.10326503291052092
437,10000,PI,-0.49263163746245131,-0.40914690147385502,1,0.083484735988596293
437,10000,Boot,-0.48512673631458064,-0.40169723861908652,1,0.083429497695494126
437,10000,RS,-0.48131242288243475,-0.42046611605387157,1,0.060846306828563179
438,500,PI,-0.72256647273214503,-0.27289468832513081,1,0.44967178440701422
438,500,Boot,-0.67100451280639839,-0.28162664056352549,1,0.3893778722428729
438,500,RS,-0.6540229501118523,-0.34143821094542359,1,0.3125847391664287
438,1000,PI,-0.63234165561160904,-0.33195386857841414,1,0.30038778703319491
438,1000,Boot,-0.59945705786894732,-0.33555801836765842,1,0.2638990395012889
438,1000,RS,-0.54164646585374288,-0.42264905833628036,1,0.11899740751746252
438,2000,PI,-0.5640365847423674,-0.36582389118439917,1,0.19821269355796822
438,2000,Boot,-0.54864277713512677,-0.36003799932143343,1,0.18860477781369334
438,2000,RS,-0.5483891870952291,-0.38147128883153752,1,0.16691789826369158
438,5000,PI,-0.51591124740741789,-0.39670557628629843,1,0.11920567112111946
438,5000,Boot,-0.5082111081521169,-0.39192437845882799,1,0.1162867296932889
438,5000,RS,-0.49642689994110945,-0.41618992375260688,1,0.080236976188502562
438,10000,PI,-0.49538620322077259,-0.41169078896878691,1,0.083695414251985678
438,10000,Boot,-0.49543331358163806,-0.4058679317717277,1,0.08956538180991036
438,10000,RS,-0.47695412738941545,-0.43012286480014406,1,0.046831262589271394
439,500,PI,-0.70817566075289529,-0.21623032490944083,1,0.49194533584345446
439,500,Boot,-0.69121582656849068,-0.24043581263506714,1,0.45078001393342354
439,500,RS,-0.62739907133605599,-0.29700691432628012,1,0.33039215700977587
439,1000,PI,-0.5446685833806304,-0.24661015601925235,1,0.29805842736137805
439,1000,Boot,-0.53790868649410217,-0.24819512199492785,1,0.28971356449917429
439,1000,RS,-0.49013389194364188,-0.30114484745624093,1,0.18898904448740095
439,2000,PI,-0.55722778063886103,-0.36469682553221089,1,0.19253095510665014
439,2000,Boot,-0.55133298521566676,-0.3543705191000362,1,0.19696246611563056
439,2000,RS,-0.59383407506591557,-0.3280905311051564,1,0.26574354396075917
439,5000,PI,-0.48051860074779967,-0.36287799900536938,1,0.1176406017424303
439,5000,Boot,-0.46868729314812935,-0.35576130104855286,1,0.11292599209957649
439,5000,RS,-0.47845074761490836,-0.3649458521382607,1,0.11350489547664766
439,10000,PI,-0.46764620374896343,-0.38522332056303127,1,0.082422883185932161
439,10000,Boot,-0.46440184841425736,-0.37421539602862575,1,0.09018645238563161
439,10000,RS,-0.45723871152975204,-0.39563081278224266,1,0.061607898747509382
440,500,PI,-0.58819191109320401,-0.1484633449556679,1,0.43972856613753608
440,500,Boot,-0.56191021461091795,-0.153094838377797,1,0.40881537623312092
440,500,RS,-0.4259551696864437,-0.31070008636242824,0,0.11525508332401546
440,1000,PI,-0.56015340066025221,-0.28145847407480479,1,0.27869492658544742
440,1000,Boot,-0.53744039518614262,-0.27440921677853158,1,0.26303117840761103
440,1000,RS,-0.57187670922499678,-0.26973516551006016,1,0.30214154371493662
440,2000,PI,-0.5770801662954963,-0.38058416694201186,1,0.19649599935348444
440,2000,Boot,-0.56463481150272954,-0.37718780518201062,1,0.18744700632071892
440,2000,RS,-0.62510952699868472,-0.33255480623882339,1,0.29255472075986133
440,5000,PI,-0.53487373444281505,-0.41094813639437833,1,0.12392559804843672
440,5000,Boot,-0.52766743547356676,-0.41206425200269986,1,0.1156031834708669
440,5000,RS,-0.51725366195254197,-0.42856820888465141,1,0.088685453067890552
440,10000,PI,-0.50361742195742865,-0.4188249734095939,1,0.084792448547834742
440,10000,Boot,-0.5050032495094382,-0.41766431913731883,1,0.087338930372119372
440,10000,RS,-0.50230443372426326,-0.42013796164275935,1,0.082166472081503905
441,500,PI,-0.81846066068168377,-0.33358181083044558,1,0.48487884985123819
441,500,Boot,-0.78106335998354881,-0.31813139613928154,1,0.46293196384426727
441,500,RS,-0.73155987821673196,-0.42048259329539739,1,0.31107728492133457
441,1000,PI,-0.69941841193374055,-0.3921364794663505,1,0.30728193246739005
441,1000,Boot,-0.67809882472841321,-0.3669634209001813,1,0.3111354038282319
441,1000,RS,-0.57984469411272577,-0.51171019728736522,0,0.068134496825360547
441,2000,PI,-0.51750266024854774,-0.32523116141886704,1,0.1922714988296807
441,2000,Boot,-0.50397873695574358,-0.3053701718201684,1,0.19860856513557518
441,2000,RS,-0.65325066753356575,-0.18948315413384909,1,0.46376751339971667
441,5000,PI,-0.51108996964618181,-0.39031563654396739,1,0.12077433310221442
441,5000,Boot,-0.50720529964392502,-0.38773099847677395,1,0.11947430116715108
441,5000,RS,-0.50586601695828015,-0.39553958923186905,1,0.1103264277264111
441,10000,PI,-0.49666173209365588,-0.41259718505419302,1,0.084064547039462867
441,10000,Boot,-0.49108189234767752,-0.41215890884235867,1,0.078922983505318844
441,10000,RS,-0.4847046198985055,-0.4245542972493434,1,0.060150322649162091
442,500,PI,-0.7069530724167844,-0.19127005047781886,1,0.51568302193896554
442,500,Boot,-0.70033115596534135,-0.22780837411706756,1,0.47252278184827379
442,500,RS,-0.56360081128339512,-0.33462231161120815,1,0.22897849967218697
442,1000,PI,-0.63460078576455581,-0.31623618304133638,1,0.31836460272321943
442,1000,Boot,-0.62265226580567323,-0.29455243474795317,1,0.32809983105772006
442,1000,RS,-0.62585989424539812,-0.32497707456049407,1,0.30088281968490405
442,2000,PI,-0.53446405839512678,-0.32537680682945574,1,0.20908725156567104
442,2000,Boot,-0.51060634177562836,-0.30941981031174354,1,0.20118653146388482
442,2000,RS,-0.57683155181513335,-0.28300931340944913,1,0.29382223840568422
442,5000,PI,-0.45801997031645458,-0.33673082801478127,1,0.12128914230167331
442,5000,Boot,-0.44578003966559587,-0.33949537869467472,0,0.10628466097092115
442,5000,RS,-0.48524831249206901,-0.30950248583916684,1,0.17574582665290217
442,10000,PI,-0.48755398300391295,-0.40274904520545252,1,0.084804937798460434
442,10000,Boot,-0.48224528024185231,-0.40040697628317773,1,0.081838303958674585
442,10000,RS,-0.52153520298102596,-0.36876782522833945,1,0.15276737775268651
443,500,PI,-0.4834691768983308,-0.022862164950857883,1,0.46060701194747289
443,500,Boot,-0.46020816304220857,-0.033408320757991578,1,0.42679984228421697
443,500,RS,-0.3340307717621871,-0.17230057008700159,0,0.16173020167518551
443,1000,PI,-0.49820716995633463,-0.21173483225311296,1,0.28647233770322167
443,1000,Boot,-0.49622755143538261,-0.21698521201134155,1,0.27924233942404109
443,1000,RS,-0.54660063506659129,-0.16334136714285633,1,0.38325926792373499
443,2000,PI,-0.52757288031023641,-0.33143424390679088,1,0.19613863640344553
443,2000,Boot,-0.51913208100683472,-0.33235723484377466,1,0.18677484616306006
443,2000,RS,-0.57937970736493261,-0.27962741685209469,1,0.29975229051283792
443,5000,PI,-0.47525036641154289,-0.35699777868242882,1,0.11825258772911407
443,5000,Boot,-0.47741344083467535,-0.3530495923494732,1,0.12436384848520216
443,5000,RS,-0.45910614782973824,-0.37314199726423347,1,0.085964150565504771
443,10000,PI,-0.46491357070611383,-0.38187143431880566,1,0.083042136387308174
443,10000,Boot,-0.46434388761422962,-0.37998366555805552,1,0.084360222056174106
443,10000,RS,-0.46284865680011539,-0.3839363482248041,1,0.078912308575311285
444,500,PI,-0.56441356320389313,-0.12667457255487943,1,0.43773899064901367
444,500,Boot,-0.52084842288712685,-0.14850635541831844,1,0.37234206746880838
444,500,RS,-0.59913643416435036,-0.091951701594422286,1,0.50718473256992813
444,1000,PI,-0.55780256512890825,-0.28740846722093988,1,0.27039409790796837
444,1000,Boot,-0.54624123312418271,-0.28883392048133605,1,0.25740731264284666
444,1000,RS,-0.59285384979605471,-0.25235718255379347,1,0.34049666724226124
444,2000,PI,-0.49643692634671011,-0.30625742628520469,1,0.19017950006150541
444,2000,Boot,-0.49075325449154,-0.2902834089319265,1,0.2004698455596135
444,2000,RS,-0.50474898656863332,-0.29794536606328148,1,0.20680362050535184
444,5000,PI,-0.45734563219499152,-0.33956012870277336,1,0.11778550349221817
444,5000,Boot,-0.46323213226371263,-0.33903007327699547,1,0.12420205898671716
444,5000,RS,-0.46246868017509346,-0.33443708072267142,1,0.12803159945242204
444,10000,PI,-0.46506725916141856,-0.38236141095114062,1,0.082705848210277932
444,10000,Boot,-0.47281596505310874,-0.37643124807989103,1,0.09638471697321771
444,10000,RS,-0.48503085775098193,-0.36239781236157725,1,0.12263304538940467
445,500,PI,-0.66798173790724991,-0.1727814863614148,1,0.49520025154583514
445,500,Boot,-0.67342254059995055,-0.16382073589532298,1,0.50960180470462757
445,500,RS,-0.59736871442023698,-0.24339450984842773,1,0.35397420457180928
445,1000,PI,-0.51918116017795979,-0.23955516504977128,1,0.27962599512818853
445,1000,Boot,-0.52361319595838141,-0.21971604654859164,1,0.30389714940978974
445,1000,RS,-0.45035287308085614,-0.3083834521468749,1,0.14196942093398124
445,2000,PI,-0.55590041251820677,-0.35827931764881915,1,0.19762109486938761
445,2000,Boot,-0.56344029696499343,-0.35010464125104945,1,0.21333565571394397
445,2000,RS,-0.62506736671883134,-0.28911236344819458,1,0.33595500327063677
445,5000,PI,-0.51702047020030206,-0.3980931897099097,1,0.11892728049039236
445,5000,Boot,-0.50718621684402398,-0.38799178964246323,1,0.11919442720156076
445,5000,RS,-0.49847458254290217,-0.4166390773673096,1,0.081835505175592571
445,10000,PI,-0.51308390477056021,-0.42834729396649823,1,0.084736610804061974
445,10000,Boot,-0.51321442082709989,-0.42250008365498992,1,0.090714337172109971
445,10000,RS,-0.51036430623010109,-0.4310668925069574,1,0.079297413723143695
446,500,PI,-0.6426116207724657,-0.16645994911668391,1,0.47615167165578176
446,500,Boot,-0.59481320816897976,-0.20778680102856173,1,0.38702640714041803
446,500,RS,-0.55384458407151571,-0.25522698581763392,1,0.29861759825388179
446,1000,PI,-0.55983272025503772,-0.25846603237971177,1,0.30136668787532594
446,1000,Boot,-0.53348061471420616,-0.26627769671078849,1,0.26720291800341767
446,1000,RS,-0.45885441033782287,-0.35944434229692662,1,0.099410068040896249
446,2000,PI,-0.5172231657531704,-0.31409233506745593,1,0.20313083068571447
446,2000,Boot,-0.49992408760758444,-0.32266853227224845,1,0.17725555533533599
446,2000,RS,-0.44542601375499707,-0.38588948706562926,0,0.059536526689367819
446,5000,PI,-0.51732935350337894,-0.39423451820590044,1,0.1230948352974785
446,5000,Boot,-0.51143149142629085,-0.39633312620147243,1,0.11509836522481842
446,5000,RS,-0.53551549725815617,-0.37604837445112332,1,0.15946712280703285
446,10000,PI,-0.50569087700466608,-0.41919653715862892,1,0.08649433984603716
446,10000,Boot,-0.498884915221595,-0.4187225520664955,1,0.080162363155099503
446,10000,RS,-0.50862513054774228,-0.41626228361555273,1,0.092362846932189546
447,500,PI,-0.66837320724771443,-0.18102147372692715,1,0.48735173352078731
447,500,Boot,-0.59566467806138146,-0.18690753441723315,1,0.40875714364414828
447,500,RS,-0.74477322473654883,-0.10462145623809277,1,0.64015176849845612
447,1000,PI,-0.53508085967399199,-0.24543157476071503,1,0.28964928491327696
447,1000,Boot,-0.50693160036343565,-0.21870086344019679,1,0.28823073692323886
447,1000,RS,-0.56074170039446014,-0.21977073404024694,1,0.3409709663542132
447,2000,PI,-0.47319457634484741,-0.28047669692679,1,0.1927178794180574
447,2000,Boot,-0.45361636563376445,-0.25927351521603381,1,0.19434285041773064
447,2000,RS,-0.44725083786632835,-0.30642043540530906,1,0.1408304024610193
447,5000,PI,-0.46122604213682611,-0.34243257030710511,1,0.118793471829721
447,5000,Boot,-0.4504397092123904,-0.33624844812397547,1,0.11419126108841493
447,5000,RS,-0.49184231055526489,-0.31181630188866633,1,0.18002600866659857
447,10000,PI,-0.42916649084816955,-0.34561687827230941,0,0.083549612575860133
447,10000,Boot,-0.42387697522566525,-0.33555642636715094,0,0.088320548858514314
447,10000,RS,-0.42664316708673161,-0.34814020203374735,0,0.078502965052984264
448,500,PI,-0.76694937656668583,-0.23186519874392719,1,0.53508417782275863
448,500,Boot,-0.70142082715013099,-0.25838976793977125,1,0.44303105921035973
448,500,RS,-0.57323417078290817,-0.4255804045277049,1,0.14765376625520327
448,1000,PI,-0.63155127820339696,-0.33442106107595415,1,0.29713021712744281
448,1000,Boot,-0.61364176936297699,-0.31196018927532854,1,0.30168158008764845
448,1000,RS,-0.56623980521081263,-0.39973253406853854,1,0.16650727114227409
448,2000,PI,-0.61112859171424616,-0.41276485487407433,1,0.19836373684017183
448,2000,Boot,-0.61294481177372473,-0.39528331785110687,1,0.21766149392261785
448,2000,RS,-0.58661964161758362,-0.43727380497073681,1,0.14934583664684681
448,5000,PI,-0.51952401239414792,-0.39671303856030998,1,0.12281097383383793
448,5000,Boot,-0.51856376758971057,-0.38891138602728953,1,0.12965238156242104
448,5000,RS,-0.5242122980047722,-0.39202475294968575,1,0.13218754505508645
448,10000,PI,-0.47964021722015465,-0.39588668634464114,1,0.083753530875513515
448,10000,Boot,-0.47516303254393255,-0.39047472582655529,1,0.08468830671737726
448,10000,RS,-0.48713410430092435,-0.38839279926387144,1,0.098741305037052918
449,500,PI,-0.6460051021197295,-0.17186382360428479,1,0.47414127851544474
449,500,Boot,-0.60017068635483062,-0.193849677645936,1,0.40632100870889465
449,500,RS,-0.64885114498972607,-0.16901778073428816,1,0.47983336425543788
449,1000,PI,-0.55930363464219779,-0.27031774817370885,1,0.28898588646848894
449,1000,Boot,-0.55841433265210183,-0.25715084068123695,1,0.30126349197086488
449,1000,RS,-0.48603206485200529,-0.34358931796390141,1,0.14244274688810388
449,2000,PI,-0.51394459131005721,-0.31350067357850009,1,0.20044391773155712
449,2000,Boot,-0.50363085818461018,-0.31910858933608588,1,0.1845222688485243
449,2000,RS,-0.45337634261420467,-0.37406892227435262,1,0.079307420339852053
449,5000,PI,-0.47349470943366245,-0.35476051266303266,1,0.1187341967706298
449,5000,Boot,-0.46476481488238713,-0.34705354888954731,1,0.11771126599283982
449,5000,RS,-0.44012433310167776,-0.38813088899501735,0,0.051993444106660403
449,10000,PI,-0.48323472676269585,-0.39917892370445263,1,0.084055803058243228
449,10000,Boot,-0.47893215568512643,-0.39632729709310205,1,0.082604858592024377
449,10000,RS,-0.49781093293081424,-0.38460271753633424,1,0.11320821539448001
450,500,PI,-0.72748931402711303,-0.24016695037541011,1,0.48732236365170289
450,500,Boot,-0.69475053862824754,-0.25704549724421033,1,0.43770504138403721
450,500,RS,-0.73167193693655974,-0.2359843274659634,1,0.49568760947059631
450,1000,PI,-0.57463461816116967,-0.28274245032200951,1,0.29189216783916017
450,1000,Boot,-0.58771179384781735,-0.27870012700466407,1,0.30901166684315329
450,1000,RS,-0.55776629288645341,-0.29961077559672578,1,0.25815551728972763
450,2000,PI,-0.56268455217519531,-0.36151636992330149,1,0.20116818225189381
450,2000,Boot,-0.55147289342630268,-0.36201946710972488,1,0.1894534263165778
450,2000,RS,-0.51368461677468114,-0.41051630532381572,1,0.10316831145086541
450,5000,PI,-0.51154322852931322,-0.39055607127785763,1,0.12098715725145559
450,5000,Boot,-0.52667049132994859,-0.39475750784549329,1,0.13191298348445529
450,5000,RS,-0.50974866311606759,-0.39235063669110321,1,0.11739802642496439
450,10000,PI,-0.48214205182458486,-0.39754237790923136,1,0.084599673915353502
450,10000,Boot,-0.48482695534642234,-0.40090835172602507,1,0.08391860362039727
450,10000,RS,-0.46291822871484745,-0.41676620101896877,1,0.046152027695878672
451,500,PI,-0.78410686082641001,-0.29872970815614275,1,0.48537715267026726
451,500,Boot,-0.71176967178065242,-0.33404419542947306,1,0.37772547635117937
451,500,RS,-0.66533867179380779,-0.41749789718874497,1,0.24784077460506282
451,1000,PI,-0.61099778655526593,-0.32580429680145528,1,0.28519348975381065
451,1000,Boot,-0.60310805175567395,-0.32325133572212683,1,0.27985671603354711
451,1000,RS,-0.61984419761474885,-0.31695788574197242,1,0.30288631187277643
451,2000,PI,-0.55006922591440566,-0.35559589776406819,1,0.19447332815033747
451,2000,Boot,-0.54226403446476712,-0.34739852886982092,1,0.1948655055949462
451,2000,RS,-0.5310006571498882,-0.37466446652858565,1,0.15633619062130255
451,5000,PI,-0.52163287154514681,-0.39996606509863913,1,0.12166680644650768
451,5000,Boot,-0.52813787827135483,-0.39150591239474142,1,0.13663196587661341
451,5000,RS,-0.4877694986675396,-0.4338294379762464,1,0.053940060691293201
451,10000,PI,-0.49283131971935507,-0.40900876050871832,1,0.083822559210636749
451,10000,Boot,-0.4950671894527548,-0.40376855012374435,1,0.091298639329010445
451,10000,RS,-0.47413880514789858,-0.4277012750801748,1,0.046437530067723776
452,500,PI,-0.84019377219416336,-0.38424907072464431,1,0.45594470146951904
452,500,Boot,-0.81914741062266094,-0.41090726962623969,1,0.40824014099642125
452,500,RS,-0.95106981653882272,-0.2733730263799849,1,0.67769679015883777
452,1000,PI,-0.68857932194631966,-0.38384732943688271,1,0.30473199250943694
452,1000,Boot,-0.64830092693524177,-0.39487794220302963,1,0.25342298473221214
452,1000,RS,-0.63045104691861176,-0.44197560446459061,1,0.18847544245402115
452,2000,PI,-0.65195830166576119,-0.45466665456161254,0,0.19729164710414865
452,2000,Boot,-0.6282906404425076,-0.43283364071582442,1,0.19545699972668318
452,2000,RS,-0.59730160052133685,-0.50932335570603693,0,0.087978244815299922
452,5000,PI,-0.56101607652655883,-0.4388780682036777,1,0.12213800832288113
452,5000,Boot,-0.55442471975017982,-0.4258731411675874,1,0.12855157858259242
452,5000,RS,-0.63211100853209434,-0.36778313619814218,1,0.26432787233395216
452,10000,PI,-0.51078070090366179,-0.42610220245391106,1,0.084678498449750728
452,10000,Boot,-0.50263914784492458,-0.41948642698847893,1,0.08315272085644565
452,10000,RS,-0.58231856154106731,-0.35456434181650559,1,0.22775421972456172
453,500,PI,-0.51826784623076649,-0.03583055596906301,1,0.48243729026170346
453,500,Boot,-0.50561254722859927,-0.067077239921784909,1,0.43853530730681434
453,500,RS,-0.36037438330249094,-0.19372401889733859,0,0.16665036440515235
453,1000,PI,-0.54105703174433228,-0.24166865820180308,1,0.29938837354252923
453,1000,Boot,-0.5269569235533802,-0.24513382582197424,1,0.28182309773140596
453,1000,RS,-0.54093447213181067,-0.24179121781432467,1,0.29914325431748601
453,2000,PI,-0.46941565685319309,-0.2718258736077328,1,0.19758978324546028
453,2000,Boot,-0.46972396124717536,-0.27849586628991108,1,0.19122809495726428
453,2000,RS,-0.42294521583527811,-0.31829631462564778,0,0.10464890120963033
453,5000,PI,-0.4727494014826561,-0.35461605482846115,1,0.11813334665419495
453,5000,Boot,-0.48300506244734198,-0.34969547745759372,1,0.13330958498974826
453,5000,RS,-0.4959699152562882,-0.33139554105482905,1,0.16457437420145915
453,10000,PI,-0.48573079087704985,-0.40247234546890476,1,0.083258445408145088
453,10000,Boot,-0.48994431577426756,-0.40134224691144116,1,0.0886020688628264
453,10000,RS,-0.51719794168549305,-0.37100519466046161,1,0.14619274702503143
454,500,PI,-0.33131382294486189,0.11205793761025179,0,0.44337176055511368
454,500,Boot,-0.30430322373775165,0.076193941168343715,0,0.38049716490609536
454,500,RS,-0.23535435595288606,0.016098470618275962,0,0.25145282657116202
454,1000,PI,-0.4020018533438523,-0.12981535890369586,0,0.27218649444015641
454,1000,Boot,-0.41330722778044016,-0.12352355925258046,0,0.28978366852785969
454,1000,RS,-0.57538721202516219,0.043569999777614055,1,0.61895721180277619
454,2000,PI,-0.5449855388473489,-0.34597318515738118,1,0.19901235368996772
454,2000,Boot,-0.54753220482373255,-0.33775693065169538,1,0.20977527417203717
454,2000,RS,-0.83926182406300098,-0.051696899941729046,1,0.78756492412127188
454,5000,PI,-0.52472706031281835,-0.4021065416653406,1,0.12262051864747775
454,5000,Boot,-0.52686427206104403,-0.40221766515724555,1,0.12464660690379847
454,5000,RS,-0.56675694136497423,-0.36007666061318472,1,0.20668028075178951
454,10000,PI,-0.5027779955605377,-0.41748822599024177,1,0.085289769570295937
454,10000,Boot,-0.50912866934075052,-0.40797303524794604,1,0.10115563409280448
454,10000,RS,-0.50287864887373568,-0.41738757267704379,1,0.085491076196691884
455,500,PI,-0.72806347380282821,-0.28237427633191542,1,0.44568919747091279
455,500,Boot,-0.70501271740189997,-0.30138272825319651,1,0.40362998914870346
455,500,RS,-0.58746009788438025,-0.42297765225036338,1,0.16448244563401687
455,1000,PI,-0.64173206861269394,-0.35461697177114521,1,0.28711509684154873
455,1000,Boot,-0.61265727272412607,-0.36832127650988877,1,0.24433599621423729
455,1000,RS,-0.54600125077397188,-0.45034778960986721,0,0.095653461164104669
455,2000,PI,-0.58507722284672603,-0.38700356366407057,1,0.19807365918265546
455,2000,Boot,-0.58384972847040284,-0.37822913960109372,1,0.20562058886930912
455,2000,RS,-0.57923522706957142,-0.39284555944122507,1,0.18638966762834636
455,5000,PI,-0.54310203787136313,-0.42299203652002521,1,0.12011000135133792
455,5000,Boot,-0.54230204409994576,-0.42415692005017158,1,0.11814512404977418
455,5000,RS,-0.51632010059685074,-0.44977397379453771,0,0.066546126802313033
455,10000,PI,-0.50861389442850558,-0.42545949842025282,1,0.083154396008252751
455,10000,Boot,-0.50863986422121488,-0.42104223198674801,1,0.087597632234466871
455,10000,RS,-0.50307020850651041,-0.43100318434224788,1,0.072067024164262528
456,500,PI,-0.79556095672812943,-0.29273704264324496,1,0.50282391408488447
456,500,Boot,-0.77829882952778695,-0.30435165168850953,1,0.47394717783927742
456,500,RS,-0.6657397518481315,-0.42255824752324289,1,0.24318150432488861
456,1000,PI,-0.60484428680859859,-0.29445535425105102,1,0.31038893255754757
456,1000,Boot,-0.62022855171584723,-0.31269776153208462,1,0.30753079018376261
456,1000,RS,-0.61715144903243679,-0.28214819202721275,1,0.33500325700522404
456,2000,PI,-0.51788220505196214,-0.31585215569692426,1,0.20203004935503788
456,2000,Boot,-0.51538378578686772,-0.31376265246840873,1,0.20162113331845899
456,2000,RS,-0.52304560543822987,-0.31068875531065654,1,0.21235685012757333
456,5000,PI,-0.52420024772654727,-0.40135910620772813,1,0.12284114151881914
456,5000,Boot,-0.51516783987075176,-0.40444176778705138,1,0.11072607208370039
456,5000,RS,-0.53044928172273786,-0.3951100722115376,1,0.13533920951120026
456,10000,PI,-0.47257864840029179,-0.38761948033902288,1,0.084959168061268908
456,10000,Boot,-0.47557622509600844,-0.39126139241686575,1,0.084314832679142693
456,10000,RS,-0.50873129423085561,-0.351466834508459,1,0.15726445972239661
457,500,PI,-0.57415463150420876,-0.11392090617287093,1,0.46023372533133783
457,500,Boot,-0.57121078059564012,-0.14481815280922958,1,0.42639262778641052
457,500,RS,-0.46286609257330968,-0.22520944510376995,1,0.23765664746953974
457,1000,PI,-0.5695043393008915,-0.25492093667001514,1,0.31458340263087636
457,1000,Boot,-0.56847242669530862,-0.24857634609524362,1,0.31989608060006502
457,1000,RS,-0.51637571903566415,-0.30804955693524244,1,0.20832616210042171
457,2000,PI,-0.4884112810473818,-0.28596129508300089,1,0.20244998596438091
457,2000,Boot,-0.48882355741649608,-0.27977571759975961,1,0.20904783981673647
457,2000,RS,-0.46384694772206553,-0.31052562840831716,1,0.15332131931374837
457,5000,PI,-0.48168533672095326,-0.35895709022472033,1,0.12272824649623293
457,5000,Boot,-0.49524513743014881,-0.36526149998599139,1,0.12998363744415742
457,5000,RS,-0.50146432980218925,-0.33917809714348429,1,0.16228623265870495
457,10000,PI,-0.46111017937208265,-0.37572810625321795,1,0.085382073118864699
457,10000,Boot,-0.46420834766097174,-0.37846063885755898,1,0.085747708803412759
457,10000,RS,-0.45267906226553539,-0.38415922335976521,1,0.068519838905770181
458,500,PI,-0.67738824499467765,-0.20094907275088922,1,0.4764391722437884
458,500,Boot,-0.64583191760180225,-0.21436852321652056,1,0.4314633943852817
458,500,RS,-0.47243065446370136,-0.40590666328186553,1,0.066523991181835829
458,1000,PI,-0.67274624129415972,-0.37787266486317705,1,0.29487357643098266
458,1000,Boot,-0.64194604699661451,-0.37378506075133444,1,0.26816098624528006
458,1000,RS,-0.67883653159067459,-0.37178237456666224,1,0.30705415702401234
458,2000,PI,-0.64863358419502792,-0.45071700560077677,0,0.19791657859425116
458,2000,Boot,-0.64021111935621655,-0.43469006505680924,1,0.20552105429940731
458,2000,RS,-0.62343274586407871,-0.47591784393172598,0,0.14751490193235273
458,5000,PI,-0.55435202578539444,-0.42967154709995414,1,0.1246804786854403
458,5000,Boot,-0.5606253079701945,-0.41100385373360881,1,0.14962145423658568
458,5000,RS,-0.62168885609983626,-0.36233471678551232,1,0.25935413931432394
458,10000,PI,-0.50942601822234423,-0.42347532666055987,1,0.085950691561784365
458,10000,Boot,-0.50899366894149489,-0.41681649416678879,1,0.092177174774706105
458,10000,RS,-0.56310230843824549,-0.36979903644465861,1,0.19330327199358688
459,500,PI,-0.43239964284478627,0.022835895297735692,0,0.45523553814252193
459,500,Boot,-0.40481621756658293,-0.0033758459300100574,0,0.40144037163657287
459,500,RS,-0.37693079875009416,-0.032632948796956412,0,0.34429784995313772
459,1000,PI,-0.44058980615327403,-0.15119839095196061,0,0.2893914152013134
459,1000,Boot,-0.43140043504258463,-0.17248669850479839,0,0.25891373653778627
459,1000,RS,-0.52334014667405593,-0.06844805043117877,1,0.45489209624287719
459,2000,PI,-0.43740947057884527,-0.24678054791914764,0,0.19062892265969764
459,2000,Boot,-0.43215253359180583,-0.25223149525309735,0,0.17992103833870848
459,2000,RS,-0.46242717964390823,-0.22176283885408465,1,0.24066434078982357
459,5000,PI,-0.44657921815468732,-0.32640143929095139,0,0.12017777886373593
459,5000,Boot,-0.44448091406978196,-0.32650602133544387,0,0.11797489273433809
459,5000,RS,-0.45754281475918307,-0.31543784268645564,1,0.14210497207272743
459,10000,PI,-0.44932163012534992,-0.36482631942357285,1,0.084495310701777071
459,10000,Boot,-0.44646832623168903,-0.36301597405859232,0,0.083452352173096711
459,10000,RS,-0.4678364568138223,-0.34631149273510048,1,0.12152496407872182
460,500,PI,-0.54478966873567358,-0.11692366353080627,1,0.42786600520486728
460,500,Boot,-0.53277697321850725,-0.11334987954690845,1,0.41942709367159881
460,500,RS,-0.45131455431938272,-0.21039877794709719,1,0.24091577637228553
460,1000,PI,-0.49025955964203483,-0.21737112686819896,1,0.2728884327738359
460,1000,Boot,-0.47548452659414359,-0.21378838805056549,1,0.26169613854357809
460,1000,RS,-0.42669515858588292,-0.28093552792435084,0,0.14575963066153208
460,2000,PI,-0.46672919436365273,-0.27478625926558692,1,0.19194293509806581
460,2000,Boot,-0.45858992982861935,-0.25882675021681406,1,0.19976317961180529
460,2000,RS,-0.43131688381062633,-0.31019856981861332,0,0.121118313992013
460,5000,PI,-0.473407626611409,-0.35430230086168291,1,0.1191053257497261
460,5000,Boot,-0.46621630702602629,-0.34396590861882403,1,0.12225039840720225
460,5000,RS,-0.47204955416664807,-0.35566037330644384,1,0.11638918086020422
460,10000,PI,-0.44846521415243257,-0.3654792126056261,1,0.082986001546806465
460,10000,Boot,-0.44560388280202812,-0.36081246411743578,0,0.084791418684592335
460,10000,RS,-0.43187917858924585,-0.38206524816881282,0,0.049813930420433028
461,500,PI,-0.62720301666145084,-0.1773885747831489,1,0.44981444187830194
461,500,Boot,-0.58916351084422081,-0.16549639611945072,1,0.42366711472477009
461,500,RS,-0.60455202519180828,-0.20003956625279137,1,0.40451245893901688
461,1000,PI,-0.55752471177074692,-0.26612307149028297,1,0.29140164028046395
461,1000,Boot,-0.52111275216150754,-0.25061504718144501,1,0.27049770498006254
461,1000,RS,-0.54292680969308238,-0.28072097356794756,1,0.26220583612513482
461,2000,PI,-0.49575592574740968,-0.30108617700028517,1,0.1946697487471245
461,2000,Boot,-0.48270157853132378,-0.29697091905954359,1,0.18573065947178019
461,2000,RS,-0.46446745966224828,-0.33237464308544656,1,0.13209281657680172
461,5000,PI,-0.47985832874650447,-0.36014818587374098,1,0.11971014287276349
461,5000,Boot,-0.47344717513852147,-0.35852274313953542,1,0.11492443199898605
461,5000,RS,-0.45362318634410481,-0.38638332827614064,1,0.067239858067964176
461,10000,PI,-0.45479273767668937,-0.37210708208789101,1,0.082685655588798368
461,10000,Boot,-0.45262499386381905,-0.37749006357512332,1,0.075134930288695723
461,10000,RS,-0.432059570400319,-0.39484024936426138,0,0.037219321036057629
462,500,PI,-0.9477061930831413,-0.4473676693780867,0,0.50033852370505461
462,500,Boot,-0.89042847912933909,-0.46386914860705258,0,0.42655933052228651
462,500,RS,-0.79490790707177938,-0.60016595538944861,0,0.19474195168233077
462,1000,PI,-0.67730737685343589,-0.39352584338474528,1,0.28378153346869062
462,1000,Boot,-0.63718223050166789,-0.38732722767225419,1,0.2498550028294137
462,1000,RS,-0.80003531346655143,-0.27079790677162979,1,0.5292374066949217
462,2000,PI,-0.55936411521362284,-0.36957033718539906,1,0.18979377802822378
462,2000,Boot,-0.54330163717980162,-0.3588096535431729,1,0.18449198363662872
462,2000,RS,-0.63508284906104606,-0.29385160333797583,1,0.34123124572307023
462,5000,PI,-0.49892949823169819,-0.38120881833800535,1,0.11772067989369284
462,5000,Boot,-0.49200024582916946,-0.37514086997596902,1,0.11685937585320044
462,5000,RS,-0.49699848108550809,-0.38313983548419545,1,0.11385864560131265
462,10000,PI,-0.48190094603989897,-0.3998567504960775,1,0.082044195543821474
462,10000,Boot,-0.47678806160243409,-0.39405273119583983,1,0.082735330406594254
462,10000,RS,-0.4609076124571066,-0.42085008407886987,1,0.040057528378236729
463,500,PI,-0.4406834071026644,-0.019010679927736834,0,0.42167272717492754
463,500,Boot,-0.40156472774125423,-0.011770622869616443,0,0.38979410487163779
463,500,RS,-0.29812117133010896,-0.16157291570029222,0,0.13654825562981673
463,1000,PI,-0.51970935458399881,-0.2360391360330592,1,0.2836702185509396
463,1000,Boot,-0.52144862770055189,-0.21941081891170794,1,0.30203780878884395
463,1000,RS,-0.62666075623859796,-0.12908773437846011,1,0.49757302186013785
463,2000,PI,-0.50094043510992448,-0.31064436611930296,1,0.19029606899062151
463,2000,Boot,-0.50424527276597098,-0.30466095054770115,1,0.19958432221826983
463,2000,RS,-0.5241578946455101,-0.28742690658371733,1,0.23673098806179277
463,5000,PI,-0.48787363968192643,-0.36952292186136182,1,0.11835071782056461
463,5000,Boot,-0.48566700527290307,-0.36869876742469176,1,0.11696823784821131
463,5000,RS,-0.50402110462788152,-0.35337545691540673,1,0.1506456477124748
463,10000,PI,-0.46399179094629889,-0.380452559573843,1,0.083539231372455891
463,10000,Boot,-0.46680271616330493,-0.3737241021187005,1,0.093078614044604435
463,10000,RS,-0.45633597088196021,-0.38810837963818168,1,0.068227591243778529
464,500,PI,-0.69894783475457212,-0.26279197699311846,1,0.43615585776145366
464,500,Boot,-0.66017998639273645,-0.27755921238942971,1,0.38262077400330674
464,500,RS,-0.5806606325608592,-0.38107917918683148,1,0.19958145337402772
464,1000,PI,-0.60900376194826344,-0.31833231591036515,1,0.2906714460378983
464,1000,Boot,-0.58793136178522654,-0.3204466623812664,1,0.26748469940396014
464,1000,RS,-0.51639638129593823,-0.41093969656269036,1,0.10545668473324787
464,2000,PI,-0.54114374145174482,-0.3459516081963297,1,0.19519213325541512
464,2000,Boot,-0.5311319343130676,-0.32363997337822625,1,0.20749196093484135
464,2000,RS,-0.49524763779473985,-0.39184771185333472,1,0.10339992594140512
464,5000,PI,-0.47925062351693143,-0.36083308460031188,1,0.11841753891661955
464,5000,Boot,-0.47368729369451729,-0.35469635699527435,1,0.11899093669924293
464,5000,RS,-0.45921547176730149,-0.38086823634994182,1,0.078347235417359662
464,10000,PI,-0.46763400222518126,-0.38423476624444308,1,0.083399235980738173
464,10000,Boot,-0.46387489439767138,-0.3786296802669416,1,0.085245214130729774
464,10000,RS,-0.44630023739363794,-0.40556853107598639,0,0.04073170631765155
465,500,PI,-0.71675300021615473,-0.24161363855953055,1,0.47513936165662418
465,500,Boot,-0.65214335615574437,-0.23523730114148972,1,0.41690605501425465
465,500,RS,-0.56116212608105775,-0.39720451269462753,1,0.16395761338643022
465,1000,PI,-0.57137831857225785,-0.28909807635091167,1,0.28228024222134618
465,1000,Boot,-0.57082113457077366,-0.25495344264535102,1,0.31586769192542263
465,1000,RS,-0.51003775825039521,-0.35043863667277425,1,0.15959912157762096
465,2000,PI,-0.52497686294102197,-0.33029061548562538,1,0.19468624745539659
465,2000,Boot,-0.51681502972740168,-0.32040039434396095,1,0.19641463538344073
465,2000,RS,-0.47129436906221245,-0.38397310936443496,1,0.087321259697777487
465,5000,PI,-0.48930940596110117,-0.37130354984464398,1,0.1180058561164572
465,5000,Boot,-0.48828319809006088,-0.37344145620978586,1,0.11484174188027502
465,5000,RS,-0.45553534182557848,-0.40507761398016667,1,0.050457727845411804
465,10000,PI,-0.48661063023815082,-0.40296547262144505,1,0.083645157616705768
465,10000,Boot,-0.48825280274226673,-0.39931970154087681,1,0.088933101201389919
465,10000,RS,-0.47866799108682484,-0.41090811177277103,1,0.067759879314053806
466,500,PI,-0.84846212898526074,-0.32651486094158416,1,0.52194726804367653
466,500,Boot,-0.76765213059331527,-0.31359629491387447,1,0.4540558356794408
466,500,RS,-1.0080827210848056,-0.16689426884203928,1,0.84118845224276628
466,1000,PI,-0.64464596746289959,-0.34277196089718309,1,0.3018740065657165
466,1000,Boot,-0.63624967055040249,-0.33847418600540058,1,0.29777548454500191
466,1000,RS,-0.71435290637278015,-0.27306502198730254,1,0.44128788438547761
466,2000,PI,-0.63166233299876884,-0.42759334135376587,1,0.20406899164500297
466,2000,Boot,-0.625620597568462,-0.41557174789775786,1,0.21004884967070414
466,2000,RS,-0.60935456815301614,-0.44990110619951862,0,0.15945346195349752
466,5000,PI,-0.52711308145989499,-0.40482664255426082,1,0.12228643890563418
466,5000,Boot,-0.52924975630309912,-0.40327195558594542,1,0.1259778007171537
466,5000,RS,-0.54926273149570382,-0.382676992518452,1,0.16658573897725182
466,10000,PI,-0.51460944360942507,-0.42956321320965996,1,0.08504623039976511
466,10000,Boot,-0.51035639574058245,-0.42901027921761203,1,0.081346116522970413
466,10000,RS,-0.50014145748909911,-0.44403119932998592,1,0.056110258159113191
467,500,PI,-0.74593490484594627,-0.27767782878991643,1,0.46825707605602984
467,500,Boot,-0.70527103217334175,-0.32238856957995998,1,0.38288246259338177
467,500,RS,-0.8855175254242974,-0.13809520821156529,1,0.74742231721273211
467,1000,PI,-0.63594473597974321,-0.351573049154423,1,0.28437168682532021
467,1000,Boot,-0.62744070168156396,-0.36356455617904782,1,0.26387614550251615
467,1000,RS,-0.67036404587966747,-0.31715373925449875,1,0.35321030662516872
467,2000,PI,-0.56591034984077604,-0.37069858330366023,1,0.19521176653711581
467,2000,Boot,-0.5573735222493833,-0.35342508466156958,1,0.20394843758781372
467,2000,RS,-0.54663209330426821,-0.38997683984016801,1,0.1566552534641002
467,5000,PI,-0.54086210212585384,-0.41972947024702612,1,0.12113263187882772
467,5000,Boot,-0.53550336438728352,-0.42268787001696523,1,0.11281549437031829
467,5000,RS,-0.52869730331282916,-0.43189426906005074,1,0.096803034252778419
467,10000,PI,-0.52020394411084936,-0.43665462703136093,1,0.083549317079488428
467,10000,Boot,-0.51413603910947148,-0.4397590313964963,1,0.074377007712975174
467,10000,RS,-0.49710498182630791,-0.45975358931590238,0,0.037351392510405534
468,500,PI,-0.56192121931367278,-0.096856059338858075,1,0.46506515997481468
468,500,Boot,-0.54440207775668692,-0.095496794075413199,1,0.44890528368127369
468,500,RS,-0.48854712728636684,-0.17023015136616401,1,0.3183169759202028
468,1000,PI,-0.52227740318430149,-0.23355167653347544,1,0.28872572665082608
468,1000,Boot,-0.53561837815265723,-0.22953256441890132,1,0.30608581373375587
468,1000,RS,-0.5072769213353161,-0.24855215838246086,1,0.25872476295285524
468,2000,PI,-0.48396104297728093,-0.28821468421177565,1,0.19574635876550528
468,2000,Boot,-0.47419434004137145,-0.28389226688947966,1,0.19030207315189179
468,2000,RS,-0.44028652131546914,-0.33188920587358745,0,0.10839731544188169
468,5000,PI,-0.46133191207953989,-0.34014249679877734,1,0.12118941528076255
468,5000,Boot,-0.45119559063176506,-0.33863182030329581,1,0.11256377032846926
468,5000,RS,-0.45528153713373493,-0.3461928717445823,1,0.10908866538915263
468,10000,PI,-0.45595982162321502,-0.37217154458022217,1,0.083788277042992854
468,10000,Boot,-0.45761783348975227,-0.36928923226154187,1,0.088328601228210402
468,10000,RS,-0.44635633440056943,-0.38177503180286776,0,0.064581302597701673
469,500,PI,-0.73898837412397578,-0.26910486733511818,1,0.4698835067888576
469,500,Boot,-0.70433282745548298,-0.27746997437635179,1,0.42686285307913119
469,500,RS,-0.54857738860243932,-0.45951585285665464,0,0.089061535745784681
469,1000,PI,-0.67807537324781686,-0.37434062507901195,1,0.30373474816880491
469,1000,Boot,-0.6832961884456672,-0.35883799057646593,1,0.32445819786920127
469,1000,RS,-0.55301896614492785,-0.49939703218190101,0,0.053621933963026835
469,2000,PI,-0.63700066187963722,-0.43126487606061803,1,0.20573578581901919
469,2000,Boot,-0.62541991170414568,-0.42128156558629237,1,0.20413834611785331
469,2000,RS,-0.55165715897699663,-0.51660837896325862,0,0.035048780013738012
469,5000,PI,-0.53138243587600842,-0.40951736681260165,1,0.12186506906340677
469,5000,Boot,-0.52794872640936985,-0.39955149096920856,1,0.12839723544016129
469,5000,RS,-0.5517672195129798,-0.38913258317563026,1,0.16263463633734954
469,10000,PI,-0.484123556216983,-0.40009683730712242,1,0.084026718909860576
469,10000,Boot,-0.47752752600614323,-0.39554415481373012,1,0.081983371192413113
469,10000,RS,-0.51507853303791973,-0.36914186048618569,1,0.14593667255173404
470,500,PI,-0.6312006469195619,-0.15037788244119626,1,0.48082276447836564
470,500,Boot,-0.59731653797743889,-0.15823949207176755,1,0.43907704590567131
470,500,RS,-0.5746646691743228,-0.2069138601864354,1,0.36775080898788737
470,1000,PI,-0.59624787728991846,-0.30874528254628192,1,0.28750259474363654
470,1000,Boot,-0.5953379721500256,-0.31256676818427398,1,0.28277120396575162
470,1000,RS,-0.56086770927242702,-0.34412545056377331,1,0.21674225870865371
470,2000,PI,-0.55142522049403575,-0.35812827541361686,1,0.19329694508041889
470,2000,Boot,-0.54404256909245696,-0.35985152601304921,1,0.18419104307940776
470,2000,RS,-0.49757958215632792,-0.41197391375132464,1,0.085605668405003277
470,5000,PI,-0.52192056148298149,-0.40369134272652291,1,0.11822921875645859
470,5000,Boot,-0.52649743518195424,-0.40106857019705333,1,0.12542886498490091
470,5000,RS,-0.52474004888666237,-0.40087185532284209,1,0.12386819356382028
470,10000,PI,-0.50202287128606837,-0.4176812538008311,1,0.084341617485237275
470,10000,Boot,-0.50567075872282152,-0.4177501081854329,1,0.087920650537388623
470,10000,RS,-0.50860429023859599,-0.41109983484830348,1,0.09750445539029251
471,500,PI,-0.52439336976785722,-0.1035467498717878,1,0.42084661989606942
471,500,Boot,-0.50135200571214744,-0.14694519885651497,1,0.35440680685563247
471,500,RS,-0.53594694697041001,-0.09199317266923504,1,0.443953774301175
471,1000,PI,-0.56084139921053877,-0.28015527441542643,1,0.28068612479511235
471,1000,Boot,-0.5505374789476265,-0.27443839310577312,1,0.27609908584185339
471,1000,RS,-0.62731048970753256,-0.21368618391843267,1,0.41362430578909992
471,2000,PI,-0.50835871180227599,-0.31631585473935958,1,0.19204285706291641
471,2000,Boot,-0.50931990751325007,-0.31272656750907657,1,0.1965933400041735
471,2000,RS,-0.470626031814671,-0.35404853472696463,1,0.11657749708770637
471,5000,PI,-0.51283971908658577,-0.39334343705126806,1,0.1194962820353177
471,5000,Boot,-0.51152966931848554,-0.3853152162639133,1,0.12621445305457224
471,5000,RS,-0.51629004245276433,-0.3898931136850895,1,0.12639692876767483
471,10000,PI,-0.49269761599779077,-0.40945056477350167,1,0.083247051224289104
471,10000,Boot,-0.49530667609865747,-0.40392274287136681,1,0.091383933227290659
471,10000,RS,-0.47851914211552737,-0.42362903865576507,1,0.054890103459762307
472,500,PI,-0.44982433210791906,-0.016935170200012756,1,0.43288916190790627
472,500,Boot,-0.40968709588900704,-0.026186713112076876,0,0.38350038277693016
472,500,RS,-0.42374314855064926,-0.043016353757282577,0,0.38072679479336669
472,1000,PI,-0.48691287925841087,-0.20942228855978848,1,0.27749059069862236
472,1000,Boot,-0.46504411196729611,-0.20642760197551591,1,0.25861650999178021
472,1000,RS,-0.54006696643203067,-0.15626820138616868,1,0.38379876504586197
472,2000,PI,-0.48477863511863367,-0.29792320351171081,1,0.18685543160692286
472,2000,Boot,-0.47559874154466553,-0.29939511750537151,1,0.17620362403929402
472,2000,RS,-0.54206886332433124,-0.24063297530601327,1,0.301435888018318
472,5000,PI,-0.51447023486714472,-0.39532870474731463,1,0.11914153011983009
472,5000,Boot,-0.51429327101603872,-0.39537272256087802,1,0.1189205484551607
472,5000,RS,-0.57110685641715464,-0.33869208319730476,1,0.23241477321984988
472,10000,PI,-0.48012287268264703,-0.39724688679514158,1,0.082875985887505443
472,10000,Boot,-0.47802533459862379,-0.39309993020829626,1,0.08492540439032753
472,10000,RS,-0.47451054800619985,-0.40285921147158876,1,0.071651336534611088
473,500,PI,-0.53224946222667557,-0.096286895936208983,1,0.43596256629046659
473,500,Boot,-0.50622650403549341,-0.12160002099584211,1,0.3846264830396513
473,500,RS,-0.41939587954878205,-0.20914047861410251,0,0.21025540093467954
473,1000,PI,-0.52184115003041998,-0.2407751177860078,1,0.28106603224441218
473,1000,Boot,-0.50462989466385655,-0.22959587576828339,1,0.27503401889557316
473,1000,RS,-0.48387672276137783,-0.27873954505504994,1,0.20513717770632789
473,2000,PI,-0.47887365456893732,-0.2903379551925252,1,0.18853569937641212
473,2000,Boot,-0.48081453360680554,-0.28596559896297019,1,0.19484893464383535
473,2000,RS,-0.45360764611493748,-0.31560396364652504,1,0.13800368246841244
473,5000,PI,-0.48081816575909186,-0.36228840222800263,1,0.11852976353108924
473,5000,Boot,-0.47963430846475208,-0.36934613438712061,1,0.11028817407763147
473,5000,RS,-0.49242267855050237,-0.35068388943659212,1,0.14173878911391025
473,10000,PI,-0.48935633169368642,-0.40751792368900541,1,0.081838408004681007
473,10000,Boot,-0.48647186551437233,-0.40981574967967832,1,0.076656115834694005
473,10000,RS,-0.51292151273183084,-0.38395274265086093,1,0.12896877008096991
474,500,PI,-0.55146797239100731,-0.073241561085612056,1,0.47822641130539523
474,500,Boot,-0.54247998017240096,-0.094417649519882713,1,0.44806233065251821
474,500,RS,-0.40826423242325272,-0.21644530105336665,0,0.19181893136988606
474,1000,PI,-0.52971967830256461,-0.22650077083281334,1,0.30321890746975128
474,1000,Boot,-0.52702356889027846,-0.22436732518735272,1,0.30265624370292576
474,1000,RS,-0.47843214861467087,-0.27778830052070702,1,0.20064384809396385
474,2000,PI,-0.47001735600514827,-0.26903050331150324,1,0.20098685269364502
474,2000,Boot,-0.4599930088249834,-0.25960386820572057,1,0.20038914061926283
474,2000,RS,-0.40514457688790706,-0.33390328242874445,0,0.071241294459162607
474,5000,PI,-0.53172854975874173,-0.40842268234394219,1,0.12330586741479954
474,5000,Boot,-0.51944138739673185,-0.40610548236554,1,0.11333590503119184
474,5000,RS,-0.62503243391305552,-0.31511879818962835,1,0.30991363572342717
474,10000,PI,-0.53191194336129854,-0.44540208116242852,1,0.086509862198870024
474,10000,Boot,-0.52542466445337455,-0.44446488250346916,1,0.080959781949905385
474,10000,RS,-0.56375935501944585,-0.41355466950428121,1,0.15020468551516464
475,500,PI,-0.94156161642834579,-0.31740542832490209,1,0.62415618810344364
475,500,Boot,-0.81505961844867658,-0.33298722508482681,1,0.48207239336384977
475,500,RS,-0.76370054447406099,-0.49526650027918695,0,0.26843404419487404
475,1000,PI,-0.62716801611855644,-0.29714096174682242,1,0.33002705437173402
475,1000,Boot,-0.60441358647018684,-0.28841242897587749,1,0.31600115749430935
475,1000,RS,-0.78632020642070277,-0.13798877144467603,1,0.64833143497602674
475,2000,PI,-0.57185879702475306,-0.36604219590049858,1,0.20581660112425448
475,2000,Boot,-0.56717329011040296,-0.35674759021248131,1,0.21042569989792165
475,2000,RS,-0.60097220985780053,-0.33692878306745117,1,0.26404342679034937
475,5000,PI,-0.52836428500424715,-0.40912645271705772,1,0.11923783228718943
475,5000,Boot,-0.52458037610987229,-0.40391548955713874,1,0.12066488655273355
475,5000,RS,-0.50943673600294437,-0.42805400171836056,1,0.081382734284583813
475,10000,PI,-0.48041170976606584,-0.3975984200984386,1,0.082813289667627243
475,10000,Boot,-0.47623440944137568,-0.39652879807394692,1,0.079705611367428764
475,10000,RS,-0.51107625127455281,-0.36693387858995158,1,0.14414237268460123
476,500,PI,-0.6306945983944815,-0.23040773255290781,1,0.40028686584157369
476,500,Boot,-0.60452975736103276,-0.20980152796859644,1,0.39472822939243635
476,500,RS,-0.50133716901373249,-0.35976516193365687,1,0.14157200708007561
476,1000,PI,-0.61690467385824788,-0.33895579739864601,1,0.27794887645960187
476,1000,Boot,-0.60514212254785971,-0.32497614498673139,1,0.28016597756112832
476,1000,RS,-0.54578539942527793,-0.41007507183161596,1,0.13571032759366197
476,2000,PI,-0.57309470079919733,-0.38141015958530861,1,0.19168454121388873
476,2000,Boot,-0.54814763359044549,-0.38515540617784327,1,0.16299222741260222
476,2000,RS,-0.52350548025359067,-0.43099938013091532,1,0.09250610012267535
476,5000,PI,-0.55108464250586708,-0.43004862789341386,1,0.12103601461245322
476,5000,Boot,-0.55015786901991204,-0.43477099783366496,1,0.11538687118624708
476,5000,RS,-0.56093307317403407,-0.42020019722524693,1,0.14073287594878714
476,10000,PI,-0.4748925814339281,-0.39131344921014155,1,0.083579132223786545
476,10000,Boot,-0.47726139411703461,-0.39486160516378016,1,0.082399788953254449
476,10000,RS,-0.5543199752684157,-0.31188605537565395,1,0.24243391989276175
477,500,PI,-0.6678281492041841,-0.20943229720623438,1,0.45839585199794974
477,500,Boot,-0.61970516817952725,-0.20050037693471867,1,0.41920479124480858
477,500,RS,-0.58415497518814208,-0.29310547122227643,1,0.29104950396586565
477,1000,PI,-0.57745241020730176,-0.27914199014251045,1,0.2983104200647913
477,1000,Boot,-0.55166120607776936,-0.25273747900611521,1,0.29892372707165416
477,1000,RS,-0.48107165948300129,-0.37552274086681087,1,0.10554891861619042
477,2000,PI,-0.48688263833821904,-0.28774442987866061,1,0.19913820845955843
477,2000,Boot,-0.49051855722242493,-0.28650729425094068,1,0.20401126297148425
477,2000,RS,-0.46519330627022326,-0.30943376194665639,1,0.15575954432356687
477,5000,PI,-0.52373561655855549,-0.40019946116751592,1,0.12353615539103957
477,5000,Boot,-0.52253538412765765,-0.39124892293666946,1,0.13128646119098819
477,5000,RS,-0.57098630570056041,-0.35294877202551106,1,0.21803753367504936
477,10000,PI,-0.51777741453124615,-0.4327503131440506,1,0.085027101387195547
477,10000,Boot,-0.52166914758812566,-0.43439098861628156,1,0.0872781589718441
477,10000,RS,-0.53268756838301712,-0.41784015929227952,1,0.1148474090907376
478,500,PI,-0.762620180869788,-0.18684997539862946,1,0.57577020547115854
478,500,Boot,-0.71662944295908193,-0.23035686071895714,1,0.48627258224012482
478,500,RS,-0.63465534750959463,-0.31481480875882284,1,0.31984053875077179
478,1000,PI,-0.65978962253906515,-0.34221012486293251,1,0.31757949767613264
478,1000,Boot,-0.64628511819441303,-0.33369274129097304,1,0.31259237690343999
478,1000,RS,-0.61203593234922371,-0.389963815052774,1,0.22207211729644971
478,2000,PI,-0.58803638032306726,-0.37957647830662922,1,0.20845990201643805
478,2000,Boot,-0.57235488447684557,-0.36734056933726011,1,0.20501431513958546
478,2000,RS,-0.54483351520064061,-0.42277934342905588,1,0.12205417177158473
478,5000,PI,-0.54794865374794155,-0.42397302634734579,1,0.12397562740059576
478,5000,Boot,-0.53812867020948829,-0.42722177472779221,1,0.11090689548169608
478,5000,RS,-0.51068531500497438,-0.46123636509031302,0,0.049448949914661366
478,10000,PI,-0.48106338633628698,-0.39718259303256842,1,0.083880793303718559
478,10000,Boot,-0.47471114211292953,-0.38888083854168748,1,0.08583030357124205
478,10000,RS,-0.52108492802622119,-0.35716105134263421,1,0.16392387668358699
479,500,PI,-0.73986852436751738,-0.2397413205629802,1,0.50012720380453723
479,500,Boot,-0.72599417485630047,-0.23446310363133349,1,0.49153107122496698
479,500,RS,-0.6020186404952409,-0.37759120443525662,1,0.22442743605998428
479,1000,PI,-0.4967475729374764,-0.20861705018690427,1,0.28813052275057216
479,1000,Boot,-0.47592221512715799,-0.21759250253303747,1,0.25832971259412052
479,1000,RS,-0.57774822594605801,-0.12761639717832257,1,0.45013182876773544
479,2000,PI,-0.540622351905238,-0.34847182088269563,1,0.19215053102254237
479,2000,Boot,-0.53114759846966964,-0.34895787197341049,1,0.18218972649625914
479,2000,RS,-0.62978836511924952,-0.25930580766868411,1,0.37048255745056541
479,5000,PI,-0.44560584626511301,-0.32567420692066984,0,0.11993163934444317
479,5000,Boot,-0.43871837471615899,-0.32698101048289074,0,0.11173736423326824
479,5000,RS,-0.45404938789880495,-0.31723066528697791,1,0.13681872261182704
479,10000,PI,-0.47018811174312847,-0.38542802397569831,1,0.084760087767430159
479,10000,Boot,-0.46637861473307007,-0.38273921487539037,1,0.083639399857679708
479,10000,RS,-0.51945618519997061,-0.33615995051885611,1,0.1832962346811145
480,500,PI,-0.50436031827371752,-0.018640556121633844,1,0.48571976215208368
480,500,Boot,-0.46687507194062594,-0.00385639237798302,1,0.46301867956264292
480,500,RS,-0.32387592938006804,-0.19912494501528333,0,0.12475098436478471
480,1000,PI,-0.51623409575914614,-0.22911891922215374,1,0.28711517653699237
480,1000,Boot,-0.49304100329369649,-0.19618771047214195,1,0.29685329282155454
480,1000,RS,-0.5703176346085489,-0.17503538037275101,1,0.39528225423579788
480,2000,PI,-0.49202867922722165,-0.29804059258644006,1,0.1939880866407816
480,2000,Boot,-0.50388761774135005,-0.28454370785621103,1,0.21934390988513902
480,2000,RS,-0.47761426375871735,-0.31245500805494436,1,0.16515925570377299
480,5000,PI,-0.50557021803701618,-0.38519865157627198,1,0.12037156646074421
480,5000,Boot,-0.50328129319244963,-0.38735283120002068,1,0.11592846199242895
480,5000,RS,-0.55388875110774372,-0.33688011850554445,1,0.21700863260219927
480,10000,PI,-0.48545526219509821,-0.4009978592663625,1,0.084457402928735714
480,10000,Boot,-0.48324692270455255,-0.39654699203258775,1,0.086699930671964798
480,10000,RS,-0.48099472236725233,-0.40545839909420839,1,0.075536323273043937
481,500,PI,-0.66710098077809021,-0.14825787017079262,1,0.5188431106072976
481,500,Boot,-0.65167189885355215,-0.15984120073240707,1,0.4918306981211451
481,500,RS,-0.50236352950858687,-0.3129953214402959,1,0.18936820806829097
481,1000,PI,-0.54077123072659328,-0.23870198563742354,1,0.30206924508916977
481,1000,Boot,-0.54170836418155277,-0.22675338387505065,1,0.31495498030650215
481,1000,RS,-0.43899405498296251,-0.34047916138105427,0,0.098514893601908238
481,2000,PI,-0.58883292330917292,-0.37730356369964063,1,0.21152935960953229
481,2000,Boot,-0.57754079661394175,-0.36874808155166044,1,0.20879271506228131
481,2000,RS,-0.64248830135048762,-0.32364818565832587,1,0.31884011569216175
481,5000,PI,-0.55646365319790492,-0.42844247890467158,1,0.12802117429323334
481,5000,Boot,-0.55824038367205631,-0.42750572469890274,1,0.13073465897315356
481,5000,RS,-0.55464896454485924,-0.43025716755771726,1,0.12439179698714198
481,10000,PI,-0.51513904566174873,-0.4273665508855819,1,0.087772494776166832
481,10000,Boot,-0.51643164646966078,-0.41728925953774093,1,0.099142386931919846
481,10000,RS,-0.50786417548232066,-0.43464142106500997,1,0.073222754417310687
482,500,PI,-0.73011932666735235,-0.25955830296473892,1,0.47056102370261343
482,500,Boot,-0.6866855056956026,-0.2600697084629498,1,0.4266157972326528
482,500,RS,-0.58818015290333525,-0.40149747672875602,1,0.18668267617457923
482,1000,PI,-0.58243777449414702,-0.28983913737498579,1,0.29259863711916123
482,1000,Boot,-0.55396550017390189,-0.27532911828598844,1,0.27863638188791345
482,1000,RS,-0.51359351630639949,-0.35868339556273332,1,0.15491012074366617
482,2000,PI,-0.54396068066532122,-0.35091221128453337,1,0.19304846938078785
482,2000,Boot,-0.54274553108166401,-0.33397822811198097,1,0.20876730296968304
482,2000,RS,-0.48175824167162551,-0.41311465027822902,1,0.068643591393396486
482,5000,PI,-0.50742678248163509,-0.39236725348704721,1,0.11505952899458788
482,5000,Boot,-0.5033867169140126,-0.3759144145003453,1,0.1274723024136673
482,5000,RS,-0.4780673056034962,-0.42172673036518604,1,0.056340575238310153
482,10000,PI,-0.49976532432027987,-0.41764831788489443,1,0.082117006435385442
482,10000,Boot,-0.4990145391978546,-0.41229718427331508,1,0.086717354924539525
482,10000,RS,-0.48856190459930576,-0.42885173760586853,1,0.05971016699343723
483,500,PI,-0.74284520733093651,-0.23210964603787843,1,0.51073556129305808
483,500,Boot,-0.68550763975147422,-0.25345616751086092,1,0.4320514722406133
483,500,RS,-0.6981480377250685,-0.27680681564374643,1,0.42134122208132208
483,1000,PI,-0.4877203392784023,-0.1936967110989963,1,0.29402362817940597
483,1000,Boot,-0.47401623010399085,-0.18164652119708596,1,0.29236970890690489
483,1000,RS,-0.5969537161713987,-0.08446333420599994,1,0.51249038196539876
483,2000,PI,-0.49471596888764408,-0.29661723856086203,1,0.19809873032678205
483,2000,Boot,-0.49763970167048266,-0.29009137687880737,1,0.20754832479167529
483,2000,RS,-0.52444405313464015,-0.26688915431386595,1,0.2575548988207742
483,5000,PI,-0.47691115610843882,-0.35830904683450226,1,0.11860210927393655
483,5000,Boot,-0.47091722410783954,-0.34845662155572449,1,0.12246060255211505
483,5000,RS,-0.47850623298251516,-0.35671396996042593,1,0.12179226302208923
483,10000,PI,-0.48052665471945771,-0.39664708914632824,1,0.083879565573129478
483,10000,Boot,-0.47552239005700431,-0.3919140434414165,1,0.083608346615587803
483,10000,RS,-0.48938477833397132,-0.38778896553181463,1,0.10159581280215668
484,500,PI,-0.60492521055895665,-0.11352169884944138,1,0.49140351170951524
484,500,Boot,-0.56676117578847074,-0.10401773641730117,1,0.46274343937116957
484,500,RS,-0.43374553146567402,-0.28470137794272404,0,0.14904415352294997
484,1000,PI,-0.52448068295567074,-0.22837509746968282,1,0.29610558548598792
484,1000,Boot,-0.52695521512682497,-0.19421526411707549,1,0.33273995100974951
484,1000,RS,-0.41848694826348826,-0.33436883216186536,0,0.084118116101622897
484,2000,PI,-0.50071988191807437,-0.30656177710894555,1,0.19415810480912882
484,2000,Boot,-0.50479530042618637,-0.29292344745708665,1,0.21187185296909972
484,2000,RS,-0.48421625402702595,-0.32306540499999392,1,0.16115084902703203
484,5000,PI,-0.49984185082731375,-0.38003711173005722,1,0.11980473909725653
484,5000,Boot,-0.50093552361877414,-0.37573457666635679,1,0.12520094695241735
484,5000,RS,-0.5199118918827107,-0.35996707067466033,1,0.15994482120805037
484,10000,PI,-0.49595212967388808,-0.41132979857267143,1,0.084622331101216641
484,10000,Boot,-0.48759201460376395,-0.40624676867390902,1,0.081345245929854926
484,10000,RS,-0.50079977026409772,-0.40648215798246179,1,0.094317612281635932
485,500,PI,-0.64714340992263242,-0.1657201137666634,1,0.48142329615596902
485,500,Boot,-0.61506898963256629,-0.1938645741903155,1,0.42120441544225079
485,500,RS,-0.52777256622437663,-0.28509095746491919,1,0.24268160875945743
485,1000,PI,-0.58582708516937576,-0.30148654024157306,1,0.2843405449278027
485,1000,Boot,-0.58554328731976679,-0.29822550109876766,1,0.28731778622099913
485,1000,RS,-0.53591020303317827,-0.35140342237777061,1,0.18450678065540765
485,2000,PI,-0.54208057082928074,-0.34577692108883928,1,0.19630364974044145
485,2000,Boot,-0.54234923812142544,-0.330242250992141,1,0.21210698712928444
485,2000,RS,-0.53065215701711277,-0.35720533490100725,1,0.17344682211610551
485,5000,PI,-0.508438720260878,-0.38713267911664345,1,0.12130604114423454
485,5000,Boot,-0.50735080389640896,-0.38739568647480899,1,0.11995511742159998
485,5000,RS,-0.49189405289574017,-0.40367734648178122,1,0.088216706413958956
485,10000,PI,-0.48166036266639622,-0.39734582106632521,1,0.084314541600071014
485,10000,Boot,-0.47572007410562761,-0.40264629472109015,1,0.073073779384537463
485,10000,RS,-0.45814946093937459,-0.42085672279334685,1,0.037292738146027737
486,500,PI,-0.74453316528539637,-0.29063492525969298,1,0.45389824002570339
486,500,Boot,-0.71105556122095093,-0.30717378305385368,1,0.40388177816709725
486,500,RS,-0.81655768037401,-0.21861041017107929,1,0.5979472702029307
486,1000,PI,-0.58393165344131193,-0.28695672792339899,1,0.29697492551791294
486,1000,Boot,-0.55896186399270831,-0.28365490272754568,1,0.27530696126516263
486,1000,RS,-0.61191381668815459,-0.25897456467655633,1,0.35293925201159826
486,2000,PI,-0.4790917654752066,-0.28586951357590062,1,0.19322225189930597
486,2000,Boot,-0.47263247645578976,-0.28509718932017891,1,0.18753528713561085
486,2000,RS,-0.49461440422028879,-0.27034687483081843,1,0.22426752938947037
486,5000,PI,-0.47762242347383244,-0.35880819024450417,1,0.11881423322932827
486,5000,Boot,-0.48208291503559764,-0.34502810854959165,1,0.13705480648600599
486,5000,RS,-0.46754216323404063,-0.36888845048429597,1,0.09865371274974466
486,10000,PI,-0.46127527500738663,-0.37810883103931237,1,0.083166443968074266
486,10000,Boot,-0.45683168647084532,-0.37204628126649275,1,0.084785405204352571
486,10000,RS,-0.44091287615673241,-0.39847122988996658,0,0.042441646266765831
487,500,PI,-0.69396664780652439,-0.2340779796063566,1,0.45988866820016783
487,500,Boot,-0.68367794014926075,-0.27107213299682548,1,0.41260580715243528
487,500,RS,-0.54795541761608302,-0.380089209796798,1,0.16786620781928502
487,1000,PI,-0.67095688715510149,-0.37972868024745332,1,0.29122820690764817
487,1000,Boot,-0.68059888121544498,-0.3757590064202182,1,0.30483987479522678
487,1000,RS,-0.61900265773922591,-0.4316829096633289,1,0.18731974807589702
487,2000,PI,-0.57499021040767728,-0.38168092595581371,1,0.19330928445186357
487,2000,Boot,-0.58166133415014076,-0.36998152104460208,1,0.21167981310553868
487,2000,RS,-0.54072540428532045,-0.41594573207817059,1,0.12477967220714986
487,5000,PI,-0.48617716152544804,-0.36614288652759824,1,0.1200342749978498
487,5000,Boot,-0.48643408994349258,-0.36233666822091204,1,0.12409742172258054
487,5000,RS,-0.49398100744790813,-0.35833904060513816,1,0.13564196684276997
487,10000,PI,-0.45835974250018408,-0.37558675048427859,1,0.082772992015905489
487,10000,Boot,-0.45359744898231719,-0.37684379121812028,1,0.076753657764196903
487,10000,RS,-0.46492726790347033,-0.36901922508099233,1,0.095908042822478001
488,500,PI,-0.75855135307431731,-0.24260487681567411,1,0.51594647625864321
488,500,Boot,-0.67593807781571591,-0.27253545027912651,1,0.4034026275365894
488,500,RS,-0.6960883911949447,-0.30506783869504667,1,0.39102055249989803
488,1000,PI,-0.64532575979150808,-0.33215504633655785,1,0.31317071345495023
488,1000,Boot,-0.62402802423406944,-0.31967868399107524,1,0.3043493402429942
488,1000,RS,-0.55036337299896232,-0.42711743312910366,1,0.12324593986985866
488,2000,PI,-0.589261680621468,-0.3855969129011344,1,0.20366476772033359
488,2000,Boot,-0.58156391777186389,-0.37647375733956251,1,0.20509016043230138
488,2000,RS,-0.5118851996963889,-0.46297339382621344,0,0.048911805870175462
488,5000,PI,-0.53760792740897489,-0.41325114621761971,1,0.12435678119135518
488,5000,Boot,-0.53041601088817836,-0.39679766115509452,1,0.13361834973308384
488,5000,RS,-0.51137003447269791,-0.4394890391538967,1,0.071880995318801211
488,10000,PI,-0.52191783234757383,-0.4360425519291507,1,0.085875280418423128
488,10000,Boot,-0.50928173086876538,-0.42827277204160347,1,0.081008958827161914
488,10000,RS,-0.50098636544005737,-0.45697401883666722,0,0.044012346603390151
489,500,PI,-0.84941903467133173,-0.30283907792295817,1,0.54657995674837356
489,500,Boot,-0.79822335606753936,-0.29273310224552168,1,0.50549025382201762
489,500,RS,-0.70143907585525311,-0.45081903673903673,0,0.25062003911621639
489,1000,PI,-0.73652301806844378,-0.41312017765025477,1,0.32340284041818901
489,1000,Boot,-0.69727911194320957,-0.40042445629833184,1,0.29685465564487773
489,1000,RS,-0.71906797332996941,-0.4305752223887292,1,0.28849275094124022
489,2000,PI,-0.68683413346783984,-0.47394863738138465,0,0.21288549608645518
489,2000,Boot,-0.67844688982520474,-0.45827006063415665,0,0.22017682919104808
489,2000,RS,-0.63955218561176364,-0.5212305852374608,0,0.11832160037430284
489,5000,PI,-0.54739189020844592,-0.42511202087786287,1,0.12227986933058305
489,5000,Boot,-0.53448423852923566,-0.41963877575332204,1,0.11484546277591362
489,5000,RS,-0.63139263410707969,-0.34111127697922905,1,0.29028135712785064
489,10000,PI,-0.51667394701472746,-0.43243827603966556,1,0.084235670975061905
489,10000,Boot,-0.52061894453210733,-0.42768265784180021,1,0.092936286690307124
489,10000,RS,-0.54189951096250477,-0.40721271209188825,1,0.13468679887061652
490,500,PI,-0.72769013950867012,-0.23506559456285936,1,0.49262454494581076
490,500,Boot,-0.71851527469868948,-0.26738770945727808,1,0.4511275652414114
490,500,RS,-0.6293782921115505,-0.33337744195997898,1,0.29600085015157152
490,1000,PI,-0.58065765413621717,-0.28047077527838282,1,0.30018687885783435
490,1000,Boot,-0.57892266587042318,-0.29804649246779191,1,0.28087617340263127
490,1000,RS,-0.58691638312832806,-0.27421204628627194,1,0.31270433684205612
490,2000,PI,-0.53922809002255867,-0.34787171299174602,1,0.19135637703081265
490,2000,Boot,-0.53726465649788835,-0.35451717693591833,1,0.18274747956197002
490,2000,RS,-0.51957311060441502,-0.36752669240988967,1,0.15204641819452536
490,5000,PI,-0.5208314490953857,-0.40131694041744537,1,0.11951450867794033
490,5000,Boot,-0.51231183826711613,-0.40770792230570574,1,0.10460391596141039
490,5000,RS,-0.49704754149960562,-0.42510084801322545,1,0.071946693486380164
490,10000,PI,-0.49674242205873592,-0.41344666689376636,1,0.083295755164969565
490,10000,Boot,-0.49448895623740285,-0.4125156597892598,1,0.081973296448143051
490,10000,RS,-0.48024537753647917,-0.42994371141602311,1,0.050301666120456057
491,500,PI,-0.62937723918459321,-0.14144262997286713,1,0.48793460921172604
491,500,Boot,-0.61344506630709161,-0.16806698821518681,1,0.44537807809190477
491,500,RS,-0.52119326080348349,-0.24962660835397682,1,0.27156665244950667
491,1000,PI,-0.54024607872920472,-0.24715495102260993,1,0.29309112770659479
491,1000,Boot,-0.54078656391618463,-0.25329692554851768,1,0.28748963836766694
491,1000,RS,-0.44743826846569557,-0.33996276128611902,1,0.10747550717957655
491,2000,PI,-0.50648915018404339,-0.30922772435937435,1,0.19726142582466905
491,2000,Boot,-0.49249377800444033,-0.29468379620351892,1,0.19780998180092141
491,2000,RS,-0.47424119167081125,-0.34147568287260643,1,0.13276550879820481
491,5000,PI,-0.50651995672343064,-0.38201437187874049,1,0.12450558484469015
491,5000,Boot,-0.49917878959027034,-0.38078232236090781,1,0.11839646722936253
491,5000,RS,-0.49883649770147032,-0.38969783090070076,1,0.10913866680076956
491,10000,PI,-0.49097182072904633,-0.40655521632873592,1,0.084416604400310402
491,10000,Boot,-0.48224660658618368,-0.40580164317003453,1,0.076444963416149148
491,10000,RS,-0.50634517521869238,-0.39118186183908993,1,0.11516331337960245
492,500,PI,-0.62268753499322527,-0.099725882126530385,1,0.52296165286669494
492,500,Boot,-0.56379291258527675,-0.12767220142025223,1,0.43612071116502449
492,500,RS,-0.44403182637501232,-0.27838159074474328,0,0.16565023563026904
492,1000,PI,-0.57874702624941798,-0.25899679201885228,1,0.3197502342305657
492,1000,Boot,-0.56250670043312812,-0.28534740096500744,1,0.27715929946812068
492,1000,RS,-0.49294278953843812,-0.34480102872983215,1,0.14814176080860597
492,2000,PI,-0.499146993623173,-0.30050839492513387,1,0.19863859869803913
492,2000,Boot,-0.50573792881291657,-0.29079468778353851,1,0.21494324102937806
492,2000,RS,-0.47041007009070879,-0.32924531845759808,1,0.14116475163311071
492,5000,PI,-0.45876092801705054,-0.33656750664711971,1,0.12219342136993083
492,5000,Boot,-0.46753970302169856,-0.331067092572077,1,0.13647261044962156
492,5000,RS,-0.43687592384723795,-0.3584525108169323,0,0.078423413030305644
492,10000,PI,-0.46608314535919448,-0.38119509246223193,1,0.084888052896962551
492,10000,Boot,-0.46910784234232905,-0.3757937396836441,1,0.09331410265868495
492,10000,RS,-0.48755673721589832,-0.3597215006055281,1,0.12783523661037022
493,500,PI,-0.54962243868416949,-0.12776515418592399,1,0.4218572844982455
493,500,Boot,-0.50961452502615012,-0.15535523498515053,1,0.3542592900409996
493,500,RS,-0.43220707436479927,-0.24518051850529415,0,0.18702655585950512
493,1000,PI,-0.53052377374837145,-0.24873382592047594,1,0.28178994782789551
493,1000,Boot,-0.51030839683794182,-0.2381298478261934,1,0.27217854901174843
493,1000,RS,-0.55427414550945464,-0.2249834541593928,1,0.32929069135006184
493,2000,PI,-0.48005086027493943,-0.28832925430833573,1,0.1917216059666037
493,2000,Boot,-0.46804066131361777,-0.27975423321212262,1,0.18828642810149515
493,2000,RS,-0.45776093371940757,-0.31061918086386758,1,0.14714175285553999
493,5000,PI,-0.48750389906709651,-0.36641532894039314,1,0.12108857012670338
493,5000,Boot,-0.48680192333276173,-0.36372083804258348,1,0.12308108529017825
493,5000,RS,-0.49182860588566424,-0.36209062212182541,1,0.12973798376383883
493,10000,PI,-0.4828424292157702,-0.39948178827882425,1,0.083360640936945951
493,10000,Boot,-0.48164428001450421,-0.39388435757382673,1,0.087759922440677485
493,10000,RS,-0.4834760924383224,-0.39884812505627204,1,0.084627967382050362
494,500,PI,-0.81256169884512297,-0.29185633259880511,1,0.52070536624631791
494,500,Boot,-0.75630986500003561,-0.3001057766263866,1,0.45620408837364901
494,500,RS,-0.60138563094999653,-0.5030324004939315,0,0.098353230456065033
494,1000,PI,-0.76852178285104422,-0.44146029981027546,1,0.32706148304076876
494,1000,Boot,-0.74109672645917435,-0.44827526556570063,0,0.29282146089347372
494,1000,RS,-0.69078939692567476,-0.51919268573564492,0,0.17159671119002984
494,2000,PI,-0.60757232284509954,-0.40215129778817266,1,0.20542102505692689
494,2000,Boot,-0.59628906062161735,-0.39000906194908297,1,0.20627999867253438
494,2000,RS,-0.66665616417166351,-0.34306745646160874,1,0.32358870771005477
494,5000,PI,-0.53672741773509758,-0.40987803180771504,1,0.12684938592738254
494,5000,Boot,-0.53695410635259844,-0.40386370271012023,1,0.13309040364247821
494,5000,RS,-0.5744167334636755,-0.37218871607913717,1,0.20222801738453833
494,10000,PI,-0.5045510304818599,-0.41860130146998908,1,0.085949729011870812
494,10000,Boot,-0.49897310698065378,-0.42231813721968697,1,0.076654969760966807
494,10000,RS,-0.52274924223445551,-0.40040308971739352,1,0.12234615251706199
495,500,PI,-0.64663794269330044,-0.1752730060463969,1,0.47136493664690354
495,500,Boot,-0.63130199152379618,-0.22852385157450139,1,0.40277813994929479
495,500,RS,-0.67504256235869087,-0.14686838638100658,1,0.52817417597768435
495,1000,PI,-0.53625599179483374,-0.2485189906127932,1,0.28773700118204054
495,1000,Boot,-0.5233729009660707,-0.2585655344196785,1,0.2648073665463922
495,1000,RS,-0.47307065284516447,-0.31170432956246241,1,0.16136632328270206
495,2000,PI,-0.52460269376132707,-0.32861650818615673,1,0.19598618557517034
495,2000,Boot,-0.51002613595578394,-0.32159898559259026,1,0.18842715036319369
495,2000,RS,-0.51609105324179816,-0.33712814870568558,1,0.17896290453611258
495,5000,PI,-0.49101859874958143,-0.37085520341866607,1,0.12016339533091536
495,5000,Boot,-0.4860779594915563,-0.36508248174089164,1,0.12099547775066466
495,5000,RS,-0.4589998757196756,-0.4028739264485719,1,0.056125949271103703
495,10000,PI,-0.49789700145245064,-0.41406038937686129,1,0.083836612075589345
495,10000,Boot,-0.49654242487179168,-0.41199276962604781,1,0.084549655245743871
495,10000,RS,-0.50686236127782414,-0.4050950295514878,1,0.10176733172633634
496,500,PI,-0.81319141934142025,-0.31353251605056881,1,0.49965890329085144
496,500,Boot,-0.79856313182866245,-0.35514200025237763,1,0.44342113157628482
496,500,RS,-0.6282223586284561,-0.49850157676353302,0,0.12972078186492308
496,1000,PI,-0.74983245182479141,-0.4378852482863691,1,0.31194720353842231
496,1000,Boot,-0.71562850948965895,-0.4541419244715168,0,0.26148658501814215
496,1000,RS,-0.6513630987316722,-0.53635460137948832,0,0.11500849735218388
496,2000,PI,-0.58189950266850365,-0.384144534671787,1,0.19775496799671666
496,2000,Boot,-0.57710990946167662,-0.39625334034166182,1,0.1808565691200148
496,2000,RS,-0.66901882141143809,-0.29702521592885256,1,0.37199360548258553
496,5000,PI,-0.51363704682996314,-0.39348106240425135,1,0.12015598442571179
496,5000,Boot,-0.51114113043807119,-0.38777988887474701,1,0.12336124156332418
496,5000,RS,-0.55061554503471188,-0.3565025641995026,1,0.19411298083520928
496,10000,PI,-0.45971074665881073,-0.37702509751849034,1,0.082685649140320394
496,10000,Boot,-0.45579374578539594,-0.37723333416303195,1,0.07856041162236399
496,10000,RS,-0.51269332004366397,-0.3240425241336371,1,0.18865079591002687
497,500,PI,-0.72721135082276656,-0.24496300087912584,1,0.48224834994364074
497,500,Boot,-0.70751072733832387,-0.27322258437053781,1,0.43428814296778606
497,500,RS,-0.52906451421897693,-0.44310983748291538,1,0.085954676736061553
497,1000,PI,-0.56869446758572417,-0.2759306102139617,1,0.29276385737176247
497,1000,Boot,-0.54184598279266361,-0.26904779131790318,1,0.27279819147476042
497,1000,RS,-0.50520981858536618,-0.3394152592143197,1,0.16579455937104648
497,2000,PI,-0.50792749457491926,-0.31115339277832665,1,0.1967741017965926
497,2000,Boot,-0.51229864200511233,-0.31148028325899668,1,0.20081835874611564
497,2000,RS,-0.48124655678631012,-0.33783433056693579,1,0.14341222621937433
497,5000,PI,-0.48952054948270207,-0.37055083637677622,1,0.11896971310592586
497,5000,Boot,-0.47878954882860603,-0.36146162538165527,1,0.11732792344695075
497,5000,RS,-0.4697913373061014,-0.39028004855337689,1,0.079511288752724507
497,10000,PI,-0.48496597869672775,-0.40104036913074526,1,0.083925609565982495
497,10000,Boot,-0.48003292936755515,-0.3963134653621424,1,0.083719464005412747
497,10000,RS,-0.47003846391230358,-0.41596788391516942,1,0.054070579997134161
498,500,PI,-0.78579623104763052,-0.24707550844873932,1,0.53872072259889126
498,500,Boot,-0.77460193636729435,-0.2579429397002822,1,0.51665899666701209
498,500,RS,-0.67771758005695504,-0.35515415943941475,1,0.32256342061754029
498,1000,PI,-0.72061795939734896,-0.39117476826641928,1,0.32944319113092968
498,1000,Boot,-0.71240070609264605,-0.38133993100548624,1,0.33106077508715981
498,1000,RS,-0.63879709650892225,-0.472995631154846,0,0.16580146535407625
498,2000,PI,-0.59957832991369797,-0.39158448388058564,1,0.20799384603311233
498,2000,Boot,-0.58748816652037905,-0.39104254722920839,1,0.19644561929117066
498,2000,RS,-0.60487057574217418,-0.38629223805210938,1,0.21857833769006479
498,5000,PI,-0.48545345953558489,-0.36487050674960314,1,0.12058295278598175
498,5000,Boot,-0.48685188381754108,-0.358703987012847,1,0.12814789680469407
498,5000,RS,-0.56674435814707269,-0.28357960813811534,1,0.28316475000895736
498,10000,PI,-0.48261089482571068,-0.39854945615077236,1,0.084061438674938316
498,10000,Boot,-0.47769452169354837,-0.39791473708648528,1,0.079779784607063087
498,10000,RS,-0.48159198500214179,-0.39956836597434126,1,0.082023619027800532
499,500,PI,-0.56801778150970761,-0.097382996233948582,1,0.47063478527575903
499,500,Boot,-0.58398290492733507,-0.14250946806233231,1,0.44147343686500273
499,500,RS,-0.62366468903731409,-0.041736088706342211,1,0.58192860033097182
499,1000,PI,-0.56521514865360045,-0.25509415784950307,1,0.31012099080409739
499,1000,Boot,-0.55508968381548862,-0.24325596575457772,1,0.31183371806091087
499,1000,RS,-0.57219690634738318,-0.24811240015572036,1,0.32408450619166285
499,2000,PI,-0.51118233309261285,-0.30748441517919817,1,0.20369791791341468
499,2000,Boot,-0.5143553532611308,-0.31810278444111789,1,0.19625256882001291
499,2000,RS,-0.45937419615965397,-0.35929255211215699,1,0.10008164404749698
499,5000,PI,-0.48410491339841411,-0.36140708538048361,1,0.1226978280179305
499,5000,Boot,-0.48957711364247025,-0.36751113671148239,1,0.12206597693098786
499,5000,RS,-0.46839303634379315,-0.37711896243510457,1,0.09127407390868858
499,10000,PI,-0.4765898435907947,-0.39099135118465767,1,0.085598492406137039
499,10000,Boot,-0.48738720211730008,-0.39175857953884763,1,0.095628622578452449
499,10000,RS,-0.47171425477467827,-0.3958669400007741,1,0.075847314773904162
500,500,PI,-0.54426139133327334,-0.052334127603527486,1,0.49192726372974582
500,500,Boot,-0.49097869176922448,-0.075061220560702774,1,0.41591747120852174
500,500,RS,-0.377955411190804,-0.21864010774599682,0,0.15931530344480718
500,1000,PI,-0.46860295289533049,-0.17054756743542643,1,0.29805538545990407
500,1000,Boot,-0.4391539922018296,-0.16971186557887866,0,0.26944212662295097
500,1000,RS,-0.35039104838575508,-0.28875947194500184,0,0.061631576440753233
500,2000,PI,-0.50855140399514343,-0.31383399942130641,1,0.19471740457383702
500,2000,Boot,-0.51023228058077175,-0.32035447072171769,1,0.18987780985905406
500,2000,RS,-0.59072684057082037,-0.23165856284562947,1,0.3590682777251909
500,5000,PI,-0.45871897123281491,-0.33727694967305721,1,0.1214420215597577
500,5000,Boot,-0.44583510686447109,-0.33047489128038321,0,0.11536021558408788
500,5000,RS,-0.44279658614749323,-0.35319933475837889,0,0.089597251389114341
500,10000,PI,-0.46086433786464431,-0.37624852040126988,1,0.084615817463374432
500,10000,Boot,-0.45501570802683455,-0.37154656802521818,1,0.083469140001616371
500,10000,RS,-0.45901046823136699,-0.37810239003454721,1,0.080908078196819777
